ID,TID,Author,Report.Year,Title,Publication,Type,Collected.by,Common.Name,Subspecies,Subspecies_shp,Family,DOI or ID,Methods.paragraph,Link,Location.of.population,Indiv.pop.map,Indiv.multiple,Indiv.sum,Latitude,Longitude,Overlap,Use,Units,Units_clean,Scaling,Sampling.method,y1868,y1871,y1873,y1876,y1879,y1881,y1882,y1884,y1885,y1887,y1889,y1891,y1893,y1895,y1897,y1899,y1902,y1904,y1906,y1908,y1909,y1910,y1912,y1913,y1914,y1916,y1917,y1919,y1920,y1922,y1923,y1925,y1926,y1929,y1930,y1932,y1934,y1935,y1936,y1937,y1938,y1939,y1940,y1941,y1942,y1944,y1946,y1947,y1948,y1949,y1950,y1951,y1952,y1953,y1954,y1955,y1956,y1957,y1958,y1959,y1960,y1961,y1962,y1963,y1964,y1965,y1966,y1967,y1968,y1969,y1970,y1971,y1972,y1973,y1974,y1975,y1976,y1977,y1978,y1979,y1980,y1981,y1982,y1983,y1984,y1985,y1986,y1987,y1988,y1989,y1990,y1991,y1992,y1993,y1994,y1995,y1996,y1997,y1998,y1999,y2000,y2001,y2002,y2003,y2004,y2005,y2006,y2007,y2008,y2009,y2010,y2011,y2012,y2013,y2014,y2015,y2016,y2017,y2018,y2019,y2020,y2021,y2022,y2023,y2024
1,P1,Croxall et al,1979,Antarctic seabird and seal monitoring studies,Polar Record,Journal Article,LPI,Antarctic fur seal,Arctocephalus gazella,Arctocephalus gazella,Otariidae,https://doi.org/10.1017/S0032247400002680,,https://www.cambridge.org/core/journals/polar-record/article/antarctic-seabird-and-seal-monitoring-studies/D46B2AC0D5073F3D29671547998339BB,"Bird Island, South Georgia","Bird Island, South Georgia",2,0,-54.00444,-38.05972,yes,yes,Corrected pup count,Pups,4.1,Combination,NA,NA,NA,NA,NA,NA,NA,NA,NA,NA,NA,NA,NA,NA,NA,NA,NA,NA,NA,NA,NA,NA,NA,NA,NA,NA,NA,NA,NA,NA,NA,NA,NA,NA,NA,NA,NA,NA,NA,NA,NA,NA,NA,NA,NA,NA,NA,NA,NA,NA,NA,NA,NA,NA,NA,NA,NA,NA,NA,NA,NA,NA,NA,NA,NA,NA,NA,NA,NA,NA,NA,NA,24777,30780,35970,NA,37813,35868,NA,NA,NA,NA,NA,NA,NA,NA,NA,NA,NA,NA,NA,NA,NA,NA,NA,NA,NA,NA,NA,NA,NA,NA,NA,NA,NA,NA,NA,NA,NA,NA,NA,NA,NA,NA,NA,NA,NA,NA,NA,NA,NA,NA,NA,NA,
2,P2,Croxall et al,1979,Antarctic seabird and seal monitoring studies,Polar Record,Journal Article,LPI,Antarctic fur seal,Arctocephalus gazella,Arctocephalus gazella,Otariidae,https://doi.org/10.1017/S0032247400002680,,https://www.cambridge.org/core/journals/polar-record/article/antarctic-seabird-and-seal-monitoring-studies/D46B2AC0D5073F3D29671547998339BB,"Elsehul Area, South Georgia","Elsehul Area, South Georgia",0,1,-54.01778,-37.97611,no,yes,Corrected pup count,Pups,4.1,Combination,NA,NA,NA,NA,NA,NA,NA,NA,NA,NA,NA,NA,NA,NA,NA,NA,NA,NA,NA,NA,NA,NA,NA,NA,NA,NA,NA,NA,NA,NA,NA,NA,NA,NA,NA,NA,NA,NA,NA,NA,NA,NA,NA,NA,NA,NA,NA,NA,NA,NA,NA,NA,NA,NA,NA,NA,NA,NA,NA,NA,NA,NA,NA,NA,NA,NA,NA,NA,NA,NA,NA,NA,NA,29059,NA,NA,52198,66075,NA,NA,NA,NA,NA,NA,NA,NA,NA,NA,NA,NA,NA,NA,NA,NA,NA,NA,NA,NA,NA,NA,NA,NA,NA,NA,NA,NA,NA,NA,NA,NA,NA,NA,NA,NA,NA,NA,NA,NA,NA,NA,NA,NA,NA,NA,
3,P3,Gerber et al,2001,Catastrophic events and recovery from low densities in populations of otariids: implications for risk of extinction,Mammal Review,Journal Article,LPI,Antarctic fur seal,Arctocephalus gazella,Arctocephalus gazella,Otariidae,https://doi.org/10.1046/j.1365-2907.2001.00081.x,,https://onlinelibrary.wiley.com/doi/10.1046/j.1365-2907.2001.00081.x,Heard Island,Heard Island,0,1,-53,73.5,no,yes,Number of individuals,All Individuals,1,Ground,NA,NA,NA,NA,NA,NA,NA,NA,NA,NA,NA,NA,NA,NA,NA,NA,NA,NA,NA,NA,NA,NA,NA,NA,NA,NA,NA,NA,NA,NA,NA,NA,NA,NA,NA,NA,NA,NA,NA,NA,NA,NA,NA,NA,NA,NA,NA,NA,NA,NA,NA,NA,NA,NA,NA,NA,NA,NA,NA,NA,NA,NA,NA,NA,NA,NA,NA,NA,NA,NA,NA,NA,NA,NA,NA,NA,NA,NA,NA,NA,4500,NA,NA,NA,NA,NA,NA,NA,NA,NA,15000,NA,21280,NA,NA,NA,NA,NA,NA,NA,NA,NA,NA,NA,NA,NA,NA,NA,NA,NA,NA,NA,NA,NA,NA,NA,NA,NA,NA,NA,NA,NA,NA,NA,
4,P4,Forcada et al,2014,Climate change selects for heterozygosity in a declining fur seal population,Nature,Journal Article,UW,Antarctic fur seal,Arctocephalus gazella,Arctocephalus gazella,Otariidae,https://doi.org/10.1038/nature13542,,https://www.nature.com/articles/nature13542,"Bird Island, South Georgia","Bird Island, South Georgia",1,1,-54.00853362,-38.04127789,yes,yes,Breeding Females,Breeding Females,2.84,Ground,NA,NA,NA,NA,NA,NA,NA,NA,NA,NA,NA,NA,NA,NA,NA,NA,NA,NA,NA,NA,NA,NA,NA,NA,NA,NA,NA,NA,NA,NA,NA,NA,NA,NA,NA,NA,NA,NA,NA,NA,NA,NA,NA,NA,NA,NA,NA,NA,NA,NA,NA,NA,NA,NA,NA,NA,NA,NA,NA,NA,NA,NA,NA,NA,NA,NA,NA,NA,NA,NA,NA,NA,NA,NA,NA,NA,NA,NA,NA,NA,NA,NA,717,NA,852,682,856,830,777,760,829,546,720,772,715,589,802,737,541,693,445,697,749,714,766,649,466,766,735,783,270,565,548,NA,NA,NA,NA,NA,NA,NA,NA,NA,NA,NA,
5,P5,Smith,1988,Destruction of Antarctic terrestrial ecosystems by a rapidly increasing fur seal population,Biological Conservation,Journal Article,LPI,Antarctic fur seal,Arctocephalus gazella,Arctocephalus gazella,Otariidae,https://doi.org/10.1016/0006-3207(88)90052-3,,https://www.sciencedirect.com/science/article/pii/0006320788900523,Signy Island,Signy Island,0,1,-60.716667,-45.6,yes,no,Number of individuals,All Individuals,,"Census, no details on method, probably land given Knightley 1982",NA,NA,NA,NA,NA,NA,NA,NA,NA,NA,NA,NA,NA,NA,NA,NA,NA,NA,NA,NA,NA,NA,NA,NA,NA,NA,NA,NA,NA,NA,NA,NA,NA,NA,NA,NA,NA,NA,NA,NA,NA,NA,NA,NA,NA,NA,NA,NA,NA,NA,NA,NA,NA,NA,NA,NA,NA,NA,NA,NA,NA,NA,NA,NA,NA,NA,NA,NA,NA,NA,NA,NA,NA,NA,NA,NA,NA,1600,NA,NA,NA,NA,NA,3000,NA,NA,11700,13350,NA,NA,NA,NA,NA,NA,NA,NA,NA,NA,NA,NA,NA,NA,NA,NA,NA,NA,NA,NA,NA,NA,NA,NA,NA,NA,NA,NA,NA,NA,NA,NA,NA,NA,NA,NA,
6,P6,Goldsworthy et al,2009,"Fur seals at Macquarie Island: post-sealing colonisation, trends in abundance and hybridisation of three species",Polar Biology,Journal Article,UW,Antarctic fur seal,Arctocephalus gazella,Arctocephalus gazella,Otariidae,https://doi.org/10.1007/s00300-009-0645-y,,https://link.springer.com/article/10.1007/s00300-009-0645-y,Macquarie Island,Macquarie Island,0,1,-54.62785148,158.8050296,no,yes,Pup counts classified,Pups,4.1,Ground,NA,NA,NA,NA,NA,NA,NA,NA,NA,NA,NA,NA,NA,NA,NA,NA,NA,NA,NA,NA,NA,NA,NA,NA,NA,NA,NA,NA,NA,NA,NA,NA,NA,NA,NA,NA,NA,NA,NA,NA,NA,NA,NA,NA,NA,NA,NA,NA,NA,NA,NA,NA,NA,NA,NA,NA,NA,NA,NA,NA,NA,NA,NA,NA,NA,NA,NA,NA,NA,NA,NA,NA,NA,NA,NA,NA,NA,NA,NA,NA,NA,NA,NA,NA,NA,NA,24,NA,NA,31,37,39,60,70,79,81,99,97,86,93,116,112,NA,115,NA,NA,NA,NA,NA,NA,NA,NA,NA,NA,NA,NA,NA,NA,NA,NA,NA,NA,NA,NA,
7,P7,Guinet et al,1994,Long term population changes of fur seals Arctocephalus gazella and Arctocephalus tropicalis on sub-Antarctic (Crozet) and subtropical (St-Paul and Amsterdam) Islands and their possible relationship to El Nino Southern Oscillation,Antarctic Science,Journal Article,LPI,Antarctic fur seal,Arctocephalus gazella,Arctocephalus gazella,Otariidae,https://doi.org/10.1017/S0954102094000714,,https://www.cambridge.org/core/journals/antarctic-science/article/long-term-population-changes-of-fur-seals-arctocephalus-gazella-and-arctocephalus-tropicalis-on-subantarctic-crozet-and-subtropical-st-paul-and-amsterdam-islands-and-their-possible-relationship-to-el-nino-southern-oscillation/AE1EC95246E1417254F34BD7379A24AE,"Possession Island, Crozet","Possession Island, Crozet",0,1,-46.705,51.732,no,yes,Number of Females,All Females,2.84,Ground,NA,NA,NA,NA,NA,NA,NA,NA,NA,NA,NA,NA,NA,NA,NA,NA,NA,NA,NA,NA,NA,NA,NA,NA,NA,NA,NA,NA,NA,NA,NA,NA,NA,NA,NA,NA,NA,NA,NA,NA,NA,NA,NA,NA,NA,NA,NA,NA,NA,NA,NA,NA,NA,NA,NA,NA,NA,NA,NA,NA,NA,NA,NA,NA,NA,NA,NA,NA,NA,NA,NA,NA,NA,NA,NA,NA,NA,NA,NA,NA,NA,NA,NA,25.3,20.8,20.3,28.3,40,55.2,61,63.2,94.3,89.2,87.4,NA,NA,NA,NA,NA,NA,NA,NA,NA,NA,NA,NA,NA,NA,NA,NA,NA,NA,NA,NA,NA,NA,NA,NA,NA,NA,NA,NA,NA,NA,
8,P8,Waluda et al.,2009,"Long-term variability in the abundance of Antarctic fur seals Arctocephalus gazella at Signy Island, South Orkneys",Polar Biology,Journal Article,UW,Antarctic fur seal,Arctocephalus gazella,Arctocephalus gazella,Otariidae,https://doi.org/10.1007/s00300-009-0706-2,,https://link.springer.com/article/10.1007/s00300-009-0706-2,Signy Island,Signy Island,0,1,-60.71667,-45.6,yes,yes,Number of individuals,All Individuals,1,Ground,NA,NA,NA,NA,NA,NA,NA,NA,NA,NA,NA,NA,NA,NA,NA,NA,NA,NA,NA,NA,NA,NA,NA,NA,NA,NA,NA,NA,NA,NA,NA,NA,NA,NA,NA,NA,NA,NA,NA,NA,NA,NA,NA,NA,NA,NA,NA,NA,NA,NA,NA,NA,NA,NA,NA,NA,NA,NA,NA,NA,NA,NA,NA,NA,NA,NA,NA,NA,NA,NA,NA,NA,NA,NA,NA,NA,NA,2041,1658,1786,1913,2934,1913,2934,8163,8418,11735,13265,16582,5995,16582,17219,9566,9439,21429,20408,NA,15434,9566,16199,20536,10459,9949,4974,9566,10332,10459,13265,12628,NA,NA,NA,NA,NA,NA,NA,NA,NA,NA,NA,NA,NA,NA,NA,
9,P9,Krause et al,2022,The Rapid Population Collapse of a Key Marine Predator in the Northern Antarctic Peninsula Endangers Genetic Diversity and Resilience to Climate Change,Frontiers in Marine Science,Research Article,UW,Antarctic fur seal,Arctocephalus gazella,Arctocephalus gazella,Otariidae,https://doi.org/10.3389/fmars.2021.796488,The US AMLR program conducted a synoptic census of pups between 2008 and 2020. The counts were performed in december when 99% of pups were born. Each season has atleast 3 biologists survey every breeding beach independently using hand-held binoculars. Pups live and dead were counted. Recounts were conducted as necessary to ensure that all beach-specific counts were within 5% of all observers.,https://www.frontiersin.org/articles/10.3389/fmars.2021.796488/full,South Shetland Islands,South Shetland Islands,0,1,-62.59168468,-59.9160588,yes,no,Pups (live and dead),Pups,,Land based surveys,NA,NA,NA,NA,NA,NA,NA,NA,NA,NA,NA,NA,NA,NA,NA,NA,NA,NA,NA,NA,NA,NA,NA,NA,NA,NA,NA,NA,NA,NA,NA,NA,NA,NA,NA,NA,NA,NA,NA,NA,NA,NA,NA,NA,NA,NA,NA,NA,NA,NA,NA,NA,NA,NA,NA,NA,NA,NA,NA,NA,NA,NA,NA,NA,NA,NA,NA,NA,NA,NA,NA,NA,NA,NA,NA,NA,NA,NA,NA,NA,NA,NA,NA,NA,NA,NA,NA,3807,NA,NA,NA,NA,5331,NA,NA,NA,9502,NA,NA,NA,NA,NA,10031,NA,NA,NA,NA,NA,7572,NA,NA,NA,NA,NA,NA,NA,NA,NA,NA,NA,NA,NA,NA,NA,
10,P10,Krause et al,2022,The Rapid Population Collapse of a Key Marine Predator in the Northern Antarctic Peninsula Endangers Genetic Diversity and Resilience to Climate Change,Frontiers in Marine Science,Research Article,UW,Antarctic fur seal,Arctocephalus gazella,Arctocephalus gazella,Otariidae,https://doi.org/10.3389/fmars.2021.796488,,https://www.frontiersin.org/articles/10.3389/fmars.2021.796488/full,Cape Shirreff,Cape Shirreff,0,1,-62.44516346,-60.84682539,yes,yes,Pups (live and dead),Pups,4.1,Ground,NA,NA,NA,NA,NA,NA,NA,NA,NA,NA,NA,NA,NA,NA,NA,NA,NA,NA,NA,NA,NA,NA,NA,NA,NA,NA,NA,NA,NA,NA,NA,NA,NA,NA,NA,NA,NA,NA,NA,NA,NA,NA,NA,NA,NA,NA,NA,NA,NA,NA,NA,NA,NA,NA,NA,NA,NA,NA,NA,NA,NA,NA,NA,NA,NA,NA,NA,NA,NA,NA,NA,NA,NA,NA,NA,NA,NA,NA,NA,NA,NA,NA,NA,NA,NA,NA,NA,663,NA,NA,NA,2997,NA,3651,3433,3993,4927,5674,4927,5487,5829,5923,6421,5798,6390,5985,5736,6078,4522,4585,3993,3682,3309,2780,2282,2095,1628,1504,1192,1006,819,NA,NA,NA,
11,P11,Krause et al,2022,The Rapid Population Collapse of a Key Marine Predator in the Northern Antarctic Peninsula Endangers Genetic Diversity and Resilience to Climate Change,Frontiers in Marine Science,Research Article,UW,Antarctic fur seal,Arctocephalus gazella,Arctocephalus gazella,Otariidae,https://doi.org/10.3389/fmars.2021.796488,,https://www.frontiersin.org/articles/10.3389/fmars.2021.796488/full,San Telmo Islands,San Telmo Islands,0,1,-62.46749823,-60.81898458,yes,yes,Pups (live and dead),Pups,4.1,Ground,NA,NA,NA,NA,NA,NA,NA,NA,NA,NA,NA,NA,NA,NA,NA,NA,NA,NA,NA,NA,NA,NA,NA,NA,NA,NA,NA,NA,NA,NA,NA,NA,NA,NA,NA,NA,NA,NA,NA,NA,NA,NA,NA,NA,NA,NA,NA,NA,NA,NA,NA,NA,NA,NA,NA,NA,NA,NA,NA,NA,NA,NA,NA,NA,NA,NA,NA,NA,NA,NA,NA,NA,NA,NA,NA,NA,NA,NA,NA,NA,NA,NA,NA,NA,NA,NA,NA,1877,NA,NA,NA,NA,2344,2064,2562,2064,2624,3309,2748,NA,2686,2313,2064,NA,NA,NA,NA,NA,1504,NA,NA,NA,NA,NA,NA,NA,NA,NA,NA,321,NA,NA,NA,NA,
12,P12,McIntosh et al,2018,"Understanding meta-population trends of the Australian fur seal, with insights for adaptive monitoring",Plos One,Research Article,UW,Australian fur seal,Arctocephalus pusillus doriferus ,Arctocephalus pusillus doriferus ,Otariidae,https://doi.org/10.1371/journal.pone.0200253,,https://journals.plos.org/plosone/article/file?id=10.1371/journal.pone.0200253&type=printable,Baudin Rocks,Baudin Rocks,0,1,-37.09068089,139.7223031,no,yes,Live pups,Pups,1,Ground,NA,NA,NA,NA,NA,NA,NA,NA,NA,NA,NA,NA,NA,NA,NA,NA,NA,NA,NA,NA,NA,NA,NA,NA,NA,NA,NA,NA,NA,NA,NA,NA,NA,NA,NA,NA,NA,NA,NA,NA,NA,NA,NA,NA,NA,NA,NA,NA,NA,NA,NA,NA,NA,NA,NA,NA,NA,NA,NA,NA,NA,NA,NA,NA,NA,NA,NA,NA,NA,NA,NA,NA,NA,NA,NA,NA,NA,NA,NA,NA,NA,NA,NA,NA,NA,NA,NA,NA,NA,NA,NA,NA,NA,NA,NA,NA,NA,NA,NA,NA,NA,NA,NA,NA,NA,NA,NA,NA,NA,NA,NA,NA,NA,6,NA,NA,NA,NA,NA,NA,NA,NA,NA,NA,
13,P13,McIntosh et al,2018,"Understanding meta-population trends of the Australian fur seal, with insights for adaptive monitoring",Plos One,Research Article,UW,Australian fur seal,Arctocephalus pusillus doriferus ,Arctocephalus pusillus doriferus ,Otariidae,https://doi.org/10.1371/journal.pone.0200256,,https://journals.plos.org/plosone/article/file?id=10.1371/journal.pone.0200253&type=printable,Bull Rock,Bull Rock,0,1,-40.73627159,145.298137,no,yes,Live pups,Pups,1,Ground,NA,NA,NA,NA,NA,NA,NA,NA,NA,NA,NA,NA,NA,NA,NA,NA,NA,NA,NA,NA,NA,NA,NA,NA,NA,NA,NA,NA,NA,NA,NA,NA,NA,NA,NA,NA,NA,NA,NA,NA,NA,NA,NA,NA,NA,NA,NA,NA,NA,NA,NA,NA,NA,NA,NA,NA,NA,NA,NA,NA,NA,NA,NA,NA,NA,NA,NA,NA,NA,NA,NA,NA,NA,NA,NA,NA,NA,NA,NA,NA,NA,NA,NA,NA,NA,NA,NA,NA,NA,NA,NA,NA,NA,NA,NA,NA,NA,NA,NA,2,NA,1,7,NA,NA,NA,NA,7,NA,NA,NA,NA,NA,21,NA,NA,NA,NA,NA,NA,NA,NA,NA,NA,
14,P14,McIntosh et al,2018,"Understanding meta-population trends of the Australian fur seal, with insights for adaptive monitoring",Plos One,Research Article,UW,Australian fur seal,Arctocephalus pusillus doriferus ,Arctocephalus pusillus doriferus ,Otariidae,https://doi.org/10.1371/journal.pone.0200265,,https://journals.plos.org/plosone/article/file?id=10.1371/journal.pone.0200253&type=printable,Cape Bridgewater,Cape Bridgewater,0,1,-38.37587018,141.421625,no,yes,Live pups,Pups,1,CMR,NA,NA,NA,NA,NA,NA,NA,NA,NA,NA,NA,NA,NA,NA,NA,NA,NA,NA,NA,NA,NA,NA,NA,NA,NA,NA,NA,NA,NA,NA,NA,NA,NA,NA,NA,NA,NA,NA,NA,NA,NA,NA,NA,NA,NA,NA,NA,NA,NA,NA,NA,NA,NA,NA,NA,NA,NA,NA,NA,NA,NA,NA,NA,NA,NA,NA,NA,NA,NA,NA,NA,NA,NA,NA,NA,NA,NA,NA,NA,NA,NA,NA,NA,NA,NA,NA,NA,NA,NA,NA,NA,NA,NA,NA,NA,1,NA,NA,NA,NA,NA,NA,7,NA,NA,NA,NA,7,NA,NA,NA,NA,NA,120,95,146,NA,NA,NA,NA,NA,NA,NA,NA,
15,P15,McIntosh et al,2018,"Understanding meta-population trends of the Australian fur seal, with insights for adaptive monitoring",Plos One,Research Article,UW,Australian fur seal,Arctocephalus pusillus doriferus ,Arctocephalus pusillus doriferus ,Otariidae,https://doi.org/10.1371/journal.pone.0200255,,https://journals.plos.org/plosone/article/file?id=10.1371/journal.pone.0200253&type=printable,Double Rocks,Double Rocks,0,1,-40.37245545,147.8911319,no,yes,Live pups,Pups,1,Ground,NA,NA,NA,NA,NA,NA,NA,NA,NA,NA,NA,NA,NA,NA,NA,NA,NA,NA,NA,NA,NA,NA,NA,NA,NA,NA,NA,NA,NA,NA,NA,NA,NA,NA,NA,NA,NA,NA,NA,NA,NA,NA,NA,NA,NA,NA,NA,NA,NA,NA,NA,NA,NA,NA,NA,NA,NA,NA,NA,NA,NA,NA,NA,NA,NA,NA,NA,NA,NA,NA,NA,NA,NA,NA,NA,NA,NA,NA,NA,NA,NA,NA,NA,NA,NA,NA,NA,NA,NA,NA,NA,NA,NA,NA,NA,NA,NA,0,NA,NA,NA,NA,NA,NA,NA,NA,NA,51,NA,NA,NA,NA,NA,157,NA,NA,NA,NA,NA,NA,NA,NA,NA,NA,
16,P16,McIntosh et al,2018,"Understanding meta-population trends of the Australian fur seal, with insights for adaptive monitoring",Plos One,Research Article,UW,Australian fur seal,Arctocephalus pusillus doriferus ,Arctocephalus pusillus doriferus ,Otariidae,https://doi.org/10.1371/journal.pone.0200257,,https://journals.plos.org/plosone/article/file?id=10.1371/journal.pone.0200253&type=printable,Iles des Phoques,Iles des Phoques,0,1,-42.41407114,148.1628045,no,yes,Live pups,Pups,1,Ground,NA,NA,NA,NA,NA,NA,NA,NA,NA,NA,NA,NA,NA,NA,NA,NA,NA,NA,NA,NA,NA,NA,NA,NA,NA,NA,NA,NA,NA,NA,NA,NA,NA,NA,NA,NA,NA,NA,NA,NA,NA,NA,NA,NA,NA,NA,NA,NA,NA,NA,NA,NA,NA,NA,NA,NA,NA,NA,NA,NA,NA,NA,NA,NA,NA,NA,NA,NA,NA,NA,NA,NA,NA,NA,NA,NA,NA,NA,NA,NA,NA,NA,NA,NA,NA,NA,NA,NA,NA,NA,NA,NA,0,NA,NA,NA,NA,NA,NA,NA,NA,1,1,NA,NA,NA,NA,0,NA,NA,NA,NA,NA,10,NA,NA,NA,NA,NA,NA,NA,NA,NA,NA,
17,P17,McIntosh et al,2018,"Understanding meta-population trends of the Australian fur seal, with insights for adaptive monitoring",Plos One,Research Article,UW,Australian fur seal,Arctocephalus pusillus doriferus ,Arctocephalus pusillus doriferus ,Otariidae,https://doi.org/10.1371/journal.pone.0200253,,https://journals.plos.org/plosone/article/file?id=10.1371/journal.pone.0200253&type=printable,Judgement Rocks,Judgement Rocks,0,1,-39.50681889,147.1262795,no,yes,Live pups,Pups,1,CMR,NA,NA,NA,NA,NA,NA,NA,NA,NA,NA,NA,NA,NA,NA,NA,NA,NA,NA,NA,NA,NA,NA,NA,NA,NA,NA,NA,NA,NA,NA,NA,NA,NA,NA,NA,NA,NA,NA,NA,NA,NA,NA,NA,NA,NA,NA,NA,NA,NA,NA,NA,NA,NA,NA,NA,NA,NA,NA,NA,NA,NA,NA,NA,NA,NA,NA,NA,NA,NA,NA,NA,NA,NA,NA,NA,NA,NA,NA,NA,NA,NA,NA,NA,NA,NA,NA,NA,NA,NA,NA,NA,NA,NA,NA,1859,2365,1971,2548,2539,2421,NA,NA,2427,NA,NA,NA,NA,2387,NA,NA,NA,NA,NA,1710,NA,NA,NA,NA,NA,NA,NA,NA,NA,NA,
18,P18,McIntosh et al,2018,"Understanding meta-population trends of the Australian fur seal, with insights for adaptive monitoring",Plos One,Research Article,UW,Australian fur seal,Arctocephalus pusillus doriferus ,Arctocephalus pusillus doriferus ,Otariidae,https://doi.org/10.1371/journal.pone.0200262,,https://journals.plos.org/plosone/article/file?id=10.1371/journal.pone.0200253&type=printable,Kanowna Island,Kanowna Island,0,1,-39.15494099,146.3112138,no,yes,Live pups,Pups,1,CMR,NA,NA,NA,NA,NA,NA,NA,NA,NA,NA,NA,NA,NA,NA,NA,NA,NA,NA,NA,NA,NA,NA,NA,NA,NA,NA,NA,NA,NA,NA,NA,NA,NA,NA,NA,NA,NA,NA,NA,NA,NA,NA,NA,NA,NA,NA,NA,NA,NA,NA,NA,NA,NA,NA,NA,NA,NA,NA,NA,NA,NA,NA,NA,NA,NA,NA,NA,NA,NA,NA,NA,NA,NA,NA,NA,NA,NA,NA,NA,NA,NA,NA,NA,NA,NA,NA,NA,NA,NA,NA,NA,NA,NA,NA,NA,NA,NA,NA,NA,NA,1724,NA,2301,2936,3206,NA,NA,2913,NA,NA,NA,NA,NA,2429,NA,NA,NA,NA,NA,NA,NA,NA,NA,NA,
19,P19,McIntosh et al,2018,"Understanding meta-population trends of the Australian fur seal, with insights for adaptive monitoring",Plos One,Research Article,UW,Australian fur seal,Arctocephalus pusillus doriferus ,Arctocephalus pusillus doriferus ,Otariidae,https://doi.org/10.1371/journal.pone.0200260,,https://journals.plos.org/plosone/article/file?id=10.1371/journal.pone.0200253&type=printable,Lady Julia Percy Island,Lady Julia Percy Island,0,1,-38.41773655,142.002572,no,yes,Live pups,Pups,1,CMR,NA,NA,NA,NA,NA,NA,NA,NA,NA,NA,NA,NA,NA,NA,NA,NA,NA,NA,NA,NA,NA,NA,NA,NA,NA,NA,NA,NA,NA,NA,NA,NA,NA,NA,NA,NA,NA,NA,NA,NA,NA,NA,NA,NA,NA,NA,NA,NA,NA,NA,NA,NA,NA,NA,NA,NA,NA,NA,NA,NA,NA,NA,NA,NA,NA,NA,NA,NA,NA,NA,NA,NA,NA,NA,NA,NA,NA,NA,NA,NA,NA,NA,NA,NA,NA,NA,NA,NA,NA,NA,NA,NA,NA,NA,NA,NA,NA,NA,NA,4867,NA,NA,5899,NA,NA,NA,NA,5574,NA,NA,NA,NA,NA,2659,NA,NA,NA,NA,NA,NA,NA,NA,NA,NA,
20,P20,McIntosh et al,2018,"Understanding meta-population trends of the Australian fur seal, with insights for adaptive monitoring",Plos One,Research Article,UW,Australian fur seal,Arctocephalus pusillus doriferus ,Arctocephalus pusillus doriferus ,Otariidae,https://doi.org/10.1371/journal.pone.0200259,,https://journals.plos.org/plosone/article/file?id=10.1371/journal.pone.0200253&type=printable,Maatsuyker,Maatsuyker,0,1,-43.63909997,146.2802092,no,yes,Live pups,Pups,1,Ground,NA,NA,NA,NA,NA,NA,NA,NA,NA,NA,NA,NA,NA,NA,NA,NA,NA,NA,NA,NA,NA,NA,NA,NA,NA,NA,NA,NA,NA,NA,NA,NA,NA,NA,NA,NA,NA,NA,NA,NA,NA,NA,NA,NA,NA,NA,NA,NA,NA,NA,NA,NA,NA,NA,NA,NA,NA,NA,NA,NA,NA,NA,NA,NA,NA,NA,NA,NA,NA,NA,NA,NA,NA,NA,NA,NA,NA,NA,NA,NA,NA,NA,NA,NA,NA,NA,NA,NA,NA,NA,NA,NA,NA,NA,NA,NA,NA,NA,NA,NA,NA,NA,NA,NA,NA,NA,NA,1,NA,NA,NA,NA,NA,NA,13,NA,NA,NA,NA,NA,NA,NA,NA,NA,
21,P21,McIntosh et al,2018,"Understanding meta-population trends of the Australian fur seal, with insights for adaptive monitoring",Plos One,Research Article,UW,Australian fur seal,Arctocephalus pusillus doriferus ,Arctocephalus pusillus doriferus ,Otariidae,https://doi.org/10.1371/journal.pone.0200253,,https://journals.plos.org/plosone/article/file?id=10.1371/journal.pone.0200253&type=printable,Montague Island,Montague Island,0,1,-36.25256927,150.2249194,no,yes,Live pups,Pups,1,CMR,NA,NA,NA,NA,NA,NA,NA,NA,NA,NA,NA,NA,NA,NA,NA,NA,NA,NA,NA,NA,NA,NA,NA,NA,NA,NA,NA,NA,NA,NA,NA,NA,NA,NA,NA,NA,NA,NA,NA,NA,NA,NA,NA,NA,NA,NA,NA,NA,NA,NA,NA,NA,NA,NA,NA,NA,NA,NA,NA,NA,NA,NA,NA,NA,NA,NA,NA,NA,NA,NA,NA,NA,NA,NA,NA,NA,NA,NA,NA,NA,NA,NA,NA,NA,NA,NA,NA,NA,NA,NA,NA,NA,NA,1,NA,NA,NA,NA,NA,NA,NA,NA,1,NA,NA,NA,2,2,NA,NA,NA,NA,NA,19,NA,NA,NA,NA,NA,NA,NA,NA,NA,NA,
22,P22,McIntosh et al,2018,"Understanding meta-population trends of the Australian fur seal, with insights for adaptive monitoring",Plos One,Research Article,UW,Australian fur seal,Arctocephalus pusillus doriferus ,Arctocephalus pusillus doriferus ,Otariidae,https://doi.org/10.1371/journal.pone.0200253,,https://journals.plos.org/plosone/article/file?id=10.1371/journal.pone.0200253&type=printable,Moriarty Rocks,Moriarty Rocks,0,1,-40.5874237,148.2729865,no,yes,Live pups,Pups,1,Ground,NA,NA,NA,NA,NA,NA,NA,NA,NA,NA,NA,NA,NA,NA,NA,NA,NA,NA,NA,NA,NA,NA,NA,NA,NA,NA,NA,NA,NA,NA,NA,NA,NA,NA,NA,NA,NA,NA,NA,NA,NA,NA,NA,NA,NA,NA,NA,NA,NA,NA,NA,NA,NA,NA,NA,NA,NA,NA,NA,NA,NA,NA,NA,NA,NA,NA,NA,NA,NA,NA,NA,NA,NA,NA,NA,NA,NA,NA,NA,NA,NA,NA,NA,NA,NA,NA,NA,NA,NA,234,858,897,665,NA,1035,689,NA,345,NA,NA,NA,NA,1007,NA,NA,NA,NA,598,NA,NA,NA,NA,NA,486,NA,NA,NA,NA,NA,NA,NA,NA,NA,NA,
23,P23,McIntosh et al,2018,"Understanding meta-population trends of the Australian fur seal, with insights for adaptive monitoring",Plos One,Research Article,UW,Australian fur seal,Arctocephalus pusillus doriferus ,Arctocephalus pusillus doriferus ,Otariidae,https://doi.org/10.1371/journal.pone.0200253,,https://journals.plos.org/plosone/article/file?id=10.1371/journal.pone.0200253&type=printable,North Casuarina,North Casuarina,0,1,-36.06809023,136.7014722,no,yes,Live pups,Pups,1,CMR,NA,NA,NA,NA,NA,NA,NA,NA,NA,NA,NA,NA,NA,NA,NA,NA,NA,NA,NA,NA,NA,NA,NA,NA,NA,NA,NA,NA,NA,NA,NA,NA,NA,NA,NA,NA,NA,NA,NA,NA,NA,NA,NA,NA,NA,NA,NA,NA,NA,NA,NA,NA,NA,NA,NA,NA,NA,NA,NA,NA,NA,NA,NA,NA,NA,NA,NA,NA,NA,NA,NA,NA,NA,NA,NA,NA,NA,NA,NA,NA,NA,NA,NA,NA,NA,NA,NA,NA,0,0,NA,NA,0,NA,0,0,NA,0,NA,NA,NA,NA,NA,NA,NA,NA,NA,29,NA,NA,NA,NA,74,75,NA,NA,NA,NA,NA,NA,NA,NA,NA,NA,
24,P24,McIntosh et al,2018,"Understanding meta-population trends of the Australian fur seal, with insights for adaptive monitoring",Plos One,Research Article,UW,Australian fur seal,Arctocephalus pusillus doriferus ,Arctocephalus pusillus doriferus ,Otariidae,https://doi.org/10.1371/journal.pone.0200264,,https://journals.plos.org/plosone/article/file?id=10.1371/journal.pone.0200253&type=printable,Rag Island,Rag Island,0,1,-38.9547757,146.6807859,no,yes,Live pups,Pups,1,CMR,NA,NA,NA,NA,NA,NA,NA,NA,NA,NA,NA,NA,NA,NA,NA,NA,NA,NA,NA,NA,NA,NA,NA,NA,NA,NA,NA,NA,NA,NA,NA,NA,NA,NA,NA,NA,NA,NA,NA,NA,NA,NA,NA,NA,NA,NA,NA,NA,NA,NA,NA,NA,NA,NA,NA,NA,NA,NA,NA,NA,NA,NA,NA,NA,NA,NA,NA,NA,NA,NA,NA,NA,NA,NA,NA,NA,NA,NA,NA,NA,NA,NA,NA,NA,NA,NA,NA,NA,NA,NA,NA,NA,0,NA,NA,NA,NA,NA,NA,NA,NA,NA,30,NA,NA,NA,NA,277,NA,NA,NA,NA,NA,295,NA,NA,NA,NA,NA,NA,NA,NA,NA,NA,
25,P25,McIntosh et al,2018,"Understanding meta-population trends of the Australian fur seal, with insights for adaptive monitoring",Plos One,Research Article,UW,Australian fur seal,Arctocephalus pusillus doriferus ,Arctocephalus pusillus doriferus ,Otariidae,https://doi.org/10.1371/journal.pone.0200253,,https://journals.plos.org/plosone/article/file?id=10.1371/journal.pone.0200253&type=printable,Reid Rocks,Reid Rocks,0,1,-40.26688744,144.1568872,no,yes,Live pups,Pups,1,Aerial,NA,NA,NA,NA,NA,NA,NA,NA,NA,NA,NA,NA,NA,NA,NA,NA,NA,NA,NA,NA,NA,NA,NA,NA,NA,NA,NA,NA,NA,NA,NA,NA,NA,NA,NA,NA,NA,NA,NA,NA,NA,NA,NA,NA,NA,NA,NA,NA,NA,NA,NA,NA,NA,NA,NA,NA,NA,NA,NA,NA,NA,NA,NA,NA,NA,NA,NA,NA,NA,NA,NA,NA,NA,NA,NA,NA,NA,NA,NA,NA,NA,NA,NA,NA,NA,NA,775,NA,NA,1131,NA,885,NA,NA,NA,NA,1476,579,210,142,NA,NA,259,NA,NA,NA,NA,395,NA,NA,NA,NA,NA,1570,NA,NA,NA,NA,NA,NA,NA,NA,NA,NA,
26,P26,McIntosh et al,2018,"Understanding meta-population trends of the Australian fur seal, with insights for adaptive monitoring",Plos One,Research Article,UW,Australian fur seal,Arctocephalus pusillus doriferus ,Arctocephalus pusillus doriferus ,Otariidae,https://doi.org/10.1371/journal.pone.0200261,,https://journals.plos.org/plosone/article/file?id=10.1371/journal.pone.0200253&type=printable,Seal Rocks,Seal Rocks,0,1,-32.43139574,152.5326146,no,yes,Live pups,Pups,1,CMR,NA,NA,NA,NA,NA,NA,NA,NA,NA,NA,NA,NA,NA,NA,NA,NA,NA,NA,NA,NA,NA,NA,NA,NA,NA,NA,NA,NA,NA,NA,NA,NA,NA,NA,NA,NA,NA,NA,NA,NA,NA,NA,NA,NA,NA,NA,NA,NA,NA,NA,NA,NA,NA,NA,NA,NA,NA,NA,NA,NA,NA,NA,NA,NA,NA,NA,NA,NA,NA,NA,NA,NA,NA,NA,NA,NA,NA,NA,NA,NA,NA,NA,NA,NA,NA,NA,NA,NA,NA,NA,NA,2826,NA,NA,NA,NA,NA,4794,NA,NA,NA,NA,4882,NA,NA,NA,NA,5660,NA,NA,NA,NA,3725,4092,NA,NA,NA,NA,NA,NA,NA,NA,NA,NA,
27,P27,McIntosh et al,2018,"Understanding meta-population trends of the Australian fur seal, with insights for adaptive monitoring",Plos One,Research Article,UW,Australian fur seal,Arctocephalus pusillus doriferus ,Arctocephalus pusillus doriferus ,Otariidae,https://doi.org/10.1371/journal.pone.0200258,,https://journals.plos.org/plosone/article/file?id=10.1371/journal.pone.0200253&type=printable,Sloop Rocks,Sloop Rocks,0,1,-42.30722594,145.1774705,no,yes,Live pups,Pups,1,Ground,NA,NA,NA,NA,NA,NA,NA,NA,NA,NA,NA,NA,NA,NA,NA,NA,NA,NA,NA,NA,NA,NA,NA,NA,NA,NA,NA,NA,NA,NA,NA,NA,NA,NA,NA,NA,NA,NA,NA,NA,NA,NA,NA,NA,NA,NA,NA,NA,NA,NA,NA,NA,NA,NA,NA,NA,NA,NA,NA,NA,NA,NA,NA,NA,NA,NA,NA,NA,NA,NA,NA,NA,NA,NA,NA,NA,NA,NA,NA,NA,NA,NA,NA,NA,NA,NA,NA,NA,NA,NA,NA,NA,NA,NA,NA,NA,NA,NA,NA,NA,NA,NA,NA,NA,NA,NA,NA,NA,NA,NA,NA,NA,NA,16,NA,NA,NA,NA,NA,NA,NA,NA,NA,NA,
28,P28,McIntosh et al,2018,"Understanding meta-population trends of the Australian fur seal, with insights for adaptive monitoring",Plos One,Research Article,UW,Australian fur seal,Arctocephalus pusillus doriferus ,Arctocephalus pusillus doriferus ,Otariidae,https://doi.org/10.1371/journal.pone.0200253,,https://journals.plos.org/plosone/article/file?id=10.1371/journal.pone.0200253&type=printable,Tenth Island,Tenth Island,0,1,-40.94237491,146.9850242,no,yes,Live pups,Pups,1,CMR,NA,NA,NA,NA,NA,NA,NA,NA,NA,NA,NA,NA,NA,NA,NA,NA,NA,NA,NA,NA,NA,NA,NA,NA,NA,NA,NA,NA,NA,NA,NA,NA,NA,NA,NA,NA,NA,NA,NA,NA,NA,NA,NA,NA,NA,NA,NA,NA,NA,NA,NA,NA,NA,NA,NA,NA,NA,NA,NA,NA,NA,NA,NA,NA,NA,NA,NA,NA,NA,NA,NA,NA,NA,NA,NA,NA,NA,NA,NA,NA,NA,NA,NA,NA,NA,NA,NA,NA,NA,NA,NA,NA,NA,NA,354,173,386,277,364,287,NA,NA,NA,NA,NA,NA,NA,448,NA,NA,NA,NA,NA,138,NA,NA,NA,NA,NA,NA,NA,NA,NA,NA,
29,P29,McIntosh et al,2018,"Understanding meta-population trends of the Australian fur seal, with insights for adaptive monitoring",Plos One,Research Article,UW,Australian fur seal,Arctocephalus pusillus doriferus ,Arctocephalus pusillus doriferus ,Otariidae,https://doi.org/10.1371/journal.pone.0200263,,https://journals.plos.org/plosone/article/file?id=10.1371/journal.pone.0200253&type=printable,The Skerries,The Skerries,0,1,-37.75465023,149.5180948,no,yes,Live pups,Pups,1,CMR,NA,NA,NA,NA,NA,NA,NA,NA,NA,NA,NA,NA,NA,NA,NA,NA,NA,NA,NA,NA,NA,NA,NA,NA,NA,NA,NA,NA,NA,NA,NA,NA,NA,NA,NA,NA,NA,NA,NA,NA,NA,NA,NA,NA,NA,NA,NA,NA,NA,NA,NA,NA,NA,NA,NA,NA,NA,NA,NA,NA,NA,NA,NA,NA,NA,NA,NA,NA,NA,NA,NA,NA,NA,NA,NA,NA,NA,NA,NA,NA,NA,NA,NA,NA,NA,NA,NA,NA,NA,NA,NA,NA,NA,NA,NA,NA,NA,NA,NA,1867,2237,NA,2486,NA,NA,NA,NA,2705,NA,NA,NA,NA,NA,NA,2254,NA,NA,NA,NA,NA,NA,NA,NA,NA,
30,P30,McIntosh et al,2018,"Understanding meta-population trends of the Australian fur seal, with insights for adaptive monitoring",Plos One,Research Article,UW,Australian fur seal,Arctocephalus pusillus doriferus ,Arctocephalus pusillus doriferus ,Otariidae,https://doi.org/10.1371/journal.pone.0200253,,https://journals.plos.org/plosone/article/file?id=10.1371/journal.pone.0200253&type=printable,West Moncoeur,West Moncoeur,0,1,-39.23136477,146.5058497,no,yes,Live pups,Pups,1,Ground,NA,NA,NA,NA,NA,NA,NA,NA,NA,NA,NA,NA,NA,NA,NA,NA,NA,NA,NA,NA,NA,NA,NA,NA,NA,NA,NA,NA,NA,NA,NA,NA,NA,NA,NA,NA,NA,NA,NA,NA,NA,NA,NA,NA,NA,NA,NA,NA,NA,NA,NA,NA,NA,NA,NA,NA,NA,NA,NA,NA,NA,NA,NA,NA,NA,NA,NA,NA,NA,NA,NA,NA,NA,NA,NA,NA,NA,NA,NA,NA,NA,NA,NA,NA,NA,NA,NA,NA,NA,217,235,259,225,NA,NA,373,NA,155,NA,252,NA,NA,257,NA,NA,NA,NA,204,NA,NA,NA,NA,NA,256,NA,NA,NA,NA,NA,NA,NA,NA,NA,NA,
31,P31,McIntosh et al,2018,"Understanding meta-population trends of the Australian fur seal, with insights for adaptive monitoring",Plos One,Research Article,UW,Australian fur seal,Arctocephalus pusillus doriferus ,Arctocephalus pusillus doriferus ,Otariidae,https://doi.org/10.1371/journal.pone.0200253,,https://journals.plos.org/plosone/article/file?id=10.1371/journal.pone.0200253&type=printable,Williams Island,Williams Island,0,1,-35.04544933,135.9675583,no,yes,Live pups,Pups,1,Ground,NA,NA,NA,NA,NA,NA,NA,NA,NA,NA,NA,NA,NA,NA,NA,NA,NA,NA,NA,NA,NA,NA,NA,NA,NA,NA,NA,NA,NA,NA,NA,NA,NA,NA,NA,NA,NA,NA,NA,NA,NA,NA,NA,NA,NA,NA,NA,NA,NA,NA,NA,NA,NA,NA,NA,NA,NA,NA,NA,NA,NA,NA,NA,NA,NA,NA,NA,NA,NA,NA,NA,NA,NA,NA,NA,NA,NA,NA,NA,NA,NA,NA,NA,NA,NA,NA,NA,NA,NA,NA,NA,NA,NA,NA,NA,NA,NA,NA,NA,NA,NA,NA,NA,NA,NA,NA,NA,NA,NA,NA,NA,NA,NA,2,NA,NA,NA,NA,NA,NA,NA,NA,NA,NA,
32,P32,McIntosh et al,2018,"Understanding meta-population trends of the Australian fur seal, with insights for adaptive monitoring",Plos One,Research Article,UW,Australian fur seal,Arctocephalus pusillus doriferus ,Arctocephalus pusillus doriferus ,Otariidae,https://doi.org/10.1371/journal.pone.0200254,,https://journals.plos.org/plosone/article/file?id=10.1371/journal.pone.0200253&type=printable,Wright Rocks,Wright Rocks,0,1,-39.59314323,147.5382037,no,yes,Live pups,Pups,1,Ground,NA,NA,NA,NA,NA,NA,NA,NA,NA,NA,NA,NA,NA,NA,NA,NA,NA,NA,NA,NA,NA,NA,NA,NA,NA,NA,NA,NA,NA,NA,NA,NA,NA,NA,NA,NA,NA,NA,NA,NA,NA,NA,NA,NA,NA,NA,NA,NA,NA,NA,NA,NA,NA,NA,NA,NA,NA,NA,NA,NA,NA,NA,NA,NA,NA,NA,NA,NA,NA,NA,NA,NA,NA,NA,NA,NA,NA,NA,NA,NA,NA,NA,NA,NA,NA,NA,NA,NA,NA,1,NA,1,NA,NA,NA,3,3,1,NA,1,NA,NA,5,NA,NA,NA,NA,130,NA,NA,NA,NA,NA,187,NA,NA,NA,NA,NA,NA,NA,NA,NA,NA,
33,P33,Goldsworthy et al,2021,"Assessment of the status and trends in abundance of a coastal pinniped, the Australian sea lion Neophoca cinerea",Endangered Species Research,Research article,UW,Australian sea lion,Neophoca cinerea,Neophoca cinerea,Otariidae,https://doi.org/10.3354/esr01145,,https://www.researchgate.net/publication/349431916_Assessment_of_the_status_and_trends_in_abundance_of_a_coastal_pinniped_the_Australian_sea_lion_Neophoca_cinerea,Beagle Island,Beagle Island,0,1,-29.80697291,114.8761266,no,yes,Pups,Pups,1,Ground,NA,NA,NA,NA,NA,NA,NA,NA,NA,NA,NA,NA,NA,NA,NA,NA,NA,NA,NA,NA,NA,NA,NA,NA,NA,NA,NA,NA,NA,NA,NA,NA,NA,NA,NA,NA,NA,NA,NA,NA,NA,NA,NA,NA,NA,NA,NA,NA,NA,NA,NA,NA,NA,NA,NA,NA,NA,NA,NA,NA,NA,NA,NA,NA,NA,NA,NA,NA,NA,NA,NA,NA,NA,NA,NA,NA,NA,NA,NA,NA,NA,NA,NA,NA,NA,NA,NA,NA,63,NA,NA,69,NA,NA,NA,NA,NA,NA,73,NA,70,NA,NA,47,57,NA,NA,54,NA,63,NA,82,NA,NA,100,NA,70,NA,NA,NA,57,NA,NA,NA,
34,P34,Goldsworthy et al,2021,"Assessment of the status and trends in abundance of a coastal pinniped, the Australian sea lion Neophoca cinerea",Endangered Species Research,Research article,UW,Australian sea lion,Neophoca cinerea,Neophoca cinerea,Otariidae,https://doi.org/10.3354/esr01118,,https://www.researchgate.net/publication/349431916_Assessment_of_the_status_and_trends_in_abundance_of_a_coastal_pinniped_the_Australian_sea_lion_Neophoca_cinerea,Blefuscu Island,Blefuscu Island,0,1,-32.46727854,133.6443628,no,yes,Pups,Pups,1,Ground,NA,NA,NA,NA,NA,NA,NA,NA,NA,NA,NA,NA,NA,NA,NA,NA,NA,NA,NA,NA,NA,NA,NA,NA,NA,NA,NA,NA,NA,NA,NA,NA,NA,NA,NA,NA,NA,NA,NA,NA,NA,NA,NA,NA,NA,NA,NA,NA,NA,NA,NA,NA,NA,NA,NA,NA,NA,NA,NA,NA,NA,NA,NA,NA,NA,NA,NA,NA,NA,NA,NA,NA,NA,NA,NA,NA,NA,NA,NA,NA,NA,NA,NA,NA,NA,NA,NA,NA,NA,NA,NA,NA,NA,NA,NA,NA,NA,NA,NA,NA,NA,NA,NA,NA,NA,85,NA,NA,69,NA,NA,86,52,NA,83,51,NA,NA,NA,NA,50,NA,NA,NA,
35,P35,Goldsworthy et al,2021,"Assessment of the status and trends in abundance of a coastal pinniped, the Australian sea lion Neophoca cinerea",Endangered Species Research,Research article,UW,Australian sea lion,Neophoca cinerea,Neophoca cinerea,Otariidae,https://doi.org/10.3354/esr01119,,https://www.researchgate.net/publication/349431916_Assessment_of_the_status_and_trends_in_abundance_of_a_coastal_pinniped_the_Australian_sea_lion_Neophoca_cinerea,Breakwater/Gliddon,Breakwater/Gliddon,0,1,-32.31573289,133.5310125,no,yes,Pups,Pups,1,Ground,NA,NA,NA,NA,NA,NA,NA,NA,NA,NA,NA,NA,NA,NA,NA,NA,NA,NA,NA,NA,NA,NA,NA,NA,NA,NA,NA,NA,NA,NA,NA,NA,NA,NA,NA,NA,NA,NA,NA,NA,NA,NA,NA,NA,NA,NA,NA,NA,NA,NA,NA,NA,NA,NA,NA,NA,NA,NA,NA,NA,NA,NA,NA,NA,NA,NA,NA,NA,NA,NA,NA,NA,NA,NA,NA,NA,NA,NA,NA,NA,NA,NA,NA,NA,NA,NA,NA,NA,NA,NA,NA,NA,NA,NA,NA,NA,NA,NA,NA,NA,NA,NA,NA,NA,NA,NA,22,NA,NA,24,NA,NA,NA,NA,NA,NA,34,NA,NA,34,NA,NA,NA,NA,
36,P36,Goldsworthy et al,2021,"Assessment of the status and trends in abundance of a coastal pinniped, the Australian sea lion Neophoca cinerea",Endangered Species Research,Research article,UW,Australian sea lion,Neophoca cinerea,Neophoca cinerea,Otariidae,https://doi.org/10.3354/esr01146,,https://www.researchgate.net/publication/349431916_Assessment_of_the_status_and_trends_in_abundance_of_a_coastal_pinniped_the_Australian_sea_lion_Neophoca_cinerea,Buller Island,Buller Island,0,1,-30.65684117,115.1149094,no,yes,Pups,Pups,1,Ground,NA,NA,NA,NA,NA,NA,NA,NA,NA,NA,NA,NA,NA,NA,NA,NA,NA,NA,NA,NA,NA,NA,NA,NA,NA,NA,NA,NA,NA,NA,NA,NA,NA,NA,NA,NA,NA,NA,NA,NA,NA,NA,NA,NA,NA,NA,NA,NA,NA,NA,NA,NA,NA,NA,NA,NA,NA,NA,NA,NA,NA,NA,NA,NA,NA,NA,NA,NA,NA,NA,NA,NA,NA,NA,NA,NA,NA,NA,NA,NA,NA,NA,NA,NA,NA,NA,NA,NA,NA,NA,39,NA,NA,NA,NA,NA,NA,NA,49,NA,NA,NA,46,NA,NA,49,NA,43,NA,39,NA,61,39,NA,NA,41,51,NA,NA,NA,44,NA,NA,NA,
37,P37,Goldsworthy et al,2021,"Assessment of the status and trends in abundance of a coastal pinniped, the Australian sea lion Neophoca cinerea",Endangered Species Research,Research article,UW,Australian sea lion,Neophoca cinerea,Neophoca cinerea,Otariidae,https://doi.org/10.3354/esr01120,,https://www.researchgate.net/publication/349431916_Assessment_of_the_status_and_trends_in_abundance_of_a_coastal_pinniped_the_Australian_sea_lion_Neophoca_cinerea,Bunda Cliffs,Bunda Cliffs,0,1,-31.66173209,129.1969428,no,yes,Pups,Pups,1,Ground,NA,NA,NA,NA,NA,NA,NA,NA,NA,NA,NA,NA,NA,NA,NA,NA,NA,NA,NA,NA,NA,NA,NA,NA,NA,NA,NA,NA,NA,NA,NA,NA,NA,NA,NA,NA,NA,NA,NA,NA,NA,NA,NA,NA,NA,NA,NA,NA,NA,NA,NA,NA,NA,NA,NA,NA,NA,NA,NA,NA,NA,NA,NA,NA,NA,NA,NA,NA,NA,NA,NA,NA,NA,NA,NA,NA,NA,NA,NA,NA,NA,NA,NA,NA,NA,NA,NA,NA,NA,NA,NA,62,NA,NA,NA,74,NA,39,NA,NA,NA,27,NA,NA,NA,NA,NA,24,NA,26,17,NA,NA,18,23,NA,14,NA,NA,NA,NA,NA,NA,NA,
38,P38,Goldsworthy et al,2021,"Assessment of the status and trends in abundance of a coastal pinniped, the Australian sea lion Neophoca cinerea",Endangered Species Research,Research article,UW,Australian sea lion,Neophoca cinerea,Neophoca cinerea,Otariidae,https://doi.org/10.3354/esr01121,,https://www.researchgate.net/publication/349431916_Assessment_of_the_status_and_trends_in_abundance_of_a_coastal_pinniped_the_Australian_sea_lion_Neophoca_cinerea,Dangerous reef,Dangerous reef,0,1,-34.81913072,136.21921,no,yes,Pups,Pups,1,Ground,NA,NA,NA,NA,NA,NA,NA,NA,NA,NA,NA,NA,NA,NA,NA,NA,NA,NA,NA,NA,NA,NA,NA,NA,NA,NA,NA,NA,NA,NA,NA,NA,NA,NA,NA,NA,NA,NA,NA,NA,NA,NA,NA,NA,NA,NA,NA,NA,NA,NA,NA,NA,NA,NA,NA,NA,NA,NA,NA,NA,NA,NA,NA,NA,NA,NA,NA,NA,NA,NA,NA,NA,NA,NA,NA,NA,NA,NA,NA,NA,NA,NA,NA,NA,NA,NA,NA,NA,NA,NA,NA,NA,NA,NA,NA,NA,NA,NA,NA,NA,384,NA,402,420,NA,510,595,NA,582,451,442,NA,330,NA,NA,294,NA,NA,NA,NA,379,NA,NA,NA,
39,P39,Goldsworthy et al,2021,"Assessment of the status and trends in abundance of a coastal pinniped, the Australian sea lion Neophoca cinerea",Endangered Species Research,Research article,UW,Australian sea lion,Neophoca cinerea,Neophoca cinerea,Otariidae,https://doi.org/10.3354/esr01147,,https://www.researchgate.net/publication/349431916_Assessment_of_the_status_and_trends_in_abundance_of_a_coastal_pinniped_the_Australian_sea_lion_Neophoca_cinerea,Fisherman island,Fisherman island,0,1,-29.70352028,114.8978702,no,yes,Pups,Pups,1,Ground,NA,NA,NA,NA,NA,NA,NA,NA,NA,NA,NA,NA,NA,NA,NA,NA,NA,NA,NA,NA,NA,NA,NA,NA,NA,NA,NA,NA,NA,NA,NA,NA,NA,NA,NA,NA,NA,NA,NA,NA,NA,NA,NA,NA,NA,NA,NA,NA,NA,NA,NA,NA,NA,NA,NA,NA,NA,NA,NA,NA,NA,NA,NA,NA,NA,NA,NA,NA,NA,NA,NA,NA,NA,NA,NA,NA,NA,NA,NA,NA,NA,NA,NA,NA,NA,NA,NA,NA,NA,43,NA,42,NA,NA,NA,NA,NA,NA,66,NA,44,NA,45,NA,NA,47,39,NA,66,50,NA,NA,36,NA,NA,48,NA,37,NA,NA,40,NA,NA,NA,
40,P40,Goldsworthy et al,2021,"Assessment of the status and trends in abundance of a coastal pinniped, the Australian sea lion Neophoca cinerea",Endangered Species Research,Research article,UW,Australian sea lion,Neophoca cinerea,Neophoca cinerea,Otariidae,https://doi.org/10.3354/esr01122,,https://www.researchgate.net/publication/349431916_Assessment_of_the_status_and_trends_in_abundance_of_a_coastal_pinniped_the_Australian_sea_lion_Neophoca_cinerea,Four Hummocks Islands,Four Hummocks Islands,0,1,-34.77501952,135.029527,no,yes,Pups,Pups,1,Ground,NA,NA,NA,NA,NA,NA,NA,NA,NA,NA,NA,NA,NA,NA,NA,NA,NA,NA,NA,NA,NA,NA,NA,NA,NA,NA,NA,NA,NA,NA,NA,NA,NA,NA,NA,NA,NA,NA,NA,NA,NA,NA,NA,NA,NA,NA,NA,NA,NA,NA,NA,NA,NA,NA,NA,NA,NA,NA,NA,NA,NA,NA,NA,NA,NA,NA,NA,NA,NA,NA,NA,NA,NA,NA,NA,NA,NA,NA,NA,NA,NA,NA,NA,NA,NA,NA,NA,NA,NA,NA,NA,NA,NA,NA,NA,NA,NA,NA,NA,NA,NA,NA,NA,NA,NA,NA,NA,NA,NA,NA,NA,NA,21,NA,NA,11,NA,NA,NA,12,NA,NA,NA,NA,
41,P41,Goldsworthy et al,2021,"Assessment of the status and trends in abundance of a coastal pinniped, the Australian sea lion Neophoca cinerea",Endangered Species Research,Research article,UW,Australian sea lion,Neophoca cinerea,Neophoca cinerea,Otariidae,https://doi.org/10.3354/esr01140,,https://www.researchgate.net/publication/349431916_Assessment_of_the_status_and_trends_in_abundance_of_a_coastal_pinniped_the_Australian_sea_lion_Neophoca_cinerea,Haul Off Rock,Haul Off Rock,0,1,-34.70183244,118.6539479,no,yes,Pups,Pups,1,Ground,NA,NA,NA,NA,NA,NA,NA,NA,NA,NA,NA,NA,NA,NA,NA,NA,NA,NA,NA,NA,NA,NA,NA,NA,NA,NA,NA,NA,NA,NA,NA,NA,NA,NA,NA,NA,NA,NA,NA,NA,NA,NA,NA,NA,NA,NA,NA,NA,NA,NA,NA,NA,NA,NA,NA,NA,NA,NA,NA,NA,NA,NA,NA,NA,NA,NA,NA,NA,NA,NA,NA,NA,NA,NA,NA,NA,NA,NA,NA,NA,NA,NA,NA,NA,NA,NA,NA,NA,NA,NA,29,NA,NA,NA,NA,NA,NA,NA,NA,NA,NA,NA,NA,NA,NA,NA,NA,NA,NA,NA,NA,NA,NA,22,22,NA,NA,24,NA,NA,NA,NA,NA,NA,
42,P42,Goldsworthy et al,2021,"Assessment of the status and trends in abundance of a coastal pinniped, the Australian sea lion Neophoca cinerea",Endangered Species Research,Research article,UW,Australian sea lion,Neophoca cinerea,Neophoca cinerea,Otariidae,https://doi.org/10.3354/esr01123,,https://www.researchgate.net/publication/349431916_Assessment_of_the_status_and_trends_in_abundance_of_a_coastal_pinniped_the_Australian_sea_lion_Neophoca_cinerea,Jones Island,Jones Island,0,1,-33.18578779,134.3642122,no,yes,Pups,Pups,1,Ground,NA,NA,NA,NA,NA,NA,NA,NA,NA,NA,NA,NA,NA,NA,NA,NA,NA,NA,NA,NA,NA,NA,NA,NA,NA,NA,NA,NA,NA,NA,NA,NA,NA,NA,NA,NA,NA,NA,NA,NA,NA,NA,NA,NA,NA,NA,NA,NA,NA,NA,NA,NA,NA,NA,NA,NA,NA,NA,NA,NA,NA,NA,NA,NA,NA,NA,NA,NA,NA,NA,NA,NA,NA,NA,NA,NA,NA,NA,NA,NA,NA,NA,NA,NA,NA,NA,NA,NA,NA,NA,NA,NA,NA,NA,NA,NA,NA,NA,NA,NA,NA,NA,NA,NA,NA,15,NA,NA,15,11,NA,NA,12,16,NA,19,NA,NA,NA,NA,NA,NA,NA,NA,
43,P43,Goldsworthy et al,2021,"Assessment of the status and trends in abundance of a coastal pinniped, the Australian sea lion Neophoca cinerea",Endangered Species Research,Research article,UW,Australian sea lion,Neophoca cinerea,Neophoca cinerea,Otariidae,https://doi.org/10.3354/esr01141,,https://www.researchgate.net/publication/349431916_Assessment_of_the_status_and_trends_in_abundance_of_a_coastal_pinniped_the_Australian_sea_lion_Neophoca_cinerea,Kimberley Island,Kimberley Island,0,1,-33.94864852,122.4692477,no,yes,Pups,Pups,1,Ground,NA,NA,NA,NA,NA,NA,NA,NA,NA,NA,NA,NA,NA,NA,NA,NA,NA,NA,NA,NA,NA,NA,NA,NA,NA,NA,NA,NA,NA,NA,NA,NA,NA,NA,NA,NA,NA,NA,NA,NA,NA,NA,NA,NA,NA,NA,NA,NA,NA,NA,NA,NA,NA,NA,NA,NA,NA,NA,NA,NA,NA,NA,NA,NA,NA,NA,NA,NA,NA,NA,NA,NA,NA,NA,NA,NA,NA,NA,NA,NA,NA,NA,NA,NA,NA,NA,NA,NA,NA,NA,NA,NA,42,NA,NA,NA,NA,NA,NA,NA,NA,NA,NA,NA,NA,NA,NA,NA,32,NA,NA,NA,NA,NA,31,NA,NA,NA,NA,NA,NA,NA,NA,NA,
44,P44,Goldsworthy et al,2021,"Assessment of the status and trends in abundance of a coastal pinniped, the Australian sea lion Neophoca cinerea",Endangered Species Research,Research article,UW,Australian sea lion,Neophoca cinerea,Neophoca cinerea,Otariidae,https://doi.org/10.3354/esr01124,,https://www.researchgate.net/publication/349431916_Assessment_of_the_status_and_trends_in_abundance_of_a_coastal_pinniped_the_Australian_sea_lion_Neophoca_cinerea,Lewis Island,Lewis Island,0,1,-34.9550307,136.0311763,no,yes,Pups,Pups,1,Ground,NA,NA,NA,NA,NA,NA,NA,NA,NA,NA,NA,NA,NA,NA,NA,NA,NA,NA,NA,NA,NA,NA,NA,NA,NA,NA,NA,NA,NA,NA,NA,NA,NA,NA,NA,NA,NA,NA,NA,NA,NA,NA,NA,NA,NA,NA,NA,NA,NA,NA,NA,NA,NA,NA,NA,NA,NA,NA,NA,NA,NA,NA,NA,NA,NA,NA,NA,NA,NA,NA,NA,NA,NA,NA,NA,NA,NA,NA,NA,NA,NA,NA,NA,NA,NA,NA,NA,NA,NA,NA,NA,NA,NA,NA,NA,NA,NA,NA,NA,NA,NA,NA,NA,NA,NA,NA,78,NA,NA,NA,NA,NA,80,NA,83,NA,NA,NA,NA,NA,NA,NA,NA,NA,
45,P45,Goldsworthy et al,2021,"Assessment of the status and trends in abundance of a coastal pinniped, the Australian sea lion Neophoca cinerea",Endangered Species Research,Research article,UW,Australian sea lion,Neophoca cinerea,Neophoca cinerea,Otariidae,https://doi.org/10.3354/esr01125,,https://www.researchgate.net/publication/349431916_Assessment_of_the_status_and_trends_in_abundance_of_a_coastal_pinniped_the_Australian_sea_lion_Neophoca_cinerea,Liguanea Island,Liguanea Island,0,1,-34.98898197,135.6197624,no,yes,Pups,Pups,1,Ground,NA,NA,NA,NA,NA,NA,NA,NA,NA,NA,NA,NA,NA,NA,NA,NA,NA,NA,NA,NA,NA,NA,NA,NA,NA,NA,NA,NA,NA,NA,NA,NA,NA,NA,NA,NA,NA,NA,NA,NA,NA,NA,NA,NA,NA,NA,NA,NA,NA,NA,NA,NA,NA,NA,NA,NA,NA,NA,NA,NA,NA,NA,NA,NA,NA,NA,NA,NA,NA,NA,NA,NA,NA,NA,NA,NA,NA,NA,NA,NA,NA,NA,NA,NA,NA,NA,NA,NA,NA,NA,NA,NA,NA,NA,NA,NA,NA,NA,NA,NA,NA,NA,NA,NA,NA,41,NA,NA,NA,NA,NA,NA,NA,NA,NA,26,NA,NA,NA,NA,29,NA,NA,NA,
46,P46,Goldsworthy et al,2021,"Assessment of the status and trends in abundance of a coastal pinniped, the Australian sea lion Neophoca cinerea",Endangered Species Research,Research article,UW,Australian sea lion,Neophoca cinerea,Neophoca cinerea,Otariidae,https://doi.org/10.3354/esr01126,,https://www.researchgate.net/publication/349431916_Assessment_of_the_status_and_trends_in_abundance_of_a_coastal_pinniped_the_Australian_sea_lion_Neophoca_cinerea,Lilliput Island,Lilliput Island,0,1,-32.43480541,133.6923922,no,yes,Pups,Pups,1,Ground,NA,NA,NA,NA,NA,NA,NA,NA,NA,NA,NA,NA,NA,NA,NA,NA,NA,NA,NA,NA,NA,NA,NA,NA,NA,NA,NA,NA,NA,NA,NA,NA,NA,NA,NA,NA,NA,NA,NA,NA,NA,NA,NA,NA,NA,NA,NA,NA,NA,NA,NA,NA,NA,NA,NA,NA,NA,NA,NA,NA,NA,NA,NA,NA,NA,NA,NA,NA,NA,NA,NA,NA,NA,NA,NA,NA,NA,NA,NA,NA,NA,NA,NA,NA,NA,NA,NA,NA,NA,NA,NA,NA,NA,NA,NA,NA,NA,NA,NA,NA,NA,NA,NA,NA,NA,NA,67,NA,55,NA,48,NA,NA,71,NA,61,NA,NA,NA,62,NA,NA,NA,NA,
47,P47,Goldsworthy et al,2021,"Assessment of the status and trends in abundance of a coastal pinniped, the Australian sea lion Neophoca cinerea",Endangered Species Research,Research article,UW,Australian sea lion,Neophoca cinerea,Neophoca cinerea,Otariidae,https://doi.org/10.3354/esr01127,,https://www.researchgate.net/publication/349431916_Assessment_of_the_status_and_trends_in_abundance_of_a_coastal_pinniped_the_Australian_sea_lion_Neophoca_cinerea,Lounds Island,Lounds Island,0,1,-32.27340418,133.367026,no,yes,Pups,Pups,1,Ground,NA,NA,NA,NA,NA,NA,NA,NA,NA,NA,NA,NA,NA,NA,NA,NA,NA,NA,NA,NA,NA,NA,NA,NA,NA,NA,NA,NA,NA,NA,NA,NA,NA,NA,NA,NA,NA,NA,NA,NA,NA,NA,NA,NA,NA,NA,NA,NA,NA,NA,NA,NA,NA,NA,NA,NA,NA,NA,NA,NA,NA,NA,NA,NA,NA,NA,NA,NA,NA,NA,NA,NA,NA,NA,NA,NA,NA,NA,NA,NA,NA,NA,NA,NA,NA,NA,NA,NA,NA,NA,NA,NA,NA,NA,NA,NA,NA,NA,NA,NA,NA,NA,NA,NA,NA,NA,NA,NA,NA,34,NA,NA,NA,NA,NA,NA,20,NA,27,NA,29,NA,NA,NA,
48,P48,Goldsworthy et al,2021,"Assessment of the status and trends in abundance of a coastal pinniped, the Australian sea lion Neophoca cinerea",Endangered Species Research,Research article,UW,Australian sea lion,Neophoca cinerea,Neophoca cinerea,Otariidae,https://doi.org/10.3354/esr01128,,https://www.researchgate.net/publication/349431916_Assessment_of_the_status_and_trends_in_abundance_of_a_coastal_pinniped_the_Australian_sea_lion_Neophoca_cinerea,Nicolas Baudin Island,Nicolas Baudin Island,0,1,-33.01606921,134.1306674,no,yes,Pups,Pups,1,Ground,NA,NA,NA,NA,NA,NA,NA,NA,NA,NA,NA,NA,NA,NA,NA,NA,NA,NA,NA,NA,NA,NA,NA,NA,NA,NA,NA,NA,NA,NA,NA,NA,NA,NA,NA,NA,NA,NA,NA,NA,NA,NA,NA,NA,NA,NA,NA,NA,NA,NA,NA,NA,NA,NA,NA,NA,NA,NA,NA,NA,NA,NA,NA,NA,NA,NA,NA,NA,NA,NA,NA,NA,NA,NA,NA,NA,NA,NA,NA,NA,NA,NA,NA,NA,NA,NA,NA,NA,NA,NA,NA,NA,NA,NA,NA,NA,NA,NA,NA,NA,NA,NA,NA,NA,NA,NA,NA,98,NA,89,NA,NA,NA,NA,NA,61,NA,NA,NA,69,NA,NA,NA,NA,
49,P49,Goldsworthy et al,2021,"Assessment of the status and trends in abundance of a coastal pinniped, the Australian sea lion Neophoca cinerea",Endangered Species Research,Research article,UW,Australian sea lion,Neophoca cinerea,Neophoca cinerea,Otariidae,https://doi.org/10.3354/esr01129,,https://www.researchgate.net/publication/349431916_Assessment_of_the_status_and_trends_in_abundance_of_a_coastal_pinniped_the_Australian_sea_lion_Neophoca_cinerea,Olive Island,Olive Island,0,1,-32.72112944,133.968622,no,yes,Pups,Pups,1,Ground,NA,NA,NA,NA,NA,NA,NA,NA,NA,NA,NA,NA,NA,NA,NA,NA,NA,NA,NA,NA,NA,NA,NA,NA,NA,NA,NA,NA,NA,NA,NA,NA,NA,NA,NA,NA,NA,NA,NA,NA,NA,NA,NA,NA,NA,NA,NA,NA,NA,NA,NA,NA,NA,NA,NA,NA,NA,NA,NA,NA,NA,NA,NA,NA,NA,NA,NA,NA,NA,NA,NA,NA,NA,NA,NA,NA,NA,NA,NA,NA,NA,NA,NA,NA,NA,NA,NA,NA,NA,NA,NA,NA,NA,NA,NA,NA,NA,NA,NA,NA,NA,NA,NA,121,NA,131,150,123,NA,134,NA,116,109,99,103,NA,106,NA,NA,85,NA,NA,NA,NA,
50,P50,Goldsworthy et al,2021,"Assessment of the status and trends in abundance of a coastal pinniped, the Australian sea lion Neophoca cinerea",Endangered Species Research,Research article,UW,Australian sea lion,Neophoca cinerea,Neophoca cinerea,Otariidae,https://doi.org/10.3354/esr01130,,https://www.researchgate.net/publication/349431916_Assessment_of_the_status_and_trends_in_abundance_of_a_coastal_pinniped_the_Australian_sea_lion_Neophoca_cinerea,Pearson Island,Pearson Island,0,1,-33.96291145,134.267052,no,yes,Pups,Pups,1,Ground,NA,NA,NA,NA,NA,NA,NA,NA,NA,NA,NA,NA,NA,NA,NA,NA,NA,NA,NA,NA,NA,NA,NA,NA,NA,NA,NA,NA,NA,NA,NA,NA,NA,NA,NA,NA,NA,NA,NA,NA,NA,NA,NA,NA,NA,NA,NA,NA,NA,NA,NA,NA,NA,NA,NA,NA,NA,NA,NA,NA,NA,NA,NA,NA,NA,NA,NA,NA,NA,NA,NA,NA,NA,NA,NA,NA,NA,NA,NA,NA,NA,NA,NA,NA,NA,NA,NA,NA,NA,NA,NA,NA,NA,NA,NA,NA,NA,NA,NA,NA,NA,NA,NA,NA,29,NA,35,NA,NA,NA,NA,NA,NA,NA,29,NA,30,NA,NA,NA,31,NA,NA,NA,
51,P51,Goldsworthy et al,2021,"Assessment of the status and trends in abundance of a coastal pinniped, the Australian sea lion Neophoca cinerea",Endangered Species Research,Research article,UW,Australian sea lion,Neophoca cinerea,Neophoca cinerea,Otariidae,https://doi.org/10.3354/esr01131,,https://www.researchgate.net/publication/349431916_Assessment_of_the_status_and_trends_in_abundance_of_a_coastal_pinniped_the_Australian_sea_lion_Neophoca_cinerea,Purdie Island,Purdie Island,0,1,-32.26533202,133.2423591,no,yes,Pups,Pups,1,Ground,NA,NA,NA,NA,NA,NA,NA,NA,NA,NA,NA,NA,NA,NA,NA,NA,NA,NA,NA,NA,NA,NA,NA,NA,NA,NA,NA,NA,NA,NA,NA,NA,NA,NA,NA,NA,NA,NA,NA,NA,NA,NA,NA,NA,NA,NA,NA,NA,NA,NA,NA,NA,NA,NA,NA,NA,NA,NA,NA,NA,NA,NA,NA,NA,NA,NA,NA,NA,NA,NA,NA,NA,NA,NA,NA,NA,NA,NA,NA,NA,NA,NA,NA,NA,NA,NA,NA,NA,NA,NA,NA,NA,NA,NA,NA,NA,NA,NA,NA,NA,NA,NA,NA,NA,NA,133,NA,95,NA,NA,NA,NA,NA,NA,NA,NA,65,NA,NA,NA,73,NA,NA,NA,
52,P52,Goldsworthy et al,2021,"Assessment of the status and trends in abundance of a coastal pinniped, the Australian sea lion Neophoca cinerea",Endangered Species Research,Research article,UW,Australian sea lion,Neophoca cinerea,Neophoca cinerea,Otariidae,https://doi.org/10.3354/esr01142,,https://www.researchgate.net/publication/349431916_Assessment_of_the_status_and_trends_in_abundance_of_a_coastal_pinniped_the_Australian_sea_lion_Neophoca_cinerea,Red Islet,Red Islet,0,1,-34.03387058,119.7860845,no,yes,Pups,Pups,1,Ground,NA,NA,NA,NA,NA,NA,NA,NA,NA,NA,NA,NA,NA,NA,NA,NA,NA,NA,NA,NA,NA,NA,NA,NA,NA,NA,NA,NA,NA,NA,NA,NA,NA,NA,NA,NA,NA,NA,NA,NA,NA,NA,NA,NA,NA,NA,NA,NA,NA,NA,NA,NA,NA,NA,NA,NA,NA,NA,NA,NA,NA,NA,NA,NA,NA,NA,NA,NA,NA,NA,NA,NA,NA,NA,NA,NA,NA,NA,NA,NA,NA,NA,NA,NA,NA,NA,NA,NA,NA,26,NA,NA,NA,NA,NA,NA,NA,NA,NA,NA,NA,NA,NA,NA,NA,NA,NA,NA,26,NA,NA,NA,NA,NA,NA,NA,NA,NA,23,NA,NA,NA,NA,NA,
53,P53,Goldsworthy et al,2021,"Assessment of the status and trends in abundance of a coastal pinniped, the Australian sea lion Neophoca cinerea",Endangered Species Research,Research article,UW,Australian sea lion,Neophoca cinerea,Neophoca cinerea,Otariidae,https://doi.org/10.3354/esr01132,,https://www.researchgate.net/publication/349431916_Assessment_of_the_status_and_trends_in_abundance_of_a_coastal_pinniped_the_Australian_sea_lion_Neophoca_cinerea,Rocky (North) Island,Rocky (North) Island,0,1,-34.25935577,135.2600963,no,yes,Pups,Pups,1,Ground,NA,NA,NA,NA,NA,NA,NA,NA,NA,NA,NA,NA,NA,NA,NA,NA,NA,NA,NA,NA,NA,NA,NA,NA,NA,NA,NA,NA,NA,NA,NA,NA,NA,NA,NA,NA,NA,NA,NA,NA,NA,NA,NA,NA,NA,NA,NA,NA,NA,NA,NA,NA,NA,NA,NA,NA,NA,NA,NA,NA,NA,NA,NA,NA,NA,NA,NA,NA,NA,NA,NA,NA,NA,NA,NA,NA,NA,NA,NA,NA,NA,NA,NA,NA,NA,NA,NA,NA,NA,NA,NA,NA,NA,NA,NA,NA,NA,NA,NA,NA,NA,NA,NA,NA,NA,NA,NA,NA,NA,NA,NA,NA,41,43,34,NA,NA,NA,NA,NA,NA,NA,NA,NA,
54,P54,Goldsworthy et al,2021,"Assessment of the status and trends in abundance of a coastal pinniped, the Australian sea lion Neophoca cinerea",Endangered Species Research,Research article,UW,Australian sea lion,Neophoca cinerea,Neophoca cinerea,Otariidae,https://doi.org/10.3354/esr01133,,https://www.researchgate.net/publication/349431916_Assessment_of_the_status_and_trends_in_abundance_of_a_coastal_pinniped_the_Australian_sea_lion_Neophoca_cinerea,Rocky (South) Island,Rocky (South) Island,0,1,-34.81359797,134.7213636,no,yes,Pups,Pups,1,Ground,NA,NA,NA,NA,NA,NA,NA,NA,NA,NA,NA,NA,NA,NA,NA,NA,NA,NA,NA,NA,NA,NA,NA,NA,NA,NA,NA,NA,NA,NA,NA,NA,NA,NA,NA,NA,NA,NA,NA,NA,NA,NA,NA,NA,NA,NA,NA,NA,NA,NA,NA,NA,NA,NA,NA,NA,NA,NA,NA,NA,NA,NA,NA,NA,NA,NA,NA,NA,NA,NA,NA,NA,NA,NA,NA,NA,NA,NA,NA,NA,NA,NA,NA,NA,NA,NA,NA,NA,NA,NA,NA,NA,NA,NA,NA,NA,NA,NA,NA,NA,NA,NA,NA,NA,NA,NA,NA,NA,NA,NA,NA,NA,12,NA,11,NA,NA,NA,NA,6,NA,NA,NA,NA,
55,P55,Goldsworthy et al,2021,"Assessment of the status and trends in abundance of a coastal pinniped, the Australian sea lion Neophoca cinerea",Endangered Species Research,Research article,UW,Australian sea lion,Neophoca cinerea,Neophoca cinerea,Otariidae,https://doi.org/10.3354/esr01134,,https://www.researchgate.net/publication/349431916_Assessment_of_the_status_and_trends_in_abundance_of_a_coastal_pinniped_the_Australian_sea_lion_Neophoca_cinerea,Seal Bay,Seal Bay,0,1,-36.00443309,137.3163556,no,yes,Pups,Pups,1,Ground,NA,NA,NA,NA,NA,NA,NA,NA,NA,NA,NA,NA,NA,NA,NA,NA,NA,NA,NA,NA,NA,NA,NA,NA,NA,NA,NA,NA,NA,NA,NA,NA,NA,NA,NA,NA,NA,NA,NA,NA,NA,NA,NA,NA,NA,NA,NA,NA,NA,NA,NA,NA,NA,NA,NA,NA,NA,NA,NA,NA,NA,NA,NA,NA,NA,NA,NA,NA,NA,NA,NA,NA,NA,NA,NA,NA,NA,NA,NA,NA,NA,NA,NA,NA,NA,NA,NA,NA,NA,NA,NA,NA,NA,NA,NA,NA,NA,NA,NA,NA,NA,NA,NA,NA,183,207,NA,196,198,196,NA,189,NA,167,NA,NA,170,NA,192,177,176,NA,NA,NA,
56,P56,Goldsworthy et al,2021,"Assessment of the status and trends in abundance of a coastal pinniped, the Australian sea lion Neophoca cinerea",Endangered Species Research,Research article,UW,Australian sea lion,Neophoca cinerea,Neophoca cinerea,Otariidae,https://doi.org/10.3354/esr01135,,https://www.researchgate.net/publication/349431916_Assessment_of_the_status_and_trends_in_abundance_of_a_coastal_pinniped_the_Australian_sea_lion_Neophoca_cinerea,Seal Slide,Seal Slide,0,1,-36.07986838,137.4601317,no,yes,Pups,Pups,1,Ground,NA,NA,NA,NA,NA,NA,NA,NA,NA,NA,NA,NA,NA,NA,NA,NA,NA,NA,NA,NA,NA,NA,NA,NA,NA,NA,NA,NA,NA,NA,NA,NA,NA,NA,NA,NA,NA,NA,NA,NA,NA,NA,NA,NA,NA,NA,NA,NA,NA,NA,NA,NA,NA,NA,NA,NA,NA,NA,NA,NA,NA,NA,NA,NA,NA,NA,NA,NA,NA,NA,NA,NA,NA,NA,NA,NA,NA,NA,NA,NA,NA,NA,NA,NA,NA,NA,NA,NA,NA,NA,NA,NA,NA,NA,NA,NA,NA,NA,NA,NA,NA,NA,9,NA,11,NA,10,14,10,NA,9,9,9,8,NA,NA,15,14,NA,NA,NA,NA,NA,NA,
57,P57,Goldsworthy et al,2021,"Assessment of the status and trends in abundance of a coastal pinniped, the Australian sea lion Neophoca cinerea",Endangered Species Research,Research article,UW,Australian sea lion,Neophoca cinerea,Neophoca cinerea,Otariidae,https://doi.org/10.3354/esr01143,,https://www.researchgate.net/publication/349431916_Assessment_of_the_status_and_trends_in_abundance_of_a_coastal_pinniped_the_Australian_sea_lion_Neophoca_cinerea,Six Mile Island,Six Mile Island,0,1,-33.63964435,123.9669002,no,yes,Pups,Pups,1,Ground,NA,NA,NA,NA,NA,NA,NA,NA,NA,NA,NA,NA,NA,NA,NA,NA,NA,NA,NA,NA,NA,NA,NA,NA,NA,NA,NA,NA,NA,NA,NA,NA,NA,NA,NA,NA,NA,NA,NA,NA,NA,NA,NA,NA,NA,NA,NA,NA,NA,NA,NA,NA,NA,NA,NA,NA,NA,NA,NA,NA,NA,NA,NA,NA,NA,NA,NA,NA,NA,NA,NA,NA,NA,NA,NA,NA,NA,NA,NA,NA,NA,NA,NA,NA,NA,NA,NA,NA,NA,NA,NA,41,NA,NA,NA,NA,NA,NA,NA,NA,39,NA,NA,NA,NA,NA,NA,NA,NA,NA,NA,NA,NA,NA,NA,NA,NA,NA,45,NA,NA,NA,NA,NA,
58,P58,Goldsworthy et al,2021,"Assessment of the status and trends in abundance of a coastal pinniped, the Australian sea lion Neophoca cinerea",Endangered Species Research,Research article,UW,Australian sea lion,Neophoca cinerea,Neophoca cinerea,Otariidae,https://doi.org/10.3354/esr01136,,https://www.researchgate.net/publication/349431916_Assessment_of_the_status_and_trends_in_abundance_of_a_coastal_pinniped_the_Australian_sea_lion_Neophoca_cinerea,South Neptune Islands,South Neptune Islands,0,1,-35.33138841,136.1148334,no,yes,Pups,Pups,1,Ground,NA,NA,NA,NA,NA,NA,NA,NA,NA,NA,NA,NA,NA,NA,NA,NA,NA,NA,NA,NA,NA,NA,NA,NA,NA,NA,NA,NA,NA,NA,NA,NA,NA,NA,NA,NA,NA,NA,NA,NA,NA,NA,NA,NA,NA,NA,NA,NA,NA,NA,NA,NA,NA,NA,NA,NA,NA,NA,NA,NA,NA,NA,NA,NA,NA,NA,NA,NA,NA,NA,10,NA,NA,NA,NA,NA,NA,NA,NA,NA,NA,NA,NA,NA,NA,NA,NA,NA,NA,NA,NA,NA,NA,NA,NA,NA,NA,NA,NA,NA,NA,NA,NA,NA,NA,NA,NA,NA,6,NA,NA,NA,NA,NA,4,NA,NA,NA,NA,NA,NA,NA,NA,NA,
59,P59,Goldsworthy et al,2021,"Assessment of the status and trends in abundance of a coastal pinniped, the Australian sea lion Neophoca cinerea",Endangered Species Research,Research article,UW,Australian sea lion,Neophoca cinerea,Neophoca cinerea,Otariidae,https://doi.org/10.3354/esr01137,,https://www.researchgate.net/publication/349431916_Assessment_of_the_status_and_trends_in_abundance_of_a_coastal_pinniped_the_Australian_sea_lion_Neophoca_cinerea,The Pages,The Pages,0,1,-36.01579879,137.2206719,no,yes,Pups,Pups,1,Ground,NA,NA,NA,NA,NA,NA,NA,NA,NA,NA,NA,NA,NA,NA,NA,NA,NA,NA,NA,NA,NA,NA,NA,NA,NA,NA,NA,NA,NA,NA,NA,NA,NA,NA,NA,NA,NA,NA,NA,NA,NA,NA,NA,NA,NA,NA,NA,NA,NA,NA,NA,NA,NA,NA,NA,NA,NA,NA,NA,NA,NA,NA,NA,NA,NA,NA,NA,NA,NA,NA,NA,NA,NA,NA,NA,NA,NA,NA,NA,NA,NA,NA,NA,NA,NA,NA,NA,NA,NA,517,425,NA,445,NA,NA,435,NA,379,439,485,NA,454,596,480,NA,535,398,NA,474,469,NA,NA,NA,NA,306,NA,NA,NA,NA,NA,NA,NA,NA,NA,
60,P60,Goldsworthy et al,2021,"Assessment of the status and trends in abundance of a coastal pinniped, the Australian sea lion Neophoca cinerea",Endangered Species Research,Research article,UW,Australian sea lion,Neophoca cinerea,Neophoca cinerea,Otariidae,https://doi.org/10.3354/esr01138,,https://www.researchgate.net/publication/349431916_Assessment_of_the_status_and_trends_in_abundance_of_a_coastal_pinniped_the_Australian_sea_lion_Neophoca_cinerea,Ward Island,Ward Island,0,1,-33.74518403,134.2856635,no,yes,Pups,Pups,1,Ground,NA,NA,NA,NA,NA,NA,NA,NA,NA,NA,NA,NA,NA,NA,NA,NA,NA,NA,NA,NA,NA,NA,NA,NA,NA,NA,NA,NA,NA,NA,NA,NA,NA,NA,NA,NA,NA,NA,NA,NA,NA,NA,NA,NA,NA,NA,NA,NA,NA,NA,NA,NA,NA,NA,NA,NA,NA,NA,NA,NA,NA,NA,NA,NA,NA,NA,NA,NA,NA,NA,NA,NA,NA,NA,NA,NA,NA,NA,NA,NA,NA,NA,NA,NA,NA,NA,NA,NA,NA,NA,NA,NA,NA,NA,NA,NA,NA,NA,NA,NA,NA,NA,NA,NA,NA,NA,NA,44,NA,NA,NA,NA,NA,45,NA,41,NA,NA,NA,NA,39,NA,NA,NA,
61,P61,Goldsworthy et al,2021,"Assessment of the status and trends in abundance of a coastal pinniped, the Australian sea lion Neophoca cinerea",Endangered Species Research,Research article,UW,Australian sea lion,Neophoca cinerea,Neophoca cinerea,Otariidae,https://doi.org/10.3354/esr01144,,https://www.researchgate.net/publication/349431916_Assessment_of_the_status_and_trends_in_abundance_of_a_coastal_pinniped_the_Australian_sea_lion_Neophoca_cinerea,West Island,West Island,0,1,-34.06711377,120.4705042,no,yes,Pups,Pups,1,Ground,NA,NA,NA,NA,NA,NA,NA,NA,NA,NA,NA,NA,NA,NA,NA,NA,NA,NA,NA,NA,NA,NA,NA,NA,NA,NA,NA,NA,NA,NA,NA,NA,NA,NA,NA,NA,NA,NA,NA,NA,NA,NA,NA,NA,NA,NA,NA,NA,NA,NA,NA,NA,NA,NA,NA,NA,NA,NA,NA,NA,NA,NA,NA,NA,NA,NA,NA,NA,NA,NA,NA,NA,NA,NA,NA,NA,NA,NA,NA,NA,NA,NA,NA,NA,NA,NA,NA,NA,NA,NA,NA,NA,NA,NA,NA,NA,NA,NA,NA,NA,NA,NA,NA,NA,NA,56,NA,NA,39,NA,NA,NA,NA,NA,NA,21,NA,NA,NA,NA,36,NA,NA,NA,
62,P62,Goldsworthy et al,2021,"Assessment of the status and trends in abundance of a coastal pinniped, the Australian sea lion Neophoca cinerea",Endangered Species Research,Research article,UW,Australian sea lion,Neophoca cinerea,Neophoca cinerea,Otariidae,https://doi.org/10.3354/esr01139,,https://www.researchgate.net/publication/349431916_Assessment_of_the_status_and_trends_in_abundance_of_a_coastal_pinniped_the_Australian_sea_lion_Neophoca_cinerea,West Waldegrave Island,West Waldegrave Island,0,1,-33.59989617,134.7856688,no,yes,Pups,Pups,1,Ground,NA,NA,NA,NA,NA,NA,NA,NA,NA,NA,NA,NA,NA,NA,NA,NA,NA,NA,NA,NA,NA,NA,NA,NA,NA,NA,NA,NA,NA,NA,NA,NA,NA,NA,NA,NA,NA,NA,NA,NA,NA,NA,NA,NA,NA,NA,NA,NA,NA,NA,NA,NA,NA,NA,NA,NA,NA,NA,NA,NA,NA,NA,NA,NA,NA,NA,NA,NA,NA,NA,NA,NA,NA,NA,NA,NA,NA,NA,NA,NA,NA,NA,NA,NA,NA,NA,NA,NA,NA,NA,NA,NA,NA,NA,NA,NA,NA,NA,NA,NA,NA,NA,NA,161,NA,NA,NA,NA,NA,NA,NA,NA,NA,95,NA,93,NA,NA,NA,NA,NA,NA,NA,NA,
63,P63,Boveng et al. ,2016,"Abundance Estimates of Ice-Associated Seals: Bering Sea Populations that Inhabit the Chukchi Sea During the Open-Water	",BOEM,Tech memo,UW,Bearded seal,Erignathus barbatus,Erignathus barbatus,Phocidae,BOEM Report 2016-077,,https://espis.boem.gov/final%20reports/5578.PDF,eastern Bering sea,eastern Bering sea,0,1,56.76561603,-170.9917302,no,yes,Estimated abundance,All Individuals,1,Aerial,NA,NA,NA,NA,NA,NA,NA,NA,NA,NA,NA,NA,NA,NA,NA,NA,NA,NA,NA,NA,NA,NA,NA,NA,NA,NA,NA,NA,NA,NA,NA,NA,NA,NA,NA,NA,NA,NA,NA,NA,NA,NA,NA,NA,NA,NA,NA,NA,NA,NA,NA,NA,NA,NA,NA,NA,NA,NA,NA,NA,NA,NA,NA,NA,NA,NA,NA,NA,NA,NA,NA,NA,NA,NA,NA,NA,NA,NA,NA,NA,NA,NA,NA,NA,NA,NA,NA,NA,NA,NA,NA,NA,NA,NA,NA,NA,NA,NA,NA,NA,NA,NA,NA,NA,NA,NA,NA,NA,NA,NA,NA,NA,170000,125000,NA,NA,NA,NA,NA,NA,NA,NA,NA,NA,
64,P64,Hernandez-Camacho et al,2021,"California Sea Lion (Zalophus californianus, Lesson 1828)",Ecology and Conservation of Pinnipeds in Latin America,Research Document,UW,California sea lion,Zalophus californianus,Zalophus californianus,Otariidae,https://doi.org/10.1007/978-3-030-63177-2_7,,https://link.springer.com/chapter/10.1007/978-3-030-63177-2_7#citeas,Gulf of Califonia,Gulf of Califonia,0,1,27.36956539,-111.5130222,yes,no,All Individuals,,,Haulout surveys,NA,NA,NA,NA,NA,NA,NA,NA,NA,NA,NA,NA,NA,NA,NA,NA,NA,NA,NA,NA,NA,NA,NA,NA,NA,NA,NA,NA,NA,NA,NA,NA,NA,NA,NA,NA,NA,NA,NA,NA,NA,NA,NA,NA,NA,NA,NA,NA,NA,NA,NA,NA,NA,NA,NA,NA,NA,NA,NA,NA,NA,NA,NA,NA,NA,NA,NA,NA,NA,NA,NA,NA,NA,NA,NA,NA,NA,NA,NA,NA,NA,NA,NA,NA,26555,NA,NA,NA,NA,NA,NA,NA,NA,NA,NA,24171,24421,25042,NA,22944,23318,NA,22457,NA,NA,23021,21354,NA,NA,NA,NA,22233,18524,NA,NA,16799,NA,NA,NA,NA,NA,NA,NA,NA,
65,P65,NOAA Fisheries,2019,CALIFORNIA SEA LION (Zalophus californianus): U.S. Stock,NOAA,Tech memo,UW,California sea lion,Zalophus californianus,Zalophus californianus,Otariidae,https://media.fisheries.noaa.gov/dam-migration/ca_sea_lion_final_2018_sar.pdf,,,Southern Califonia,Southern Califonia,0,1,33.58582271,-119.0897446,no,no,All Individuals,All Individuals,1,Combination,NA,NA,NA,NA,NA,NA,NA,NA,NA,NA,NA,NA,NA,NA,NA,NA,NA,NA,NA,NA,NA,NA,NA,NA,NA,NA,NA,NA,NA,NA,NA,NA,NA,NA,NA,NA,NA,NA,NA,NA,NA,NA,NA,NA,NA,NA,NA,NA,NA,NA,NA,NA,NA,NA,NA,NA,NA,NA,NA,NA,NA,NA,NA,NA,NA,NA,NA,NA,NA,NA,NA,NA,NA,NA,NA,89020,93900,91460,90240,92680,93900,97560,104870,97560,92680,92680,96340,102430,107310,117070,126820,140240,141460,140240,154870,169510,184140,192680,146340,168290,192680,196340,202430,193900,200000,217070,243900,260970,282920,247560,247560,278040,307310,256090,259750,NA,NA,NA,NA,NA,NA,NA,NA,NA,
66,P66,Allyn et all.,2020,Entanglement rates and haulout abundance trends of Steller (Eumetopias jubatus) and California (Zalophus californianus) sea lions on the north coast of Washington state,Plos One,Journal Article,UW,California sea lion,Zalophus californianus,Zalophus californianus,Otariidae,https://doi.org/10.1371/journal.pone.0237178,,https://journals.plos.org/plosone/article?id=10.1371/journal.pone.0237178,North Washington Coast,North Washington Coast,0,1,48.3249,-124.7212,yes,no,Annual average count at 4 haulout complexes,,,Boat surveys,NA,NA,NA,NA,NA,NA,NA,NA,NA,NA,NA,NA,NA,NA,NA,NA,NA,NA,NA,NA,NA,NA,NA,NA,NA,NA,NA,NA,NA,NA,NA,NA,NA,NA,NA,NA,NA,NA,NA,NA,NA,NA,NA,NA,NA,NA,NA,NA,NA,NA,NA,NA,NA,NA,NA,NA,NA,NA,NA,NA,NA,NA,NA,NA,NA,NA,NA,NA,NA,NA,NA,NA,NA,NA,NA,NA,NA,NA,NA,NA,NA,NA,NA,NA,NA,NA,NA,NA,NA,NA,NA,NA,NA,NA,NA,NA,NA,NA,NA,NA,NA,NA,NA,NA,NA,NA,NA,NA,NA,NA,366,353,460,374,352,422,472,628,NA,NA,NA,NA,NA,NA,
67,P67,NOAA,1997,IMPACTS OF CALIFORNIA SEA LIONS AND PACIFIC HARBOR SEALS ON SALMONIDS AND WEST COAST ECOSYSTEMS,National Marine Fisheries Service,Tech memo,LPI,California sea lion,Zalophus californianus,Zalophus californianus,Otariidae,NMFS-NWFSC-28.,,https://media.fisheries.noaa.gov/dam-migration/pinniped-rpt.pdf,Southern California,Southern California,0,1,37.25028,-119.75028,yes,no,Number of pups,,,Aerial photographic surveys,NA,NA,NA,NA,NA,NA,NA,NA,NA,NA,NA,NA,NA,NA,NA,NA,NA,NA,NA,NA,NA,NA,NA,NA,NA,NA,NA,NA,NA,NA,NA,NA,NA,NA,NA,NA,NA,NA,NA,NA,NA,NA,NA,NA,NA,NA,NA,NA,NA,NA,NA,NA,NA,NA,NA,NA,NA,NA,NA,NA,NA,NA,NA,NA,NA,NA,NA,NA,NA,NA,NA,NA,NA,NA,NA,12000,11320,16000,12200,14000,13500,17000,19000,12200,13000,15000,17280,18900,20000,23500,25000,29000,22000,23500,36000,36300,NA,NA,NA,NA,NA,NA,NA,NA,NA,NA,NA,NA,NA,NA,NA,NA,NA,NA,NA,NA,NA,NA,NA,NA,NA,NA,NA,NA,
1000,P1000,NOAA Fisheries,2019,"Breeding season distribution and population grow of California sea lions, Zalphus californianus, in the United States druing 1964-2014",NOAA,Tech memo,UW,California sea lion,Zalophus californianus,Zalophus californianus,Otariidae,https://repository.library.noaa.gov/view/noaa/14198,,,Anacapa,Anacapa,0,1,34.01246369,-119.4068054,no,yes,All Individuals,All Individuals,1,Aerial,NA,NA,NA,NA,NA,NA,NA,NA,NA,NA,NA,NA,NA,NA,NA,NA,NA,NA,NA,NA,NA,NA,NA,NA,NA,NA,NA,NA,NA,NA,NA,NA,NA,NA,NA,NA,NA,NA,NA,NA,NA,NA,NA,NA,NA,NA,NA,NA,NA,NA,NA,NA,NA,NA,NA,NA,NA,NA,NA,NA,NA,NA,NA,NA,NA,NA,NA,NA,NA,NA,NA,NA,NA,NA,NA,NA,NA,NA,NA,NA,NA,NA,NA,NA,NA,NA,NA,NA,NA,NA,NA,NA,NA,NA,NA,NA,NA,NA,NA,NA,NA,NA,NA,718,356,461,NA,832,1269,NA,NA,1097,1068,1194,940,NA,NA,NA,NA,NA,NA,NA,NA,NA,
1001,P1001,NOAA Fisheries,2019,"Breeding season distribution and population grow of California sea lions, Zalphus californianus, in the United States druing 1964-2014",NOAA,Tech memo,UW,California sea lion,Zalophus californianus,Zalophus californianus,Otariidae,https://repository.library.noaa.gov/view/noaa/14198,,,Richardson Rock,Richardson Rock,0,1,34.10736695,-120.5044307,no,yes,All Individuals,All Individuals,1,Aerial,NA,NA,NA,NA,NA,NA,NA,NA,NA,NA,NA,NA,NA,NA,NA,NA,NA,NA,NA,NA,NA,NA,NA,NA,NA,NA,NA,NA,NA,NA,NA,NA,NA,NA,NA,NA,NA,NA,NA,NA,NA,NA,NA,NA,NA,NA,NA,NA,NA,NA,NA,NA,NA,NA,NA,NA,NA,NA,NA,NA,NA,NA,NA,NA,NA,NA,NA,NA,NA,NA,NA,NA,NA,NA,NA,NA,NA,NA,NA,NA,NA,NA,NA,NA,NA,NA,NA,NA,NA,NA,NA,NA,116,NA,184,NA,NA,NA,NA,190,199,408,NA,240,212,220,NA,387,327,NA,NA,282,216,NA,513,NA,NA,NA,NA,NA,NA,NA,NA,NA,
1002,P1002,NOAA Fisheries,2019,"Breeding season distribution and population grow of California sea lions, Zalphus californianus, in the United States druing 1964-2014",NOAA,Tech memo,UW,California sea lion,Zalophus californianus,Zalophus californianus,Otariidae,https://repository.library.noaa.gov/view/noaa/14198,,,San Clemente Island,San Clemente Island,0,1,32.99595481,-118.6219233,no,yes,All Individuals,All Individuals,1,Ground,NA,NA,NA,NA,NA,NA,NA,NA,NA,NA,NA,NA,NA,NA,NA,NA,NA,NA,NA,NA,NA,NA,NA,NA,NA,NA,NA,NA,NA,NA,NA,NA,NA,NA,NA,NA,NA,NA,NA,NA,NA,NA,NA,NA,NA,NA,NA,NA,NA,NA,NA,NA,NA,NA,NA,NA,NA,NA,NA,NA,NA,NA,NA,NA,NA,NA,NA,NA,NA,NA,NA,NA,NA,NA,NA,NA,NA,NA,NA,NA,NA,1718,2221,1627,1252,1348,1824,1816,1763,2255,1589,2473,1526,1382,2272,2845,2670,2367,1453,2817,3404,3709,4182,2772,3513,3585,3853,4396,4087,3941,4242,5575,5253,5122,4398,NA,NA,NA,NA,NA,NA,NA,NA,NA,
1003,P1003,NOAA Fisheries,2019,"Breeding season distribution and population grow of California sea lions, Zalphus californianus, in the United States druing 1964-2014",NOAA,Tech memo,UW,California sea lion,Zalophus californianus,Zalophus californianus,Otariidae,https://repository.library.noaa.gov/view/noaa/14198,,,San Miguel,San Miguel,1,0,34.04121625,-120.4538121,no,yes,All Individuals,All Individuals,0,Ground,NA,NA,NA,NA,NA,NA,NA,NA,NA,NA,NA,NA,NA,NA,NA,NA,NA,NA,NA,NA,NA,NA,NA,NA,NA,NA,NA,NA,NA,NA,NA,NA,NA,NA,NA,NA,NA,NA,NA,NA,NA,NA,NA,NA,NA,NA,NA,NA,NA,NA,NA,NA,NA,NA,NA,NA,NA,NA,NA,NA,NA,NA,NA,NA,NA,NA,NA,NA,NA,NA,NA,5285,3501,NA,NA,7166,8008,7095,6854,8359,6950,8270,10132,7326,8873,9516,12065,NA,NA,NA,NA,NA,NA,NA,NA,NA,NA,NA,NA,NA,NA,NA,NA,NA,NA,NA,NA,NA,NA,NA,NA,71413,65660,64391,58505,NA,NA,NA,NA,NA,NA,NA,NA,NA,
1004,P1004,NOAA Fisheries,2019,"Breeding season distribution and population grow of California sea lions, Zalphus californianus, in the United States druing 1964-2014",NOAA,Tech memo,UW,California sea lion,Zalophus californianus,Zalophus californianus,Otariidae,https://repository.library.noaa.gov/view/noaa/14198,,,San Miguel,San Miguel,2,1,34.04121625,-120.4538121,no,yes,All Individuals,All Individuals,1,Aerial,NA,NA,NA,NA,NA,NA,NA,NA,NA,NA,NA,NA,NA,NA,NA,NA,NA,NA,NA,NA,NA,NA,NA,NA,NA,NA,NA,NA,NA,NA,NA,NA,NA,NA,NA,NA,NA,NA,NA,NA,NA,NA,NA,NA,NA,NA,NA,NA,NA,NA,NA,NA,NA,NA,NA,NA,NA,NA,NA,NA,NA,NA,NA,NA,NA,NA,NA,NA,NA,NA,NA,NA,NA,NA,NA,NA,NA,NA,NA,NA,NA,NA,NA,NA,NA,NA,NA,NA,NA,NA,NA,NA,29086,34923,37457,46115,36337,45179,25397,44379,53594,46512,58543,47483,62493,63984,61362,63863,64184,NA,NA,NA,NA,NA,NA,NA,NA,NA,NA,NA,NA,NA,NA,NA,
1005,P1005,NOAA Fisheries,2019,"Breeding season distribution and population grow of California sea lions, Zalphus californianus, in the United States druing 1964-2014",NOAA,Tech memo,UW,California sea lion,Zalophus californianus,Zalophus californianus,Otariidae,https://repository.library.noaa.gov/view/noaa/14198,,,San Nicolas Island,San Nicolas Island,0,1,33.21141573,-119.5149622,no,yes,All Individuals,All Individuals,1,Aerial,NA,NA,NA,NA,NA,NA,NA,NA,NA,NA,NA,NA,NA,NA,NA,NA,NA,NA,NA,NA,NA,NA,NA,NA,NA,NA,NA,NA,NA,NA,NA,NA,NA,NA,NA,NA,NA,NA,NA,NA,NA,NA,NA,NA,NA,NA,NA,NA,NA,NA,NA,NA,NA,NA,NA,NA,NA,NA,NA,NA,NA,NA,NA,NA,NA,NA,NA,NA,NA,NA,NA,NA,NA,NA,NA,NA,NA,NA,NA,NA,NA,NA,NA,NA,NA,NA,NA,NA,NA,NA,NA,NA,19398,24578,31645,41479,35225,38683,19476,42550,51084,51963,37319,43170,49523,46500,53955,51397,57612,NA,NA,51902,64850,55063,54033,NA,NA,NA,NA,NA,NA,NA,NA,NA,
1006,P1006,NOAA Fisheries,2019,"Breeding season distribution and population grow of California sea lions, Zalphus californianus, in the United States druing 1964-2014",NOAA,Tech memo,UW,California sea lion,Zalophus californianus,Zalophus californianus,Otariidae,https://repository.library.noaa.gov/view/noaa/14198,,,Santa Barbara Island,Santa Barbara Island,0,1,33.48498355,-119.0482225,no,yes,All Individuals,All Individuals,1,Combination,NA,NA,NA,NA,NA,NA,NA,NA,NA,NA,NA,NA,NA,NA,NA,NA,NA,NA,NA,NA,NA,NA,NA,NA,NA,NA,NA,NA,NA,NA,NA,NA,NA,NA,NA,NA,NA,NA,NA,NA,NA,NA,NA,NA,NA,NA,NA,NA,NA,NA,NA,NA,NA,NA,NA,NA,NA,NA,NA,NA,NA,NA,NA,NA,NA,NA,NA,NA,NA,NA,NA,NA,NA,NA,NA,NA,NA,NA,NA,NA,NA,NA,NA,NA,NA,NA,2033,NA,NA,3547,3838,4478,3427,3050,5117,6239,5686,4698,3243,5216,8263,8229,6921,5160,7795,6772,7601,7733,7445,NA,NA,7257,7572,7737,7127,NA,NA,NA,NA,NA,NA,NA,NA,NA,
1007,P1007,NOAA Fisheries,2019,"Breeding season distribution and population grow of California sea lions, Zalphus californianus, in the United States druing 1964-2014",NOAA,Tech memo,UW,California sea lion,Zalophus californianus,Zalophus californianus,Otariidae,https://repository.library.noaa.gov/view/noaa/14198,,,Santa Catalina Island,Santa Catalina Island,0,1,33.47724198,-118.5459616,no,yes,All Individuals,All Individuals,1,Aerial,NA,NA,NA,NA,NA,NA,NA,NA,NA,NA,NA,NA,NA,NA,NA,NA,NA,NA,NA,NA,NA,NA,NA,NA,NA,NA,NA,NA,NA,NA,NA,NA,NA,NA,NA,NA,NA,NA,NA,NA,NA,NA,NA,NA,NA,NA,NA,NA,NA,NA,NA,NA,NA,NA,NA,NA,NA,NA,NA,NA,NA,NA,NA,NA,NA,NA,NA,NA,NA,NA,NA,NA,NA,NA,NA,NA,NA,NA,NA,NA,NA,NA,NA,NA,NA,NA,NA,NA,NA,NA,NA,NA,NA,NA,NA,NA,NA,NA,NA,NA,NA,NA,95,32,NA,132,NA,357,211,NA,NA,416,269,446,341,NA,NA,NA,NA,NA,NA,NA,NA,NA,
1008,P1008,NOAA Fisheries,2019,"Breeding season distribution and population grow of California sea lions, Zalphus californianus, in the United States druing 1964-2014",NOAA,Tech memo,UW,California sea lion,Zalophus californianus,Zalophus californianus,Otariidae,https://repository.library.noaa.gov/view/noaa/14198,,,Santa Cruz Island,Santa Cruz Island,0,1,34.07364287,-119.8288584,no,yes,All Individuals,All Individuals,1,Aerial,NA,NA,NA,NA,NA,NA,NA,NA,NA,NA,NA,NA,NA,NA,NA,NA,NA,NA,NA,NA,NA,NA,NA,NA,NA,NA,NA,NA,NA,NA,NA,NA,NA,NA,NA,NA,NA,NA,NA,NA,NA,NA,NA,NA,NA,NA,NA,NA,NA,NA,NA,NA,NA,NA,NA,NA,NA,NA,NA,NA,NA,NA,NA,NA,NA,NA,NA,NA,NA,NA,NA,NA,NA,NA,NA,NA,NA,NA,NA,NA,NA,NA,NA,NA,NA,NA,NA,NA,NA,NA,NA,NA,145,NA,NA,NA,NA,NA,NA,NA,NA,NA,145,604,258,241,NA,708,375,NA,NA,1026,1571,1469,870,NA,NA,NA,NA,NA,NA,NA,NA,NA,
1009,P1009,NOAA Fisheries,2019,"Breeding season distribution and population grow of California sea lions, Zalphus californianus, in the United States druing 1964-2014",NOAA,Tech memo,UW,California sea lion,Zalophus californianus,Zalophus californianus,Otariidae,https://repository.library.noaa.gov/view/noaa/14198,,,Santa Rosa Island,Santa Rosa Island,0,1,34.02345992,-120.1835735,no,yes,All Individuals,All Individuals,1,Aerial,NA,NA,NA,NA,NA,NA,NA,NA,NA,NA,NA,NA,NA,NA,NA,NA,NA,NA,NA,NA,NA,NA,NA,NA,NA,NA,NA,NA,NA,NA,NA,NA,NA,NA,NA,NA,NA,NA,NA,NA,NA,NA,NA,NA,NA,NA,NA,NA,NA,NA,NA,NA,NA,NA,NA,NA,NA,NA,NA,NA,NA,NA,NA,NA,NA,NA,NA,NA,NA,NA,NA,NA,NA,NA,NA,NA,NA,NA,NA,NA,NA,NA,NA,NA,NA,NA,NA,NA,NA,NA,NA,NA,NA,NA,NA,NA,NA,NA,NA,NA,NA,NA,NA,89,40,19,NA,28,536,NA,NA,900,1584,771,898,NA,NA,NA,NA,NA,NA,NA,NA,NA,
1010,P1010,NOAA Fisheries,2019,"Breeding season distribution and population grow of California sea lions, Zalphus californianus, in the United States druing 1964-2014",NOAA,Tech memo,UW,California sea lion,Zalophus californianus,Zalophus californianus,Otariidae,https://repository.library.noaa.gov/view/noaa/14198,,,Northern California Zone A,Northern California Zone A,0,1,41.37799495,-124.1468323,no,yes,All Individuals,All Individuals,1,Aerial,NA,NA,NA,NA,NA,NA,NA,NA,NA,NA,NA,NA,NA,NA,NA,NA,NA,NA,NA,NA,NA,NA,NA,NA,NA,NA,NA,NA,NA,NA,NA,NA,NA,NA,NA,NA,NA,NA,NA,NA,NA,NA,NA,NA,NA,NA,NA,NA,NA,NA,NA,NA,NA,NA,NA,NA,NA,NA,NA,NA,NA,NA,NA,NA,NA,NA,NA,NA,NA,NA,NA,NA,NA,NA,NA,NA,NA,NA,NA,NA,NA,NA,NA,NA,NA,NA,NA,NA,NA,NA,NA,NA,NA,NA,NA,NA,NA,NA,734,287,110,461,631,1876,1009,537,NA,NA,NA,2848,NA,275,303,13,NA,NA,NA,NA,NA,NA,NA,NA,NA,NA,
1011,P1011,NOAA Fisheries,2019,"Breeding season distribution and population grow of California sea lions, Zalphus californianus, in the United States druing 1964-2014",NOAA,Tech memo,UW,California sea lion,Zalophus californianus,Zalophus californianus,Otariidae,https://repository.library.noaa.gov/view/noaa/14198,,,Northern California Zone B,Northern California Zone B,0,1,39.47692211,-123.8735157,no,yes,All Individuals,All Individuals,1,Aerial,NA,NA,NA,NA,NA,NA,NA,NA,NA,NA,NA,NA,NA,NA,NA,NA,NA,NA,NA,NA,NA,NA,NA,NA,NA,NA,NA,NA,NA,NA,NA,NA,NA,NA,NA,NA,NA,NA,NA,NA,NA,NA,NA,NA,NA,NA,NA,NA,NA,NA,NA,NA,NA,NA,NA,NA,NA,NA,NA,NA,NA,NA,NA,NA,NA,NA,NA,NA,NA,NA,NA,NA,NA,NA,NA,NA,NA,NA,NA,NA,NA,NA,NA,NA,NA,NA,NA,NA,NA,NA,NA,NA,NA,NA,NA,NA,NA,NA,2722,14,4,79,21,413,12,5,NA,NA,NA,696,NA,9,191,0,NA,NA,NA,NA,NA,NA,NA,NA,NA,NA,
1012,P1012,NOAA Fisheries,2019,"Breeding season distribution and population grow of California sea lions, Zalphus californianus, in the United States druing 1964-2014",NOAA,Tech memo,UW,California sea lion,Zalophus californianus,Zalophus californianus,Otariidae,https://repository.library.noaa.gov/view/noaa/14198,,,Northern California Zone C,Northern California Zone C,0,1,38.19704012,-123.0331578,no,yes,All Individuals,All Individuals,1,Aerial,NA,NA,NA,NA,NA,NA,NA,NA,NA,NA,NA,NA,NA,NA,NA,NA,NA,NA,NA,NA,NA,NA,NA,NA,NA,NA,NA,NA,NA,NA,NA,NA,NA,NA,NA,NA,NA,NA,NA,NA,NA,NA,NA,NA,NA,NA,NA,NA,NA,NA,NA,NA,NA,NA,NA,NA,NA,NA,NA,NA,NA,NA,NA,NA,NA,NA,NA,NA,NA,NA,NA,NA,NA,NA,NA,NA,NA,NA,NA,NA,NA,NA,NA,NA,NA,NA,NA,NA,NA,NA,NA,NA,NA,NA,NA,NA,NA,NA,898,1,116,881,725,2150,5,198,NA,NA,NA,2025,NA,50,219,57,NA,NA,NA,NA,NA,NA,NA,NA,NA,NA,
1013,P1013,NOAA Fisheries,2019,"Breeding season distribution and population grow of California sea lions, Zalphus californianus, in the United States druing 1964-2014",NOAA,Tech memo,UW,California sea lion,Zalophus californianus,Zalophus californianus,Otariidae,https://repository.library.noaa.gov/view/noaa/14198,,,Central California Zone D,Central California Zone D,0,1,37.74573464,-122.5304735,no,yes,All Individuals,All Individuals,1,Aerial,NA,NA,NA,NA,NA,NA,NA,NA,NA,NA,NA,NA,NA,NA,NA,NA,NA,NA,NA,NA,NA,NA,NA,NA,NA,NA,NA,NA,NA,NA,NA,NA,NA,NA,NA,NA,NA,NA,NA,NA,NA,NA,NA,NA,NA,NA,NA,NA,NA,NA,NA,NA,NA,NA,NA,NA,NA,NA,NA,NA,NA,NA,NA,NA,NA,NA,NA,NA,NA,NA,NA,NA,NA,NA,NA,NA,NA,NA,NA,NA,NA,NA,NA,NA,NA,NA,NA,NA,NA,NA,NA,NA,NA,NA,NA,NA,NA,NA,10864,1366,1582,3203,5264,7984,3355,3471,NA,6060,NA,8714,NA,2996,5355,5835,NA,NA,NA,NA,NA,NA,NA,NA,NA,NA,
1014,P1014,NOAA Fisheries,2019,"Breeding season distribution and population grow of California sea lions, Zalphus californianus, in the United States druing 1964-2014",NOAA,Tech memo,UW,California sea lion,Zalophus californianus,Zalophus californianus,Otariidae,https://repository.library.noaa.gov/view/noaa/14198,,,Central California Zone E,Central California Zone E,0,1,36.78625119,-121.9070207,no,yes,All Individuals,All Individuals,1,Aerial,NA,NA,NA,NA,NA,NA,NA,NA,NA,NA,NA,NA,NA,NA,NA,NA,NA,NA,NA,NA,NA,NA,NA,NA,NA,NA,NA,NA,NA,NA,NA,NA,NA,NA,NA,NA,NA,NA,NA,NA,NA,NA,NA,NA,NA,NA,NA,NA,NA,NA,NA,NA,NA,NA,NA,NA,NA,NA,NA,NA,NA,NA,NA,NA,NA,NA,NA,NA,NA,NA,NA,NA,NA,NA,NA,NA,NA,NA,NA,NA,NA,NA,NA,NA,NA,NA,NA,NA,NA,NA,NA,NA,NA,NA,NA,NA,NA,NA,6942,7345,8281,10601,12229,8350,2415,4642,NA,4330,NA,11250,NA,11075,6995,4023,NA,NA,NA,NA,NA,NA,NA,NA,NA,NA,
1015,P1015,NOAA Fisheries,2019,"Breeding season distribution and population grow of California sea lions, Zalphus californianus, in the United States druing 1964-2014",NOAA,Tech memo,UW,California sea lion,Zalophus californianus,Zalophus californianus,Otariidae,https://repository.library.noaa.gov/view/noaa/14198,,,Central California Zone F,Central California Zone F,0,1,35.99557766,-121.5528917,no,yes,All Individuals,All Individuals,1,Aerial,NA,NA,NA,NA,NA,NA,NA,NA,NA,NA,NA,NA,NA,NA,NA,NA,NA,NA,NA,NA,NA,NA,NA,NA,NA,NA,NA,NA,NA,NA,NA,NA,NA,NA,NA,NA,NA,NA,NA,NA,NA,NA,NA,NA,NA,NA,NA,NA,NA,NA,NA,NA,NA,NA,NA,NA,NA,NA,NA,NA,NA,NA,NA,NA,NA,NA,NA,NA,NA,NA,NA,NA,NA,NA,NA,NA,NA,NA,NA,NA,NA,NA,NA,NA,NA,NA,NA,NA,NA,NA,NA,NA,NA,NA,NA,NA,NA,NA,760,952,2355,1346,3956,1757,3058,2958,NA,3425,NA,1630,NA,3059,2588,2762,NA,NA,NA,NA,NA,NA,NA,NA,NA,NA,
1016,P1016,NOAA Fisheries,2019,"Breeding season distribution and population grow of California sea lions, Zalphus californianus, in the United States druing 1964-2014",NOAA,Tech memo,UW,California sea lion,Zalophus californianus,Zalophus californianus,Otariidae,https://repository.library.noaa.gov/view/noaa/14198,,,Central California Zone G,Central California Zone G,0,1,34.92948509,-120.7332022,no,yes,All Individuals,All Individuals,1,Aerial,NA,NA,NA,NA,NA,NA,NA,NA,NA,NA,NA,NA,NA,NA,NA,NA,NA,NA,NA,NA,NA,NA,NA,NA,NA,NA,NA,NA,NA,NA,NA,NA,NA,NA,NA,NA,NA,NA,NA,NA,NA,NA,NA,NA,NA,NA,NA,NA,NA,NA,NA,NA,NA,NA,NA,NA,NA,NA,NA,NA,NA,NA,NA,NA,NA,NA,NA,NA,NA,NA,NA,NA,NA,NA,NA,NA,NA,NA,NA,NA,NA,NA,NA,NA,NA,NA,NA,NA,NA,NA,NA,NA,NA,NA,NA,NA,NA,NA,2263,3594,5098,6811,6584,3897,5319,7521,NA,10532,NA,12694,NA,5358,4324,4870,NA,NA,NA,NA,NA,NA,NA,NA,NA,NA,
1017,P1017,NOAA Fisheries,2019,"Breeding season distribution and population grow of California sea lions, Zalphus californianus, in the United States druing 1964-2014",NOAA,Tech memo,UW,California sea lion,Zalophus californianus,Zalophus californianus,Otariidae,https://repository.library.noaa.gov/view/noaa/14198,,,Ano Nuevo,Ano Nuevo,0,1,37.10712815,-122.3390573,no,yes,All Individuals,All Individuals,1,Aerial,NA,NA,NA,NA,NA,NA,NA,NA,NA,NA,NA,NA,NA,NA,NA,NA,NA,NA,NA,NA,NA,NA,NA,NA,NA,NA,NA,NA,NA,NA,NA,NA,NA,NA,NA,NA,NA,NA,NA,NA,NA,NA,NA,NA,NA,NA,NA,NA,NA,NA,NA,NA,NA,NA,NA,NA,NA,NA,NA,NA,NA,NA,NA,NA,NA,NA,NA,NA,NA,NA,NA,NA,NA,NA,NA,NA,NA,NA,NA,NA,NA,NA,NA,NA,NA,NA,NA,NA,NA,NA,NA,NA,2313,3412,2896,5708,3965,8359,6007,6205,5955,8657,9439,6922,2301,4002,NA,4051,NA,9188,NA,7048,5209,3529,NA,NA,NA,NA,NA,NA,NA,NA,NA,NA,
1018,P1018,NOAA Fisheries,2019,"Breeding season distribution and population grow of California sea lions, Zalphus californianus, in the United States druing 1964-2014",NOAA,Tech memo,UW,California sea lion,Zalophus californianus,Zalophus californianus,Otariidae,https://repository.library.noaa.gov/view/noaa/14198,,,South Farallon Islands,South Farallon Islands,0,1,37.69588167,-123.004588,no,yes,All Individuals,All Individuals,1,Aerial,NA,NA,NA,NA,NA,NA,NA,NA,NA,NA,NA,NA,NA,NA,NA,NA,NA,NA,NA,NA,NA,NA,NA,NA,NA,NA,NA,NA,NA,NA,NA,NA,NA,NA,NA,NA,NA,NA,NA,NA,NA,NA,NA,NA,NA,NA,NA,NA,NA,NA,NA,NA,NA,NA,NA,NA,NA,NA,NA,NA,NA,NA,NA,NA,NA,NA,NA,NA,NA,NA,NA,NA,NA,NA,NA,NA,NA,NA,NA,NA,NA,NA,NA,NA,NA,NA,NA,NA,NA,NA,NA,NA,NA,NA,NA,3977,NA,7810,10049,1327,1538,3134,5067,5851,3260,3440,NA,5843,NA,7516,NA,2994,5310,5799,NA,NA,NA,NA,NA,NA,NA,NA,NA,NA,
1019,P1019,NOAA Fisheries,2019,"Breeding season distribution and population grow of California sea lions, Zalphus californianus, in the United States druing 1964-2014",NOAA,Tech memo,UW,California sea lion,Zalophus californianus,Zalophus californianus,Otariidae,https://repository.library.noaa.gov/view/noaa/14198,,,North Farallon Islands,North Farallon Islands,0,1,37.77055054,-123.1072999,no,yes,All Individuals,All Individuals,1,Aerial,NA,NA,NA,NA,NA,NA,NA,NA,NA,NA,NA,NA,NA,NA,NA,NA,NA,NA,NA,NA,NA,NA,NA,NA,NA,NA,NA,NA,NA,NA,NA,NA,NA,NA,NA,NA,NA,NA,NA,NA,NA,NA,NA,NA,NA,NA,NA,NA,NA,NA,NA,NA,NA,NA,NA,NA,NA,NA,NA,NA,NA,NA,NA,NA,NA,NA,NA,NA,NA,NA,NA,NA,NA,NA,NA,NA,NA,NA,NA,NA,NA,NA,NA,NA,NA,NA,NA,NA,NA,NA,NA,NA,NA,NA,NA,94,NA,NA,114,3,42,2,154,292,95,NA,NA,63,NA,248,NA,NA,45,36,NA,NA,NA,NA,NA,NA,NA,NA,NA,NA,
75,P75,Szteren et al,2006,"Population Status and Trends of the California Sea Lion (Zalophus californianus californianus) in the Gulf of California, Mexico",Alaska Sea Grant,Research Document,UW,California sea lion,Zalophus californianus,Zalophus californianus,Otariidae,DOI:10.4027/slw.2006.25,,https://www.researchgate.net/publication/242466253_Population_Status_and_Trends_of_the_California_Sea_Lion_Zalophus_californianus_californianus_in_the_Gulf_of_California_Mexico,Isla Lobos,Isla Lobos,0,1,30.0482214,-114.5171143,no,yes,All Individuals,All Individuals,1,Ship,NA,NA,NA,NA,NA,NA,NA,NA,NA,NA,NA,NA,NA,NA,NA,NA,NA,NA,NA,NA,NA,NA,NA,NA,NA,NA,NA,NA,NA,NA,NA,NA,NA,NA,NA,NA,NA,NA,NA,NA,NA,NA,NA,NA,NA,NA,NA,NA,NA,NA,NA,NA,NA,NA,NA,NA,NA,NA,NA,NA,NA,NA,NA,NA,NA,NA,NA,NA,NA,NA,NA,NA,NA,NA,NA,NA,NA,NA,NA,2234,NA,NA,NA,NA,2634,1836,2224,1902,NA,NA,NA,NA,NA,NA,NA,NA,NA,NA,NA,NA,NA,NA,1346,NA,1951,NA,NA,NA,NA,NA,NA,NA,NA,NA,NA,NA,NA,NA,NA,NA,NA,NA,NA,NA,
76,P76,Szteren et al,2006,"Population Status and Trends of the California Sea Lion (Zalophus californianus californianus) in the Gulf of California, Mexico",Alaska Sea Grant,Research Document,UW,California sea lion,Zalophus californianus,Zalophus californianus,Otariidae,DOI:10.4027/slw.2006.25,,https://www.researchgate.net/publication/242466253_Population_Status_and_Trends_of_the_California_Sea_Lion_Zalophus_californianus_californianus_in_the_Gulf_of_California_Mexico,R. Consag,R. Consag,0,1,31.5492371,-114.7061794,no,yes,All Individuals,All Individuals,1,Ship,NA,NA,NA,NA,NA,NA,NA,NA,NA,NA,NA,NA,NA,NA,NA,NA,NA,NA,NA,NA,NA,NA,NA,NA,NA,NA,NA,NA,NA,NA,NA,NA,NA,NA,NA,NA,NA,NA,NA,NA,NA,NA,NA,NA,NA,NA,NA,NA,NA,NA,NA,NA,NA,NA,NA,NA,NA,NA,NA,NA,NA,NA,NA,NA,NA,NA,NA,NA,NA,NA,NA,NA,NA,NA,NA,NA,NA,NA,NA,327,NA,420,NA,NA,NA,NA,508,NA,388,NA,NA,NA,NA,NA,NA,NA,NA,552,NA,NA,NA,NA,597,NA,NA,NA,NA,NA,NA,NA,NA,NA,NA,NA,NA,NA,NA,NA,NA,NA,NA,NA,NA,NA,
77,P77,Szteren et al,2006,"Population Status and Trends of the California Sea Lion (Zalophus californianus californianus) in the Gulf of California, Mexico",Alaska Sea Grant,Research Document,UW,California sea lion,Zalophus californianus,Zalophus californianus,Otariidae,DOI:10.4027/slw.2006.25,,https://www.researchgate.net/publication/242466253_Population_Status_and_Trends_of_the_California_Sea_Lion_Zalophus_californianus_californianus_in_the_Gulf_of_California_Mexico,San Jorge,San Jorge,0,1,31.3444888,-113.6420407,no,yes,All Individuals,All Individuals,1,Ship,NA,NA,NA,NA,NA,NA,NA,NA,NA,NA,NA,NA,NA,NA,NA,NA,NA,NA,NA,NA,NA,NA,NA,NA,NA,NA,NA,NA,NA,NA,NA,NA,NA,NA,NA,NA,NA,NA,NA,NA,NA,NA,NA,NA,NA,NA,NA,NA,NA,NA,NA,NA,NA,NA,NA,NA,NA,NA,NA,NA,NA,NA,NA,NA,NA,NA,NA,NA,NA,NA,NA,NA,NA,NA,NA,NA,NA,NA,NA,3245,NA,3339,NA,3663,3371,NA,NA,NA,NA,NA,NA,NA,NA,NA,NA,NA,3906,3820,NA,4402,NA,NA,NA,NA,3817,NA,NA,NA,NA,NA,NA,NA,NA,NA,NA,NA,NA,NA,NA,NA,NA,NA,NA,NA,
78,P78,Szteren et al,2006,"Population Status and Trends of the California Sea Lion (Zalophus californianus californianus) in the Gulf of California, Mexico",Alaska Sea Grant,Research Document,UW,California sea lion,Zalophus californianus,Zalophus californianus,Otariidae,DOI:10.4027/slw.2006.25,,https://www.researchgate.net/publication/242466253_Population_Status_and_Trends_of_the_California_Sea_Lion_Zalophus_californianus_californianus_in_the_Gulf_of_California_Mexico,Farallon de San Ignacio,Farallon de San Ignacio,0,1,25.43705468,-109.3799004,no,yes,All Individuals,All Individuals,1,Ship,NA,NA,NA,NA,NA,NA,NA,NA,NA,NA,NA,NA,NA,NA,NA,NA,NA,NA,NA,NA,NA,NA,NA,NA,NA,NA,NA,NA,NA,NA,NA,NA,NA,NA,NA,NA,NA,NA,NA,NA,NA,NA,NA,NA,NA,NA,NA,NA,NA,NA,NA,NA,NA,NA,NA,NA,NA,NA,NA,NA,NA,NA,NA,NA,NA,NA,NA,NA,NA,NA,NA,NA,NA,NA,NA,NA,NA,NA,NA,NA,NA,418,701,550,438,NA,NA,NA,NA,NA,NA,NA,NA,NA,NA,NA,NA,252,NA,NA,NA,249,418,NA,279,NA,NA,NA,NA,NA,NA,NA,NA,NA,NA,NA,NA,NA,NA,NA,NA,NA,NA,NA,
79,P79,Szteren et al,2006,"Population Status and Trends of the California Sea Lion (Zalophus californianus californianus) in the Gulf of California, Mexico",Alaska Sea Grant,Research Document,UW,California sea lion,Zalophus californianus,Zalophus californianus,Otariidae,DOI:10.4027/slw.2006.25,,https://www.researchgate.net/publication/242466253_Population_Status_and_Trends_of_the_California_Sea_Lion_Zalophus_californianus_californianus_in_the_Gulf_of_California_Mexico,Los Islotes,Los Islotes,0,1,24.40112119,-110.2547149,no,yes,All Individuals,All Individuals,1,Ship,NA,NA,NA,NA,NA,NA,NA,NA,NA,NA,NA,NA,NA,NA,NA,NA,NA,NA,NA,NA,NA,NA,NA,NA,NA,NA,NA,NA,NA,NA,NA,NA,NA,NA,NA,NA,NA,NA,NA,NA,NA,NA,NA,NA,NA,NA,NA,NA,NA,NA,NA,NA,NA,NA,NA,NA,NA,NA,NA,NA,NA,NA,NA,NA,NA,NA,NA,NA,NA,NA,NA,NA,NA,NA,NA,NA,NA,NA,199,210,166,143,175,148,164,213,231,NA,NA,NA,262,NA,260,NA,369,327,347,376,288,296,335,390,343,NA,437,NA,NA,NA,NA,NA,NA,NA,NA,NA,NA,NA,NA,NA,NA,NA,NA,NA,NA,NA,
80,P80,Szteren et al,2006,"Population Status and Trends of the California Sea Lion (Zalophus californianus californianus) in the Gulf of California, Mexico",Alaska Sea Grant,Research Document,UW,California sea lion,Zalophus californianus,Zalophus californianus,Otariidae,DOI:10.4027/slw.2006.25,,https://www.researchgate.net/publication/242466253_Population_Status_and_Trends_of_the_California_Sea_Lion_Zalophus_californianus_californianus_in_the_Gulf_of_California_Mexico,San Pedro Nolasco,San Pedro Nolasco,0,1,27.96686502,-111.3779143,no,yes,All Individuals,All Individuals,1,Ship,NA,NA,NA,NA,NA,NA,NA,NA,NA,NA,NA,NA,NA,NA,NA,NA,NA,NA,NA,NA,NA,NA,NA,NA,NA,NA,NA,NA,NA,NA,NA,NA,NA,NA,NA,NA,NA,NA,NA,NA,NA,NA,NA,NA,NA,NA,NA,NA,NA,NA,NA,NA,NA,NA,NA,NA,NA,NA,NA,NA,NA,NA,NA,NA,NA,NA,NA,NA,NA,NA,NA,NA,NA,NA,NA,NA,NA,NA,NA,894,NA,1124,NA,825,750,NA,868,981,NA,NA,1281,1187,431,556,481,650,656,657,NA,NA,NA,NA,NA,NA,NA,NA,NA,NA,NA,NA,NA,NA,NA,NA,NA,NA,NA,NA,NA,NA,NA,NA,NA,NA,
801,P801,Szteren et al,2006,"Population Status and Trends of the California Sea Lion (Zalophus californianus californianus) in the Gulf of California, Mexico",Alaska Sea Grant,Research Document,UW,California sea lion,Zalophus californianus,Zalophus californianus,Otariidae,DOI:10.4027/slw.2006.25,,https://www.researchgate.net/publication/242466253_Population_Status_and_Trends_of_the_California_Sea_Lion_Zalophus_californianus_californianus_in_the_Gulf_of_California_Mexico,Isla Granito,Isla Granito,0,1,29.5644,-113.5397752,no,yes,All Individuals,All Individuals,1,Ship,NA,NA,NA,NA,NA,NA,NA,NA,NA,NA,NA,NA,NA,NA,NA,NA,NA,NA,NA,NA,NA,NA,NA,NA,NA,NA,NA,NA,NA,NA,NA,NA,NA,NA,NA,NA,NA,NA,NA,NA,NA,NA,NA,NA,NA,NA,NA,NA,NA,NA,NA,NA,NA,NA,NA,NA,NA,NA,NA,NA,NA,NA,NA,NA,NA,NA,NA,NA,NA,NA,NA,NA,NA,NA,NA,NA,NA,NA,NA,1186,NA,1120,NA,NA,1112,NA,1498,NA,NA,NA,1169,1663,816,652,857,882,931,832,NA,NA,890,NA,553,NA,849,NA,NA,NA,NA,NA,NA,NA,NA,NA,NA,NA,NA,NA,NA,NA,NA,NA,NA,NA,
802,P802,Szteren et al,2006,"Population Status and Trends of the California Sea Lion (Zalophus californianus californianus) in the Gulf of California, Mexico",Alaska Sea Grant,Research Document,UW,California sea lion,Zalophus californianus,Zalophus californianus,Otariidae,DOI:10.4027/slw.2006.25,,https://www.researchgate.net/publication/242466253_Population_Status_and_Trends_of_the_California_Sea_Lion_Zalophus_californianus_californianus_in_the_Gulf_of_California_Mexico,Los Cantiles,Los Cantiles,0,1,29.46524139,-113.3918963,no,yes,All Individuals,All Individuals,1,Ship,NA,NA,NA,NA,NA,NA,NA,NA,NA,NA,NA,NA,NA,NA,NA,NA,NA,NA,NA,NA,NA,NA,NA,NA,NA,NA,NA,NA,NA,NA,NA,NA,NA,NA,NA,NA,NA,NA,NA,NA,NA,NA,NA,NA,NA,NA,NA,NA,NA,NA,NA,NA,NA,NA,NA,NA,NA,NA,NA,NA,NA,NA,NA,NA,NA,NA,NA,NA,NA,NA,NA,NA,NA,NA,NA,NA,NA,NA,NA,1816,NA,1374,NA,NA,1261,1458,1637,1760,1703,1571,1355,1298,1091,762,875,1251,941,931,875,734,771,NA,772,NA,630,NA,NA,NA,NA,NA,NA,NA,NA,NA,NA,NA,NA,NA,NA,NA,NA,NA,NA,NA,
803,P803,Szteren et al,2006,"Population Status and Trends of the California Sea Lion (Zalophus californianus californianus) in the Gulf of California, Mexico",Alaska Sea Grant,Research Document,UW,California sea lion,Zalophus californianus,Zalophus californianus,Otariidae,DOI:10.4027/slw.2006.25,,https://www.researchgate.net/publication/242466253_Population_Status_and_Trends_of_the_California_Sea_Lion_Zalophus_californianus_californianus_in_the_Gulf_of_California_Mexico,Los Machos,Los Machos,0,1,29.33914735,-113.5557194,no,yes,All Individuals,All Individuals,1,Ship,NA,NA,NA,NA,NA,NA,NA,NA,NA,NA,NA,NA,NA,NA,NA,NA,NA,NA,NA,NA,NA,NA,NA,NA,NA,NA,NA,NA,NA,NA,NA,NA,NA,NA,NA,NA,NA,NA,NA,NA,NA,NA,NA,NA,NA,NA,NA,NA,NA,NA,NA,NA,NA,NA,NA,NA,NA,NA,NA,NA,NA,NA,NA,NA,NA,NA,NA,NA,NA,NA,NA,NA,NA,NA,NA,NA,NA,NA,NA,1318,NA,1531,NA,NA,1679,NA,NA,1654,NA,NA,1506,1013,915,923,750,676,882,767,824,619,898,NA,NA,NA,578,NA,NA,NA,NA,NA,NA,NA,NA,NA,NA,NA,NA,NA,NA,NA,NA,NA,NA,NA,
804,P804,Szteren et al,2006,"Population Status and Trends of the California Sea Lion (Zalophus californianus californianus) in the Gulf of California, Mexico",Alaska Sea Grant,Research Document,UW,California sea lion,Zalophus californianus,Zalophus californianus,Otariidae,DOI:10.4027/slw.2006.25,,https://www.researchgate.net/publication/242466253_Population_Status_and_Trends_of_the_California_Sea_Lion_Zalophus_californianus_californianus_in_the_Gulf_of_California_Mexico,El Partido,El Partido,0,1,28.93751023,-113.0695168,no,yes,All Individuals,All Individuals,1,Ship,NA,NA,NA,NA,NA,NA,NA,NA,NA,NA,NA,NA,NA,NA,NA,NA,NA,NA,NA,NA,NA,NA,NA,NA,NA,NA,NA,NA,NA,NA,NA,NA,NA,NA,NA,NA,NA,NA,NA,NA,NA,NA,NA,NA,NA,NA,NA,NA,NA,NA,NA,NA,NA,NA,NA,NA,NA,NA,NA,NA,NA,NA,NA,NA,NA,NA,NA,NA,NA,NA,NA,NA,NA,NA,NA,NA,NA,NA,NA,NA,NA,NA,NA,NA,NA,655,804,1086,NA,NA,820,916,692,847,548,510,857,372,553,665,612,NA,489,NA,447,NA,NA,NA,NA,NA,NA,NA,NA,NA,NA,NA,NA,NA,NA,NA,NA,NA,NA,NA,
805,P805,Szteren et al,2006,"Population Status and Trends of the California Sea Lion (Zalophus californianus californianus) in the Gulf of California, Mexico",Alaska Sea Grant,Research Document,UW,California sea lion,Zalophus californianus,Zalophus californianus,Otariidae,DOI:10.4027/slw.2006.25,,https://www.researchgate.net/publication/242466253_Population_Status_and_Trends_of_the_California_Sea_Lion_Zalophus_californianus_californianus_in_the_Gulf_of_California_Mexico,Rasito,Rasito,0,1,28.78048333,-112.8600803,no,yes,All Individuals,All Individuals,1,Ship,NA,NA,NA,NA,NA,NA,NA,NA,NA,NA,NA,NA,NA,NA,NA,NA,NA,NA,NA,NA,NA,NA,NA,NA,NA,NA,NA,NA,NA,NA,NA,NA,NA,NA,NA,NA,NA,NA,NA,NA,NA,NA,NA,NA,NA,NA,NA,NA,NA,NA,NA,NA,NA,NA,NA,NA,NA,NA,NA,NA,NA,NA,NA,NA,NA,NA,NA,NA,NA,NA,NA,NA,NA,NA,NA,NA,NA,NA,NA,205,NA,NA,NA,310,468,392,578,560,NA,NA,334,431,381,534,278,260,247,247,215,276,331,NA,236,NA,373,NA,NA,NA,NA,NA,NA,NA,NA,NA,NA,NA,NA,NA,NA,NA,NA,NA,NA,NA,
806,P806,Szteren et al,2006,"Population Status and Trends of the California Sea Lion (Zalophus californianus californianus) in the Gulf of California, Mexico",Alaska Sea Grant,Research Document,UW,California sea lion,Zalophus californianus,Zalophus californianus,Otariidae,DOI:10.4027/slw.2006.25,,https://www.researchgate.net/publication/242466253_Population_Status_and_Trends_of_the_California_Sea_Lion_Zalophus_californianus_californianus_in_the_Gulf_of_California_Mexico,San Esteban,San Esteban,0,1,28.66880095,-112.5465352,no,yes,All Individuals,All Individuals,1,Ship,NA,NA,NA,NA,NA,NA,NA,NA,NA,NA,NA,NA,NA,NA,NA,NA,NA,NA,NA,NA,NA,NA,NA,NA,NA,NA,NA,NA,NA,NA,NA,NA,NA,NA,NA,NA,NA,NA,NA,NA,NA,NA,NA,NA,NA,NA,NA,NA,NA,NA,NA,NA,NA,NA,NA,NA,NA,NA,NA,NA,NA,NA,NA,NA,NA,NA,NA,NA,NA,NA,NA,NA,NA,NA,NA,NA,NA,NA,NA,3581,NA,3600,NA,NA,4449,NA,NA,4541,NA,NA,5224,5224,3784,3083,3803,4929,4855,4966,NA,NA,NA,NA,NA,NA,5649,NA,NA,NA,NA,NA,NA,NA,NA,NA,NA,NA,NA,NA,NA,NA,NA,NA,NA,NA,
807,P807,Szteren et al,2006,"Population Status and Trends of the California Sea Lion (Zalophus californianus californianus) in the Gulf of California, Mexico",Alaska Sea Grant,Research Document,UW,California sea lion,Zalophus californianus,Zalophus californianus,Otariidae,DOI:10.4027/slw.2006.25,,https://www.researchgate.net/publication/242466253_Population_Status_and_Trends_of_the_California_Sea_Lion_Zalophus_californianus_californianus_in_the_Gulf_of_California_Mexico,San Pedro Martir,San Pedro Martir,0,1,28.38542093,-112.3199882,no,yes,All Individuals,All Individuals,1,Ship,NA,NA,NA,NA,NA,NA,NA,NA,NA,NA,NA,NA,NA,NA,NA,NA,NA,NA,NA,NA,NA,NA,NA,NA,NA,NA,NA,NA,NA,NA,NA,NA,NA,NA,NA,NA,NA,NA,NA,NA,NA,NA,NA,NA,NA,NA,NA,NA,NA,NA,NA,NA,NA,NA,NA,NA,NA,NA,NA,NA,NA,NA,NA,NA,NA,NA,NA,NA,NA,NA,NA,NA,NA,NA,NA,NA,1008,NA,NA,1634,NA,1686,NA,NA,1417,1373,2121,1878,NA,NA,2113,1843,1834,1878,1017,1530,1191,1565,NA,NA,1113,NA,NA,NA,1182,NA,NA,NA,NA,NA,NA,NA,NA,NA,NA,NA,NA,NA,NA,NA,NA,NA,NA,NA,
808,P808,Lowry and Maravilla-Chavez,2005,"Recent abundance of California sea lions in western Baja California, Mexico and the United States.",Proceedings of the sixth California Islands symposium,Journal Article,UW,California sea lion,Zalophus californianus,Zalophus californianus,Otariidae,https://sbbotanicgarden.org/wp-content/uploads/2022/09/Lowry-Maravilla-Chavez-2005-CA-sea-lions-in-W-Baja-USA.pdf,,https://sbbotanicgarden.org/wp-content/uploads/2022/09/Lowry-Maravilla-Chavez-2005-CA-sea-lions-in-W-Baja-USA.pdf,Islas Los Coronados,Islas Los Coronados,0,1,32.41956986,-117.2552008,no,yes,Pups,Pups,4.78,Combination,NA,NA,NA,NA,NA,NA,NA,NA,NA,NA,NA,NA,NA,NA,NA,NA,NA,NA,NA,NA,NA,NA,NA,NA,NA,NA,NA,NA,NA,NA,NA,NA,NA,NA,NA,NA,NA,NA,NA,NA,NA,NA,NA,NA,NA,NA,NA,NA,NA,NA,NA,NA,NA,NA,NA,NA,NA,NA,NA,NA,NA,NA,NA,NA,NA,NA,NA,NA,NA,NA,NA,NA,NA,NA,NA,NA,NA,NA,NA,NA,NA,NA,NA,NA,NA,NA,NA,NA,NA,NA,52,NA,12,42,NA,34,NA,52,NA,64,82,NA,NA,NA,NA,NA,NA,NA,NA,NA,NA,NA,NA,NA,NA,NA,NA,NA,NA,NA,NA,NA,NA,NA,
809,P809,Lowry and Maravilla-Chavez,2005,"Recent abundance of California sea lions in western Baja California, Mexico and the United States.",Proceedings of the sixth California Islands symposium,Journal Article,UW,California sea lion,Zalophus californianus,Zalophus californianus,Otariidae,https://sbbotanicgarden.org/wp-content/uploads/2022/09/Lowry-Maravilla-Chavez-2005-CA-sea-lions-in-W-Baja-USA.pdf,,https://sbbotanicgarden.org/wp-content/uploads/2022/09/Lowry-Maravilla-Chavez-2005-CA-sea-lions-in-W-Baja-USA.pdf,Isla San Jeronimo,Isla San Jeronimo,0,1,29.79082524,-115.7899781,no,yes,Pups,Pups,4.78,Combination,NA,NA,NA,NA,NA,NA,NA,NA,NA,NA,NA,NA,NA,NA,NA,NA,NA,NA,NA,NA,NA,NA,NA,NA,NA,NA,NA,NA,NA,NA,NA,NA,NA,NA,NA,NA,NA,NA,NA,NA,NA,NA,NA,NA,NA,NA,NA,NA,NA,NA,NA,NA,NA,NA,NA,NA,NA,NA,NA,NA,NA,NA,NA,NA,NA,NA,NA,NA,NA,NA,NA,NA,NA,NA,NA,NA,NA,NA,NA,NA,NA,NA,NA,NA,NA,NA,NA,NA,NA,NA,0,NA,33,3,NA,1,NA,0,NA,1,0,NA,NA,NA,NA,NA,NA,NA,NA,NA,NA,NA,NA,NA,NA,NA,NA,NA,NA,NA,NA,NA,NA,NA,
810,P810,Lowry and Maravilla-Chavez,2005,"Recent abundance of California sea lions in western Baja California, Mexico and the United States.",Proceedings of the sixth California Islands symposium,Journal Article,UW,California sea lion,Zalophus californianus,Zalophus californianus,Otariidae,https://sbbotanicgarden.org/wp-content/uploads/2022/09/Lowry-Maravilla-Chavez-2005-CA-sea-lions-in-W-Baja-USA.pdf,,https://sbbotanicgarden.org/wp-content/uploads/2022/09/Lowry-Maravilla-Chavez-2005-CA-sea-lions-in-W-Baja-USA.pdf,Isla Cedros,Isla Cedros,0,1,28.08565262,-115.3627128,no,yes,Pups,Pups,4.78,Combination,NA,NA,NA,NA,NA,NA,NA,NA,NA,NA,NA,NA,NA,NA,NA,NA,NA,NA,NA,NA,NA,NA,NA,NA,NA,NA,NA,NA,NA,NA,NA,NA,NA,NA,NA,NA,NA,NA,NA,NA,NA,NA,NA,NA,NA,NA,NA,NA,NA,NA,NA,NA,NA,NA,NA,NA,NA,NA,NA,NA,NA,NA,NA,NA,NA,NA,NA,NA,NA,NA,NA,NA,NA,NA,NA,NA,NA,NA,NA,NA,NA,NA,NA,NA,NA,NA,NA,NA,NA,NA,2016,NA,741,1276,NA,1835,NA,1456,NA,NA,2963,NA,NA,NA,NA,NA,NA,NA,NA,NA,NA,NA,NA,NA,NA,NA,NA,NA,NA,NA,NA,NA,NA,NA,
811,P811,Lowry and Maravilla-Chavez,2005,"Recent abundance of California sea lions in western Baja California, Mexico and the United States.",Proceedings of the sixth California Islands symposium,Journal Article,UW,California sea lion,Zalophus californianus,Zalophus californianus,Otariidae,https://sbbotanicgarden.org/wp-content/uploads/2022/09/Lowry-Maravilla-Chavez-2005-CA-sea-lions-in-W-Baja-USA.pdf,,https://sbbotanicgarden.org/wp-content/uploads/2022/09/Lowry-Maravilla-Chavez-2005-CA-sea-lions-in-W-Baja-USA.pdf,Piedra Colorada Isla Cedros,Piedra Colorada Isla Cedros,0,1,28.31219761,-115.2624386,no,yes,Pups,Pups,4.78,Combination,NA,NA,NA,NA,NA,NA,NA,NA,NA,NA,NA,NA,NA,NA,NA,NA,NA,NA,NA,NA,NA,NA,NA,NA,NA,NA,NA,NA,NA,NA,NA,NA,NA,NA,NA,NA,NA,NA,NA,NA,NA,NA,NA,NA,NA,NA,NA,NA,NA,NA,NA,NA,NA,NA,NA,NA,NA,NA,NA,NA,NA,NA,NA,NA,NA,NA,NA,NA,NA,NA,NA,NA,NA,NA,NA,NA,NA,NA,NA,NA,NA,NA,NA,NA,NA,NA,NA,NA,NA,NA,NA,NA,74,69,NA,NA,NA,117,NA,137,309,NA,NA,NA,NA,NA,NA,NA,NA,NA,NA,NA,NA,NA,NA,NA,NA,NA,NA,NA,NA,NA,NA,NA,
812,P812,Lowry and Maravilla-Chavez,2005,"Recent abundance of California sea lions in western Baja California, Mexico and the United States.",Proceedings of the sixth California Islands symposium,Journal Article,UW,California sea lion,Zalophus californianus,Zalophus californianus,Otariidae,https://sbbotanicgarden.org/wp-content/uploads/2022/09/Lowry-Maravilla-Chavez-2005-CA-sea-lions-in-W-Baja-USA.pdf,,https://sbbotanicgarden.org/wp-content/uploads/2022/09/Lowry-Maravilla-Chavez-2005-CA-sea-lions-in-W-Baja-USA.pdf,Isla Benito del Este,Isla Benito del Este,0,1,28.30487436,-115.5503559,no,yes,Pups,Pups,4.78,Combination,NA,NA,NA,NA,NA,NA,NA,NA,NA,NA,NA,NA,NA,NA,NA,NA,NA,NA,NA,NA,NA,NA,NA,NA,NA,NA,NA,NA,NA,NA,NA,NA,NA,NA,NA,NA,NA,NA,NA,NA,NA,NA,NA,NA,NA,NA,NA,NA,NA,NA,NA,NA,NA,NA,NA,NA,NA,NA,NA,NA,NA,NA,NA,NA,NA,NA,NA,NA,NA,NA,NA,NA,NA,NA,NA,NA,NA,NA,NA,900,NA,NA,NA,NA,NA,NA,NA,NA,NA,609,849,NA,347,416,NA,495,NA,695,NA,914,1547,NA,NA,NA,NA,NA,NA,NA,NA,NA,NA,NA,NA,NA,NA,NA,NA,NA,NA,NA,NA,NA,NA,NA,
813,P813,Lowry and Maravilla-Chavez,2005,"Recent abundance of California sea lions in western Baja California, Mexico and the United States.",Proceedings of the sixth California Islands symposium,Journal Article,UW,California sea lion,Zalophus californianus,Zalophus californianus,Otariidae,https://sbbotanicgarden.org/wp-content/uploads/2022/09/Lowry-Maravilla-Chavez-2005-CA-sea-lions-in-W-Baja-USA.pdf,,https://sbbotanicgarden.org/wp-content/uploads/2022/09/Lowry-Maravilla-Chavez-2005-CA-sea-lions-in-W-Baja-USA.pdf,Isla Benito del Centro,Isla Benito del Centro,0,1,28.30514773,-115.5678468,no,yes,Pups,Pups,4.78,Combination,NA,NA,NA,NA,NA,NA,NA,NA,NA,NA,NA,NA,NA,NA,NA,NA,NA,NA,NA,NA,NA,NA,NA,NA,NA,NA,NA,NA,NA,NA,NA,NA,NA,NA,NA,NA,NA,NA,NA,NA,NA,NA,NA,NA,NA,NA,NA,NA,NA,NA,NA,NA,NA,NA,NA,NA,NA,NA,NA,NA,NA,NA,NA,NA,NA,NA,NA,NA,NA,NA,NA,NA,NA,NA,NA,NA,NA,NA,NA,2560,NA,NA,NA,NA,NA,NA,NA,NA,NA,1414,1725,NA,801,946,NA,1701,NA,2118,NA,1920,2956,NA,NA,NA,NA,NA,NA,NA,NA,NA,NA,NA,NA,NA,NA,NA,NA,NA,NA,NA,NA,NA,NA,NA,
814,P814,Lowry and Maravilla-Chavez,2005,"Recent abundance of California sea lions in western Baja California, Mexico and the United States.",Proceedings of the sixth California Islands symposium,Journal Article,UW,California sea lion,Zalophus californianus,Zalophus californianus,Otariidae,https://sbbotanicgarden.org/wp-content/uploads/2022/09/Lowry-Maravilla-Chavez-2005-CA-sea-lions-in-W-Baja-USA.pdf,,https://sbbotanicgarden.org/wp-content/uploads/2022/09/Lowry-Maravilla-Chavez-2005-CA-sea-lions-in-W-Baja-USA.pdf,Isla Benito del Oeste,Isla Benito del Oeste,0,1,28.30931124,-115.6039476,no,yes,Pups,Pups,4.78,Combination,NA,NA,NA,NA,NA,NA,NA,NA,NA,NA,NA,NA,NA,NA,NA,NA,NA,NA,NA,NA,NA,NA,NA,NA,NA,NA,NA,NA,NA,NA,NA,NA,NA,NA,NA,NA,NA,NA,NA,NA,NA,NA,NA,NA,NA,NA,NA,NA,NA,NA,NA,NA,NA,NA,NA,NA,NA,NA,NA,NA,NA,NA,NA,NA,NA,NA,NA,NA,NA,NA,NA,NA,NA,NA,NA,NA,NA,NA,NA,283,NA,NA,NA,NA,NA,NA,NA,NA,NA,111,274,NA,NA,83,NA,NA,NA,NA,NA,205,320,NA,NA,NA,NA,NA,NA,NA,NA,NA,NA,NA,NA,NA,NA,NA,NA,NA,NA,NA,NA,NA,NA,NA,
815,P815,Lowry and Maravilla-Chavez,2005,"Recent abundance of California sea lions in western Baja California, Mexico and the United States.",Proceedings of the sixth California Islands symposium,Journal Article,UW,California sea lion,Zalophus californianus,Zalophus californianus,Otariidae,https://sbbotanicgarden.org/wp-content/uploads/2022/09/Lowry-Maravilla-Chavez-2005-CA-sea-lions-in-W-Baja-USA.pdf,,https://sbbotanicgarden.org/wp-content/uploads/2022/09/Lowry-Maravilla-Chavez-2005-CA-sea-lions-in-W-Baja-USA.pdf,Isla Natividad,Isla Natividad,0,1,27.8511639,-115.1826827,no,yes,Pups,Pups,4.78,Combination,NA,NA,NA,NA,NA,NA,NA,NA,NA,NA,NA,NA,NA,NA,NA,NA,NA,NA,NA,NA,NA,NA,NA,NA,NA,NA,NA,NA,NA,NA,NA,NA,NA,NA,NA,NA,NA,NA,NA,NA,NA,NA,NA,NA,NA,NA,NA,NA,NA,NA,NA,NA,NA,NA,NA,NA,NA,NA,NA,NA,NA,NA,NA,NA,NA,NA,NA,NA,NA,NA,NA,NA,NA,NA,NA,NA,NA,NA,NA,NA,NA,NA,NA,NA,NA,NA,NA,NA,NA,NA,1627,NA,715,786,NA,951,NA,NA,NA,1152,1870,NA,NA,NA,NA,NA,NA,NA,NA,NA,NA,NA,NA,NA,NA,NA,NA,NA,NA,NA,NA,NA,NA,NA,
816,P816,Lowry and Maravilla-Chavez,2005,"Recent abundance of California sea lions in western Baja California, Mexico and the United States.",Proceedings of the sixth California Islands symposium,Journal Article,UW,California sea lion,Zalophus californianus,Zalophus californianus,Otariidae,https://sbbotanicgarden.org/wp-content/uploads/2022/09/Lowry-Maravilla-Chavez-2005-CA-sea-lions-in-W-Baja-USA.pdf,,https://sbbotanicgarden.org/wp-content/uploads/2022/09/Lowry-Maravilla-Chavez-2005-CA-sea-lions-in-W-Baja-USA.pdf,Isla Asuncion,Isla Asuncion,0,1,27.10057036,-114.2962637,no,yes,Pups,Pups,4.78,Combination,NA,NA,NA,NA,NA,NA,NA,NA,NA,NA,NA,NA,NA,NA,NA,NA,NA,NA,NA,NA,NA,NA,NA,NA,NA,NA,NA,NA,NA,NA,NA,NA,NA,NA,NA,NA,NA,NA,NA,NA,NA,NA,NA,NA,NA,NA,NA,NA,NA,NA,NA,NA,NA,NA,NA,NA,NA,NA,NA,NA,NA,NA,NA,NA,NA,NA,NA,NA,NA,NA,NA,NA,NA,NA,NA,NA,NA,NA,NA,1582,NA,NA,NA,NA,NA,NA,NA,NA,NA,1334,NA,NA,NA,913,NA,1550,NA,1472,NA,1558,1891,NA,NA,NA,NA,NA,NA,NA,NA,NA,NA,NA,NA,NA,NA,NA,NA,NA,NA,NA,NA,NA,NA,NA,
817,P817,Lowry and Maravilla-Chavez,2005,"Recent abundance of California sea lions in western Baja California, Mexico and the United States.",Proceedings of the sixth California Islands symposium,Journal Article,UW,California sea lion,Zalophus californianus,Zalophus californianus,Otariidae,https://sbbotanicgarden.org/wp-content/uploads/2022/09/Lowry-Maravilla-Chavez-2005-CA-sea-lions-in-W-Baja-USA.pdf,,https://sbbotanicgarden.org/wp-content/uploads/2022/09/Lowry-Maravilla-Chavez-2005-CA-sea-lions-in-W-Baja-USA.pdf,Isla Santa Margarita,Isla Santa Margarita,0,1,24.48817127,-111.9780498,no,yes,Pups,Pups,4.78,Combination,NA,NA,NA,NA,NA,NA,NA,NA,NA,NA,NA,NA,NA,NA,NA,NA,NA,NA,NA,NA,NA,NA,NA,NA,NA,NA,NA,NA,NA,NA,NA,NA,NA,NA,NA,NA,NA,NA,NA,NA,NA,NA,NA,NA,NA,NA,NA,NA,NA,NA,NA,NA,NA,NA,NA,NA,NA,NA,NA,NA,NA,NA,NA,NA,NA,NA,NA,NA,NA,NA,NA,NA,NA,NA,NA,NA,NA,NA,NA,1202,NA,NA,NA,NA,NA,NA,NA,NA,NA,NA,1638,NA,NA,1341,NA,NA,NA,NA,NA,1181,1673,NA,NA,NA,NA,NA,NA,NA,NA,NA,NA,NA,NA,NA,NA,NA,NA,NA,NA,NA,NA,NA,NA,NA,
81,P81,WWF,2000,Cape fur seal report,WWF South Africa,Tech memo,LPI,Cape fur seal,Arctocephalus pusillus pusillus,Arctocephalus pusillus pusillus,Otariidae,NA,,NA,South Africa Total,,,1,-29.26796513,16.86813566,yes,no,Number of pups born,Pups,4.78,Unknown,NA,NA,NA,NA,NA,NA,NA,NA,NA,NA,NA,NA,NA,NA,NA,NA,NA,NA,NA,NA,NA,NA,NA,NA,NA,NA,NA,NA,NA,NA,NA,NA,NA,NA,NA,NA,NA,NA,NA,NA,NA,NA,NA,NA,NA,NA,NA,NA,NA,NA,NA,NA,NA,NA,NA,NA,NA,NA,NA,NA,NA,NA,NA,NA,NA,NA,NA,NA,NA,NA,144997,151078,NA,NA,NA,175403,181484,NA,NA,208726,228318,NA,267501,NA,NA,277292,NA,NA,287082,NA,305926,NA,324769,NA,NA,317876,NA,313281,NA,NA,NA,NA,NA,NA,NA,NA,NA,NA,NA,NA,NA,NA,NA,NA,NA,NA,NA,NA,NA,NA,NA,NA,NA,NA,
82,P82,S. Kirkman et al,2012,"Spatio-temporal shifts of the dynamic Cape fur seal population in southern Africa, based on aerial censuses (1972-2009)",Marine Mammal Science,Journal Article,UW,Cape fur seal,Arctocephalus pusillus pusillus,Arctocephalus pusillus pusillus,Otariidae,https://doi.org/10.1111/j.1748-7692.2012.00584.x,,https://onlinelibrary.wiley.com/doi/full/10.1111/j.1748-7692.2012.00584.x,Albatross Rock,Albatross Rock,0,1,-27.1185322,15.23773126,no,yes,Live pups,Pups,1,Aerial,NA,NA,NA,NA,NA,NA,NA,NA,NA,NA,NA,NA,NA,NA,NA,NA,NA,NA,NA,NA,NA,NA,NA,NA,NA,NA,NA,NA,NA,NA,NA,NA,NA,NA,NA,NA,NA,NA,NA,NA,NA,NA,NA,NA,NA,NA,NA,NA,NA,NA,NA,NA,NA,NA,NA,NA,NA,NA,NA,NA,NA,NA,NA,NA,NA,NA,NA,NA,NA,NA,NA,NA,NA,NA,NA,2931,NA,NA,4974,NA,NA,NA,5336,NA,NA,3966,NA,NA,4837,NA,NA,1889,NA,2402,NA,3016,3425,NA,NA,1140,NA,NA,NA,NA,2013,NA,NA,3394,NA,NA,NA,NA,NA,NA,NA,NA,NA,NA,NA,NA,NA,NA,NA,NA,
83,P83,S. Kirkman et al,2012,"Spatio-temporal shifts of the dynamic Cape fur seal population in southern Africa, based on aerial censuses (1972-2009)",Marine Mammal Science,Journal Article,UW,Cape fur seal,Arctocephalus pusillus pusillus,Arctocephalus pusillus pusillus,Otariidae,https://doi.org/10.1111/j.1748-7692.2012.00584.x,,https://onlinelibrary.wiley.com/doi/full/10.1111/j.1748-7692.2012.00584.x,Atlas Bay,Atlas Bay,0,1,-26.83275428,15.13773321,no,yes,Live pups,Pups,1,Aerial,NA,NA,NA,NA,NA,NA,NA,NA,NA,NA,NA,NA,NA,NA,NA,NA,NA,NA,NA,NA,NA,NA,NA,NA,NA,NA,NA,NA,NA,NA,NA,NA,NA,NA,NA,NA,NA,NA,NA,NA,NA,NA,NA,NA,NA,NA,NA,NA,NA,NA,NA,NA,NA,NA,NA,NA,NA,NA,NA,NA,NA,NA,NA,NA,NA,NA,NA,NA,NA,NA,NA,NA,NA,NA,NA,NA,NA,43473,60504,NA,NA,NA,NA,NA,NA,NA,NA,51042,49781,49150,NA,NA,NA,64920,15087,6255,NA,NA,52304,NA,NA,16979,NA,52304,34011,42211,8148,NA,NA,34641,NA,NA,NA,NA,NA,NA,NA,NA,NA,NA,NA,NA,NA,NA,
84,P84,S. Kirkman et al,2012,"Spatio-temporal shifts of the dynamic Cape fur seal population in southern Africa, based on aerial censuses (1972-2009)",Marine Mammal Science,Journal Article,UW,Cape fur seal,Arctocephalus pusillus pusillus,Arctocephalus pusillus pusillus,Otariidae,https://doi.org/10.1111/j.1748-7692.2012.00584.x,,https://onlinelibrary.wiley.com/doi/full/10.1111/j.1748-7692.2012.00584.x,Bird Island,Bird Island,0,1,-32.08935537,18.3015128,no,yes,Live pups,Pups,1,Aerial,NA,NA,NA,NA,NA,NA,NA,NA,NA,NA,NA,NA,NA,NA,NA,NA,NA,NA,NA,NA,NA,NA,NA,NA,NA,NA,NA,NA,NA,NA,NA,NA,NA,NA,NA,NA,NA,NA,NA,NA,NA,NA,NA,NA,NA,NA,NA,NA,NA,NA,NA,NA,NA,NA,NA,NA,NA,NA,NA,NA,NA,NA,NA,NA,NA,NA,NA,NA,NA,NA,NA,NA,NA,NA,NA,NA,NA,NA,NA,NA,NA,NA,NA,NA,NA,166,156,148,NA,90,147,NA,NA,NA,284,403,393,251,NA,NA,NA,331,NA,431,NA,440,NA,436,431,NA,NA,NA,NA,NA,NA,NA,NA,NA,NA,NA,NA,NA,NA,NA,
85,P85,S. Kirkman et al,2012,"Spatio-temporal shifts of the dynamic Cape fur seal population in southern Africa, based on aerial censuses (1972-2009)",Marine Mammal Science,Journal Article,UW,Cape fur seal,Arctocephalus pusillus pusillus,Arctocephalus pusillus pusillus,Otariidae,https://doi.org/10.1111/j.1748-7692.2012.00584.x,,https://onlinelibrary.wiley.com/doi/full/10.1111/j.1748-7692.2012.00584.x,Black Rock,Black Rock,0,1,-27.39490984,15.3460055,no,yes,Live pups,Pups,1,Aerial,NA,NA,NA,NA,NA,NA,NA,NA,NA,NA,NA,NA,NA,NA,NA,NA,NA,NA,NA,NA,NA,NA,NA,NA,NA,NA,NA,NA,NA,NA,NA,NA,NA,NA,NA,NA,NA,NA,NA,NA,NA,NA,NA,NA,NA,NA,NA,NA,NA,NA,NA,NA,NA,NA,NA,NA,NA,NA,NA,NA,NA,NA,NA,NA,NA,NA,NA,NA,NA,NA,NA,NA,NA,NA,NA,NA,283,NA,NA,338,NA,NA,287,NA,421,274,413,460,436,NA,448,NA,273,NA,317,281,126,277,NA,259,NA,NA,323,NA,NA,343,NA,340,NA,NA,NA,NA,NA,NA,NA,NA,NA,NA,NA,NA,NA,NA,NA,NA,
86,P86,S. Kirkman et al,2012,"Spatio-temporal shifts of the dynamic Cape fur seal population in southern Africa, based on aerial censuses (1972-2009)",Marine Mammal Science,Journal Article,UW,Cape fur seal,Arctocephalus pusillus pusillus,Arctocephalus pusillus pusillus,Otariidae,https://doi.org/10.1111/j.1748-7692.2012.00584.x,,https://onlinelibrary.wiley.com/doi/full/10.1111/j.1748-7692.2012.00584.x,Black Rocks,Black Rocks,0,1,-27.39490984,15.3460055,no,yes,Live pups,Pups,1,Aerial,NA,NA,NA,NA,NA,NA,NA,NA,NA,NA,NA,NA,NA,NA,NA,NA,NA,NA,NA,NA,NA,NA,NA,NA,NA,NA,NA,NA,NA,NA,NA,NA,NA,NA,NA,NA,NA,NA,NA,NA,NA,NA,NA,NA,NA,NA,NA,NA,NA,NA,NA,NA,NA,NA,NA,NA,NA,NA,NA,NA,NA,NA,NA,NA,NA,NA,NA,NA,NA,NA,NA,NA,NA,NA,772,NA,103,NA,NA,571,NA,NA,638,NA,NA,NA,745,NA,738,NA,NA,NA,584,NA,NA,NA,451,243,NA,NA,NA,611,NA,558,176,116,NA,NA,705,NA,NA,NA,NA,NA,NA,NA,NA,NA,NA,NA,NA,NA,NA,NA,
87,P87,S. Kirkman et al,2012,"Spatio-temporal shifts of the dynamic Cape fur seal population in southern Africa, based on aerial censuses (1972-2009)",Marine Mammal Science,Journal Article,UW,Cape fur seal,Arctocephalus pusillus pusillus,Arctocephalus pusillus pusillus,Otariidae,https://doi.org/10.1111/j.1748-7692.2012.00584.x,,https://onlinelibrary.wiley.com/doi/full/10.1111/j.1748-7692.2012.00584.x,Boat Bay Rock,Boat Bay Rock,0,1,-26.44697025,15.11147849,no,yes,Live pups,Pups,1,Aerial,NA,NA,NA,NA,NA,NA,NA,NA,NA,NA,NA,NA,NA,NA,NA,NA,NA,NA,NA,NA,NA,NA,NA,NA,NA,NA,NA,NA,NA,NA,NA,NA,NA,NA,NA,NA,NA,NA,NA,NA,NA,NA,NA,NA,NA,NA,NA,NA,NA,NA,NA,NA,NA,NA,NA,NA,NA,NA,NA,NA,NA,NA,NA,NA,NA,NA,NA,NA,NA,NA,NA,NA,NA,NA,NA,NA,1193,1176,NA,479,NA,NA,1372,NA,NA,1768,NA,NA,2048,NA,NA,1466,NA,NA,NA,801,NA,1066,NA,NA,NA,765,NA,NA,NA,846,NA,NA,1822,NA,NA,NA,NA,NA,NA,NA,NA,NA,NA,NA,NA,NA,NA,NA,
88,P88,S. Kirkman et al,2012,"Spatio-temporal shifts of the dynamic Cape fur seal population in southern Africa, based on aerial censuses (1972-2009)",Marine Mammal Science,Journal Article,UW,Cape fur seal,Arctocephalus pusillus pusillus,Arctocephalus pusillus pusillus,Otariidae,https://doi.org/10.1111/j.1748-7692.2012.00584.x,,https://onlinelibrary.wiley.com/doi/full/10.1111/j.1748-7692.2012.00584.x,Bucha Twins,Bucha Twins,0,1,-29.26796513,16.86813566,no,yes,Live pups,Pups,1,Aerial,NA,NA,NA,NA,NA,NA,NA,NA,NA,NA,NA,NA,NA,NA,NA,NA,NA,NA,NA,NA,NA,NA,NA,NA,NA,NA,NA,NA,NA,NA,NA,NA,NA,NA,NA,NA,NA,NA,NA,NA,NA,NA,NA,NA,NA,NA,NA,NA,NA,NA,NA,NA,NA,NA,NA,NA,NA,NA,NA,NA,NA,NA,NA,NA,NA,NA,NA,NA,NA,NA,NA,NA,NA,NA,NA,NA,67,NA,NA,NA,NA,NA,NA,NA,1456,1151,1388,NA,1286,1083,NA,NA,1794,NA,NA,NA,NA,NA,NA,NA,NA,NA,NA,3115,NA,NA,NA,3047,NA,3183,NA,NA,NA,NA,NA,NA,NA,NA,NA,NA,NA,NA,NA,NA,
89,P89,S. Kirkman et al,2012,"Spatio-temporal shifts of the dynamic Cape fur seal population in southern Africa, based on aerial censuses (1972-2009)",Marine Mammal Science,Journal Article,UW,Cape fur seal,Arctocephalus pusillus pusillus,Arctocephalus pusillus pusillus,Otariidae,https://doi.org/10.1111/j.1748-7692.2012.00584.x,,https://onlinelibrary.wiley.com/doi/full/10.1111/j.1748-7692.2012.00584.x,Cape Columbine,Cape Columbine,0,1,-32.82576979,17.84313173,no,yes,Live pups,Pups,1,Aerial,NA,NA,NA,NA,NA,NA,NA,NA,NA,NA,NA,NA,NA,NA,NA,NA,NA,NA,NA,NA,NA,NA,NA,NA,NA,NA,NA,NA,NA,NA,NA,NA,NA,NA,NA,NA,NA,NA,NA,NA,NA,NA,NA,NA,NA,NA,NA,NA,NA,NA,NA,NA,NA,NA,NA,NA,NA,NA,NA,NA,NA,NA,NA,NA,NA,NA,NA,NA,NA,NA,NA,NA,NA,NA,NA,NA,NA,NA,NA,NA,NA,NA,NA,NA,NA,NA,NA,NA,NA,NA,NA,152,NA,NA,138,130,76,NA,NA,NA,NA,NA,NA,NA,NA,NA,NA,259,NA,NA,NA,NA,NA,NA,NA,NA,NA,NA,NA,NA,NA,NA,NA,NA,
90,P90,S. Kirkman et al,2012,"Spatio-temporal shifts of the dynamic Cape fur seal population in southern Africa, based on aerial censuses (1972-2009)",Marine Mammal Science,Journal Article,UW,Cape fur seal,Arctocephalus pusillus pusillus,Arctocephalus pusillus pusillus,Otariidae,https://doi.org/10.1111/j.1748-7692.2012.00584.x,,https://onlinelibrary.wiley.com/doi/full/10.1111/j.1748-7692.2012.00584.x,Cape Cross,Cape Cross,0,1,-21.77260871,13.95136218,no,yes,Live pups,Pups,1,Aerial,NA,NA,NA,NA,NA,NA,NA,NA,NA,NA,NA,NA,NA,NA,NA,NA,NA,NA,NA,NA,NA,NA,NA,NA,NA,NA,NA,NA,NA,NA,NA,NA,NA,NA,NA,NA,NA,NA,NA,NA,NA,NA,NA,NA,NA,NA,NA,NA,NA,NA,NA,NA,NA,NA,NA,NA,NA,NA,NA,NA,NA,NA,NA,NA,NA,NA,NA,NA,NA,NA,NA,NA,NA,NA,NA,NA,24467,NA,NA,13479,NA,NA,31793,NA,NA,42781,NA,45223,59263,56821,51327,64757,63536,NA,36676,42170,45223,54379,NA,NA,NA,44612,NA,58042,NA,70862,62315,29961,53159,NA,NA,NA,NA,NA,NA,NA,NA,NA,NA,NA,NA,NA,NA,NA,
91,P91,S. Kirkman et al,2012,"Spatio-temporal shifts of the dynamic Cape fur seal population in southern Africa, based on aerial censuses (1972-2009)",Marine Mammal Science,Journal Article,UW,Cape fur seal,Arctocephalus pusillus pusillus,Arctocephalus pusillus pusillus,Otariidae,https://doi.org/10.1111/j.1748-7692.2012.00584.x,,https://onlinelibrary.wiley.com/doi/full/10.1111/j.1748-7692.2012.00584.x,Cape Frio,Cape Frio,0,1,-18.45211542,12.01383394,no,yes,Live pups,Pups,1,Aerial,NA,NA,NA,NA,NA,NA,NA,NA,NA,NA,NA,NA,NA,NA,NA,NA,NA,NA,NA,NA,NA,NA,NA,NA,NA,NA,NA,NA,NA,NA,NA,NA,NA,NA,NA,NA,NA,NA,NA,NA,NA,NA,NA,NA,NA,NA,NA,NA,NA,NA,NA,NA,NA,NA,NA,NA,NA,NA,NA,NA,NA,NA,NA,NA,NA,NA,NA,NA,NA,NA,NA,NA,NA,NA,NA,NA,NA,NA,NA,NA,NA,NA,NA,NA,1837,NA,NA,NA,NA,NA,NA,NA,11885,NA,17197,18320,18054,19456,NA,NA,NA,20329,21739,NA,22308,22042,21493,NA,22907,NA,NA,NA,NA,NA,NA,NA,NA,NA,NA,NA,NA,NA,NA,NA,
92,P92,S. Kirkman et al,2012,"Spatio-temporal shifts of the dynamic Cape fur seal population in southern Africa, based on aerial censuses (1972-2009)",Marine Mammal Science,Journal Article,UW,Cape fur seal,Arctocephalus pusillus pusillus,Arctocephalus pusillus pusillus,Otariidae,https://doi.org/10.1111/j.1748-7692.2012.00584.x,,https://onlinelibrary.wiley.com/doi/full/10.1111/j.1748-7692.2012.00584.x,Cliff Point,Cliff Point,0,1,-34.33948909,18.43316882,no,yes,Live pups,Pups,1,Aerial,NA,NA,NA,NA,NA,NA,NA,NA,NA,NA,NA,NA,NA,NA,NA,NA,NA,NA,NA,NA,NA,NA,NA,NA,NA,NA,NA,NA,NA,NA,NA,NA,NA,NA,NA,NA,NA,NA,NA,NA,NA,NA,NA,NA,NA,NA,NA,NA,NA,NA,NA,NA,NA,NA,NA,NA,NA,NA,NA,NA,NA,NA,NA,NA,NA,NA,NA,NA,NA,NA,NA,NA,NA,NA,NA,NA,NA,NA,NA,NA,NA,NA,NA,NA,NA,NA,NA,NA,NA,NA,NA,NA,NA,NA,NA,NA,NA,NA,NA,NA,NA,NA,NA,NA,13167,7431,NA,8643,11423,NA,NA,NA,NA,NA,NA,NA,NA,NA,NA,NA,NA,NA,NA,NA,
93,P93,S. Kirkman et al,2012,"Spatio-temporal shifts of the dynamic Cape fur seal population in southern Africa, based on aerial censuses (1972-2009)",Marine Mammal Science,Journal Article,UW,Cape fur seal,Arctocephalus pusillus pusillus,Arctocephalus pusillus pusillus,Otariidae,https://doi.org/10.1111/j.1748-7692.2012.00584.x,,https://onlinelibrary.wiley.com/doi/full/10.1111/j.1748-7692.2012.00584.x,Conception Bay,Conception Bay,0,1,-23.90736797,14.50546154,no,yes,Live pups,Pups,1,Aerial,NA,NA,NA,NA,NA,NA,NA,NA,NA,NA,NA,NA,NA,NA,NA,NA,NA,NA,NA,NA,NA,NA,NA,NA,NA,NA,NA,NA,NA,NA,NA,NA,NA,NA,NA,NA,NA,NA,NA,NA,NA,NA,NA,NA,NA,NA,NA,NA,NA,NA,NA,NA,NA,NA,NA,NA,NA,NA,NA,NA,NA,NA,NA,NA,NA,NA,NA,NA,NA,NA,NA,NA,NA,NA,NA,NA,NA,NA,NA,NA,NA,NA,NA,NA,NA,NA,NA,NA,248,NA,NA,NA,368,326,498,451,278,NA,NA,NA,NA,NA,434,NA,319,NA,NA,NA,NA,NA,NA,NA,NA,NA,NA,NA,NA,NA,NA,NA,NA,NA,NA,NA,
94,P94,S. Kirkman et al,2012,"Spatio-temporal shifts of the dynamic Cape fur seal population in southern Africa, based on aerial censuses (1972-2009)",Marine Mammal Science,Journal Article,UW,Cape fur seal,Arctocephalus pusillus pusillus,Arctocephalus pusillus pusillus,Otariidae,https://doi.org/10.1111/j.1748-7692.2012.00584.x,,https://onlinelibrary.wiley.com/doi/full/10.1111/j.1748-7692.2012.00584.x,Dolphin Head,Dolphin Head,0,1,-25.73534844,14.82838866,no,yes,Live pups,Pups,1,Aerial,NA,NA,NA,NA,NA,NA,NA,NA,NA,NA,NA,NA,NA,NA,NA,NA,NA,NA,NA,NA,NA,NA,NA,NA,NA,NA,NA,NA,NA,NA,NA,NA,NA,NA,NA,NA,NA,NA,NA,NA,NA,NA,NA,NA,NA,NA,NA,NA,NA,NA,NA,NA,NA,NA,NA,NA,NA,NA,NA,NA,NA,NA,NA,NA,NA,NA,NA,NA,NA,NA,NA,NA,NA,NA,NA,NA,NA,NA,NA,NA,NA,NA,NA,NA,NA,NA,NA,NA,NA,NA,NA,NA,2948,2540,NA,1882,1913,31,NA,NA,NA,80,NA,NA,NA,2697,NA,NA,2980,NA,NA,NA,NA,NA,NA,NA,NA,NA,NA,NA,NA,NA,NA,NA,
95,P95,S. Kirkman et al,2012,"Spatio-temporal shifts of the dynamic Cape fur seal population in southern Africa, based on aerial censuses (1972-2009)",Marine Mammal Science,Journal Article,UW,Cape fur seal,Arctocephalus pusillus pusillus,Arctocephalus pusillus pusillus,Otariidae,https://doi.org/10.1111/j.1748-7692.2012.00584.x,,https://onlinelibrary.wiley.com/doi/full/10.1111/j.1748-7692.2012.00584.x,Duikerklip,Duikerklip,0,1,-34.27680632,18.37936918,no,yes,Live pups,Pups,1,Aerial,NA,NA,NA,NA,NA,NA,NA,NA,NA,NA,NA,NA,NA,NA,NA,NA,NA,NA,NA,NA,NA,NA,NA,NA,NA,NA,NA,NA,NA,NA,NA,NA,NA,NA,NA,NA,NA,NA,NA,NA,NA,NA,NA,NA,NA,NA,NA,NA,NA,NA,NA,NA,NA,NA,NA,NA,NA,NA,NA,NA,NA,NA,NA,NA,NA,NA,NA,NA,NA,NA,NA,NA,NA,NA,NA,NA,NA,NA,NA,NA,NA,NA,NA,60,122,242,91,3,104,82,64,NA,38,45,NA,NA,NA,NA,NA,NA,NA,251,NA,NA,385,NA,NA,438,447,NA,NA,NA,NA,NA,NA,NA,NA,NA,NA,NA,NA,NA,NA,NA,
96,P96,S. Kirkman et al,2012,"Spatio-temporal shifts of the dynamic Cape fur seal population in southern Africa, based on aerial censuses (1972-2009)",Marine Mammal Science,Journal Article,UW,Cape fur seal,Arctocephalus pusillus pusillus,Arctocephalus pusillus pusillus,Otariidae,https://doi.org/10.1111/j.1748-7692.2012.00584.x,,https://onlinelibrary.wiley.com/doi/full/10.1111/j.1748-7692.2012.00584.x,Dumfudgeon Rock,Dumfudgeon Rock,0,1,-26.65083413,15.08031354,no,yes,Live pups,Pups,1,Aerial,NA,NA,NA,NA,NA,NA,NA,NA,NA,NA,NA,NA,NA,NA,NA,NA,NA,NA,NA,NA,NA,NA,NA,NA,NA,NA,NA,NA,NA,NA,NA,NA,NA,NA,NA,NA,NA,NA,NA,NA,NA,NA,NA,NA,NA,NA,NA,NA,NA,NA,NA,NA,NA,NA,NA,NA,NA,NA,NA,NA,NA,NA,NA,NA,NA,NA,NA,NA,NA,NA,NA,NA,NA,NA,NA,915,NA,1129,NA,NA,682,NA,1075,NA,NA,1772,NA,NA,2022,NA,557,NA,1807,NA,NA,NA,NA,361,NA,NA,NA,1325,NA,NA,808,NA,NA,NA,1843,NA,NA,NA,NA,NA,NA,NA,NA,NA,NA,NA,NA,NA,NA,NA,
97,P97,S. Kirkman et al,2012,"Spatio-temporal shifts of the dynamic Cape fur seal population in southern Africa, based on aerial censuses (1972-2009)",Marine Mammal Science,Journal Article,UW,Cape fur seal,Arctocephalus pusillus pusillus,Arctocephalus pusillus pusillus,Otariidae,https://doi.org/10.1111/j.1748-7692.2012.00584.x,,https://onlinelibrary.wiley.com/doi/full/10.1111/j.1748-7692.2012.00584.x,Elephant Rock,Elephant Rock,0,1,-31.64415871,18.14293529,no,yes,Live pups,Pups,1,Aerial,NA,NA,NA,NA,NA,NA,NA,NA,NA,NA,NA,NA,NA,NA,NA,NA,NA,NA,NA,NA,NA,NA,NA,NA,NA,NA,NA,NA,NA,NA,NA,NA,NA,NA,NA,NA,NA,NA,NA,NA,NA,NA,NA,NA,NA,NA,NA,NA,NA,NA,NA,NA,NA,NA,NA,NA,NA,NA,NA,NA,NA,NA,NA,NA,NA,NA,NA,NA,NA,NA,NA,465,NA,NA,1721,NA,1258,NA,2049,NA,NA,NA,3352,NA,NA,3216,NA,4285,3961,NA,4103,4428,2668,4384,2577,3738,4620,2627,NA,NA,NA,4765,NA,4859,NA,3842,NA,NA,3753,NA,NA,NA,NA,NA,NA,NA,NA,NA,NA,NA,NA,NA,NA,NA,
98,P98,S. Kirkman et al,2012,"Spatio-temporal shifts of the dynamic Cape fur seal population in southern Africa, based on aerial censuses (1972-2009)",Marine Mammal Science,Journal Article,UW,Cape fur seal,Arctocephalus pusillus pusillus,Arctocephalus pusillus pusillus,Otariidae,https://doi.org/10.1111/j.1748-7692.2012.00584.x,,https://onlinelibrary.wiley.com/doi/full/10.1111/j.1748-7692.2012.00584.x,Geyser Rock,Geyser Rock,0,1,-34.68919723,19.4139788,no,yes,Live pups,Pups,1,Aerial,NA,NA,NA,NA,NA,NA,NA,NA,NA,NA,NA,NA,NA,NA,NA,NA,NA,NA,NA,NA,NA,NA,NA,NA,NA,NA,NA,NA,NA,NA,NA,NA,NA,NA,NA,NA,NA,NA,NA,NA,NA,NA,NA,NA,NA,NA,NA,NA,NA,NA,NA,NA,NA,NA,NA,NA,NA,NA,NA,NA,NA,NA,NA,NA,NA,NA,NA,NA,NA,NA,NA,NA,NA,NA,5852,NA,8047,NA,NA,4359,NA,7520,10594,8487,9892,10946,10155,11385,13054,11824,10946,12351,12527,11473,12351,12614,12790,12088,NA,NA,NA,NA,NA,NA,NA,NA,NA,13229,10419,NA,NA,NA,NA,NA,NA,NA,NA,NA,NA,NA,NA,NA,NA,NA,
99,P99,S. Kirkman et al,2012,"Spatio-temporal shifts of the dynamic Cape fur seal population in southern Africa, based on aerial censuses (1972-2009)",Marine Mammal Science,Journal Article,UW,Cape fur seal,Arctocephalus pusillus pusillus,Arctocephalus pusillus pusillus,Otariidae,https://doi.org/10.1111/j.1748-7692.2012.00584.x,,https://onlinelibrary.wiley.com/doi/full/10.1111/j.1748-7692.2012.00584.x,Hollams Bird,Hollams Bird,0,1,-24.63931991,14.53101672,no,yes,Live pups,Pups,1,Aerial,NA,NA,NA,NA,NA,NA,NA,NA,NA,NA,NA,NA,NA,NA,NA,NA,NA,NA,NA,NA,NA,NA,NA,NA,NA,NA,NA,NA,NA,NA,NA,NA,NA,NA,NA,NA,NA,NA,NA,NA,NA,NA,NA,NA,NA,NA,NA,NA,NA,NA,NA,NA,NA,NA,NA,NA,NA,NA,NA,NA,NA,NA,NA,NA,NA,NA,NA,NA,NA,NA,NA,NA,NA,NA,NA,3672,NA,NA,NA,NA,NA,NA,2751,NA,NA,NA,NA,NA,5235,4131,NA,NA,5097,NA,958,2843,2568,4223,NA,NA,NA,3120,NA,3165,NA,4591,NA,NA,NA,NA,NA,NA,NA,NA,NA,NA,NA,NA,NA,NA,NA,NA,NA,NA,
100,P100,S. Kirkman et al,2012,"Spatio-temporal shifts of the dynamic Cape fur seal population in southern Africa, based on aerial censuses (1972-2009)",Marine Mammal Science,Journal Article,UW,Cape fur seal,Arctocephalus pusillus pusillus,Arctocephalus pusillus pusillus,Otariidae,https://doi.org/10.1111/j.1748-7692.2012.00584.x,,https://onlinelibrary.wiley.com/doi/full/10.1111/j.1748-7692.2012.00584.x,Jacobs Reef,Jacobs Reef,0,1,-32.95562543,17.86126215,no,yes,Live pups,Pups,1,Aerial,NA,NA,NA,NA,NA,NA,NA,NA,NA,NA,NA,NA,NA,NA,NA,NA,NA,NA,NA,NA,NA,NA,NA,NA,NA,NA,NA,NA,NA,NA,NA,NA,NA,NA,NA,NA,NA,NA,NA,NA,NA,NA,NA,NA,NA,NA,NA,NA,NA,NA,NA,NA,NA,NA,NA,NA,NA,NA,NA,NA,NA,NA,NA,NA,NA,NA,NA,NA,NA,NA,NA,NA,NA,NA,6078,NA,NA,6777,NA,NA,NA,NA,NA,5690,NA,5845,NA,2739,NA,7010,NA,NA,6466,NA,1342,NA,3516,3128,1652,NA,NA,NA,NA,NA,5612,NA,NA,6389,NA,5845,NA,NA,NA,NA,NA,NA,NA,NA,NA,NA,NA,NA,NA,NA,
101,P101,S. Kirkman et al,2012,"Spatio-temporal shifts of the dynamic Cape fur seal population in southern Africa, based on aerial censuses (1972-2009)",Marine Mammal Science,Journal Article,UW,Cape fur seal,Arctocephalus pusillus pusillus,Arctocephalus pusillus pusillus,Otariidae,https://doi.org/10.1111/j.1748-7692.2012.00584.x,,https://onlinelibrary.wiley.com/doi/full/10.1111/j.1748-7692.2012.00584.x,Klein Ichaboe,Klein Ichaboe,0,1,-25.73238634,14.83714331,no,yes,Live pups,Pups,1,Aerial,NA,NA,NA,NA,NA,NA,NA,NA,NA,NA,NA,NA,NA,NA,NA,NA,NA,NA,NA,NA,NA,NA,NA,NA,NA,NA,NA,NA,NA,NA,NA,NA,NA,NA,NA,NA,NA,NA,NA,NA,NA,NA,NA,NA,NA,NA,NA,NA,NA,NA,NA,NA,NA,NA,NA,NA,NA,NA,NA,NA,NA,NA,NA,NA,NA,NA,NA,NA,NA,NA,NA,NA,NA,NA,NA,NA,NA,NA,NA,NA,NA,NA,NA,NA,NA,73,NA,6,51,NA,NA,114,114,NA,111,154,129,145,NA,NA,NA,NA,NA,NA,NA,108,NA,NA,175,NA,NA,NA,NA,NA,NA,NA,NA,NA,NA,NA,NA,NA,NA,NA,
102,P102,S. Kirkman et al,2012,"Spatio-temporal shifts of the dynamic Cape fur seal population in southern Africa, based on aerial censuses (1972-2009)",Marine Mammal Science,Journal Article,UW,Cape fur seal,Arctocephalus pusillus pusillus,Arctocephalus pusillus pusillus,Otariidae,https://doi.org/10.1111/j.1748-7692.2012.00584.x,,https://onlinelibrary.wiley.com/doi/full/10.1111/j.1748-7692.2012.00584.x,Kleinsee,Kleinsee,0,1,-29.68333193,17.04636593,no,yes,Live pups,Pups,1,Aerial,NA,NA,NA,NA,NA,NA,NA,NA,NA,NA,NA,NA,NA,NA,NA,NA,NA,NA,NA,NA,NA,NA,NA,NA,NA,NA,NA,NA,NA,NA,NA,NA,NA,NA,NA,NA,NA,NA,NA,NA,NA,NA,NA,NA,NA,NA,NA,NA,NA,NA,NA,NA,NA,NA,NA,NA,NA,NA,NA,NA,NA,NA,NA,NA,NA,NA,NA,NA,NA,NA,NA,NA,NA,NA,28570,NA,62876,NA,NA,70023,NA,NA,NA,NA,89321,NA,NA,57159,56444,82888,86462,73597,87176,81459,NA,70023,79315,80029,92179,NA,NA,95038,87176,NA,87891,76456,77170,NA,NA,57159,NA,NA,NA,NA,NA,NA,NA,NA,NA,NA,NA,NA,NA,NA,
103,P103,S. Kirkman et al,2012,"Spatio-temporal shifts of the dynamic Cape fur seal population in southern Africa, based on aerial censuses (1972-2009)",Marine Mammal Science,Journal Article,UW,Cape fur seal,Arctocephalus pusillus pusillus,Arctocephalus pusillus pusillus,Otariidae,https://doi.org/10.1111/j.1748-7692.2012.00584.x,,https://onlinelibrary.wiley.com/doi/full/10.1111/j.1748-7692.2012.00584.x,Lions Head,Lions Head,0,1,-27.66710279,15.51768922,no,yes,Live pups,Pups,1,Aerial,NA,NA,NA,NA,NA,NA,NA,NA,NA,NA,NA,NA,NA,NA,NA,NA,NA,NA,NA,NA,NA,NA,NA,NA,NA,NA,NA,NA,NA,NA,NA,NA,NA,NA,NA,NA,NA,NA,NA,NA,NA,NA,NA,NA,NA,NA,NA,NA,NA,NA,NA,NA,NA,NA,NA,NA,NA,NA,NA,NA,NA,NA,NA,NA,NA,NA,NA,NA,NA,NA,NA,NA,NA,NA,NA,NA,138,NA,NA,NA,NA,NA,50,NA,66,68,NA,NA,148,NA,NA,NA,222,NA,183,188,212,261,NA,NA,NA,225,NA,278,NA,249,NA,NA,NA,NA,NA,NA,NA,NA,NA,NA,NA,NA,NA,NA,NA,NA,NA,NA,
104,P104,S. Kirkman et al,2012,"Spatio-temporal shifts of the dynamic Cape fur seal population in southern Africa, based on aerial censuses (1972-2009)",Marine Mammal Science,Journal Article,UW,Cape fur seal,Arctocephalus pusillus pusillus,Arctocephalus pusillus pusillus,Otariidae,https://doi.org/10.1111/j.1748-7692.2012.00584.x,,https://onlinelibrary.wiley.com/doi/full/10.1111/j.1748-7692.2012.00584.x,Long Islands,Long Islands,0,1,-26.58297198,15.16319809,no,yes,Live pups,Pups,1,Aerial,NA,NA,NA,NA,NA,NA,NA,NA,NA,NA,NA,NA,NA,NA,NA,NA,NA,NA,NA,NA,NA,NA,NA,NA,NA,NA,NA,NA,NA,NA,NA,NA,NA,NA,NA,NA,NA,NA,NA,NA,NA,NA,NA,NA,NA,NA,NA,NA,NA,NA,NA,NA,NA,NA,NA,NA,NA,NA,NA,NA,NA,NA,NA,NA,NA,NA,NA,NA,NA,NA,NA,NA,NA,NA,NA,NA,11932,NA,16139,15001,NA,NA,15975,NA,NA,15611,NA,NA,23452,NA,NA,NA,21761,NA,10520,8810,14922,17598,NA,NA,NA,9039,NA,15538,NA,14596,5638,NA,NA,17483,NA,NA,NA,NA,NA,NA,NA,NA,NA,NA,NA,NA,NA,NA,
105,P105,S. Kirkman et al,2012,"Spatio-temporal shifts of the dynamic Cape fur seal population in southern Africa, based on aerial censuses (1972-2009)",Marine Mammal Science,Journal Article,UW,Cape fur seal,Arctocephalus pusillus pusillus,Arctocephalus pusillus pusillus,Otariidae,https://doi.org/10.1111/j.1748-7692.2012.00584.x,,https://onlinelibrary.wiley.com/doi/full/10.1111/j.1748-7692.2012.00584.x,Marshall Reef,Marshall Reef,0,1,-26.35631853,14.95963844,no,yes,Live pups,Pups,1,Aerial,NA,NA,NA,NA,NA,NA,NA,NA,NA,NA,NA,NA,NA,NA,NA,NA,NA,NA,NA,NA,NA,NA,NA,NA,NA,NA,NA,NA,NA,NA,NA,NA,NA,NA,NA,NA,NA,NA,NA,NA,NA,NA,NA,NA,NA,NA,NA,NA,NA,NA,NA,NA,NA,NA,NA,NA,NA,NA,NA,NA,NA,NA,NA,NA,NA,NA,NA,NA,NA,NA,NA,NA,NA,NA,NA,497,NA,362,NA,NA,NA,NA,NA,NA,NA,513,NA,NA,680,NA,497,NA,816,NA,NA,346,NA,171,NA,NA,52,NA,NA,NA,NA,NA,NA,NA,NA,NA,NA,NA,NA,NA,NA,NA,NA,NA,NA,NA,NA,NA,NA,NA,
106,P106,S. Kirkman et al,2012,"Spatio-temporal shifts of the dynamic Cape fur seal population in southern Africa, based on aerial censuses (1972-2009)",Marine Mammal Science,Journal Article,UW,Cape fur seal,Arctocephalus pusillus pusillus,Arctocephalus pusillus pusillus,Otariidae,https://doi.org/10.1111/j.1748-7692.2012.00584.x,,https://onlinelibrary.wiley.com/doi/full/10.1111/j.1748-7692.2012.00584.x,Mercury Island,Mercury Island,0,1,-25.7180959,14.83310724,no,yes,Live pups,Pups,1,Aerial,NA,NA,NA,NA,NA,NA,NA,NA,NA,NA,NA,NA,NA,NA,NA,NA,NA,NA,NA,NA,NA,NA,NA,NA,NA,NA,NA,NA,NA,NA,NA,NA,NA,NA,NA,NA,NA,NA,NA,NA,NA,NA,NA,NA,NA,NA,NA,NA,NA,NA,NA,NA,NA,NA,NA,NA,NA,NA,NA,NA,NA,NA,NA,NA,NA,NA,NA,NA,NA,NA,NA,NA,NA,NA,NA,NA,NA,NA,NA,NA,NA,NA,966,NA,2552,3099,3144,3325,3049,2133,NA,NA,802,NA,NA,NA,NA,NA,NA,NA,NA,NA,NA,NA,NA,NA,NA,NA,NA,NA,NA,NA,NA,NA,NA,NA,NA,NA,NA,NA,NA,NA,NA,NA,
107,P107,S. Kirkman et al,2012,"Spatio-temporal shifts of the dynamic Cape fur seal population in southern Africa, based on aerial censuses (1972-2009)",Marine Mammal Science,Journal Article,UW,Cape fur seal,Arctocephalus pusillus pusillus,Arctocephalus pusillus pusillus,Otariidae,https://doi.org/10.1111/j.1748-7692.2012.00584.x,,https://onlinelibrary.wiley.com/doi/full/10.1111/j.1748-7692.2012.00584.x,Paternoster Rocks,Paternoster Rocks,0,1,-32.80276129,17.88272597,no,yes,Live pups,Pups,1,Aerial,NA,NA,NA,NA,NA,NA,NA,NA,NA,NA,NA,NA,NA,NA,NA,NA,NA,NA,NA,NA,NA,NA,NA,NA,NA,NA,NA,NA,NA,NA,NA,NA,NA,NA,NA,NA,NA,NA,NA,NA,NA,NA,NA,NA,NA,NA,NA,NA,NA,NA,NA,NA,NA,NA,NA,NA,NA,NA,NA,NA,NA,NA,NA,NA,NA,NA,NA,NA,NA,NA,NA,NA,NA,NA,NA,NA,NA,NA,NA,NA,NA,NA,NA,NA,NA,74,403,1950,2097,2428,2538,2648,1766,2869,NA,2648,3127,2170,NA,NA,NA,2023,1913,NA,NA,3090,3200,3311,NA,NA,NA,NA,NA,NA,NA,NA,NA,NA,NA,NA,NA,NA,NA,NA,
108,P108,S. Kirkman et al,2012,"Spatio-temporal shifts of the dynamic Cape fur seal population in southern Africa, based on aerial censuses (1972-2009)",Marine Mammal Science,Journal Article,UW,Cape fur seal,Arctocephalus pusillus pusillus,Arctocephalus pusillus pusillus,Otariidae,https://doi.org/10.1111/j.1748-7692.2012.00584.x,,https://onlinelibrary.wiley.com/doi/full/10.1111/j.1748-7692.2012.00584.x,Pelican Point,Pelican Point,0,1,-22.87352478,14.43837978,no,yes,Live pups,Pups,1,Aerial,NA,NA,NA,NA,NA,NA,NA,NA,NA,NA,NA,NA,NA,NA,NA,NA,NA,NA,NA,NA,NA,NA,NA,NA,NA,NA,NA,NA,NA,NA,NA,NA,NA,NA,NA,NA,NA,NA,NA,NA,NA,NA,NA,NA,NA,NA,NA,NA,NA,NA,NA,NA,NA,NA,NA,NA,NA,NA,NA,NA,NA,NA,NA,NA,NA,NA,NA,NA,NA,NA,NA,NA,NA,NA,NA,NA,NA,NA,NA,NA,NA,NA,NA,NA,NA,NA,NA,NA,NA,NA,NA,481,NA,NA,1196,NA,943,NA,NA,NA,NA,NA,NA,NA,NA,2727,2618,NA,NA,NA,NA,NA,NA,NA,NA,NA,NA,NA,NA,NA,NA,NA,NA,NA,
109,P109,S. Kirkman et al,2012,"Spatio-temporal shifts of the dynamic Cape fur seal population in southern Africa, based on aerial censuses (1972-2009)",Marine Mammal Science,Journal Article,UW,Cape fur seal,Arctocephalus pusillus pusillus,Arctocephalus pusillus pusillus,Otariidae,https://doi.org/10.1111/j.1748-7692.2012.00584.x,,https://onlinelibrary.wiley.com/doi/full/10.1111/j.1748-7692.2012.00584.x,Quoin Rock,Quoin Rock,0,1,-34.78684818,19.66671453,no,yes,Live pups,Pups,1,Aerial,NA,NA,NA,NA,NA,NA,NA,NA,NA,NA,NA,NA,NA,NA,NA,NA,NA,NA,NA,NA,NA,NA,NA,NA,NA,NA,NA,NA,NA,NA,NA,NA,NA,NA,NA,NA,NA,NA,NA,NA,NA,NA,NA,NA,NA,NA,NA,NA,NA,NA,NA,NA,NA,NA,NA,NA,NA,NA,NA,NA,NA,NA,NA,NA,NA,NA,NA,NA,NA,NA,NA,NA,NA,NA,1839,NA,1335,920,NA,713,NA,NA,1308,NA,NA,1798,1680,1873,2201,1815,NA,2201,1920,1831,2069,1698,1787,1892,NA,NA,NA,1463,NA,NA,1108,1776,NA,NA,1866,NA,NA,NA,NA,NA,NA,NA,NA,NA,NA,NA,NA,NA,NA,NA,
110,P110,S. Kirkman et al,2012,"Spatio-temporal shifts of the dynamic Cape fur seal population in southern Africa, based on aerial censuses (1972-2009)",Marine Mammal Science,Journal Article,UW,Cape fur seal,Arctocephalus pusillus pusillus,Arctocephalus pusillus pusillus,Otariidae,https://doi.org/10.1111/j.1748-7692.2012.00584.x,,https://onlinelibrary.wiley.com/doi/full/10.1111/j.1748-7692.2012.00584.x,Robbesteen,Robbesteen,0,1,-33.64778441,18.40128246,no,yes,Live pups,Pups,1,Aerial,NA,NA,NA,NA,NA,NA,NA,NA,NA,NA,NA,NA,NA,NA,NA,NA,NA,NA,NA,NA,NA,NA,NA,NA,NA,NA,NA,NA,NA,NA,NA,NA,NA,NA,NA,NA,NA,NA,NA,NA,NA,NA,NA,NA,NA,NA,NA,NA,NA,NA,NA,NA,NA,NA,NA,NA,NA,NA,NA,NA,NA,NA,NA,NA,NA,NA,NA,NA,NA,NA,NA,NA,NA,NA,NA,NA,1507,NA,NA,364,NA,NA,1146,NA,1687,1777,1597,1747,1462,NA,1687,1838,1191,NA,830,1206,1447,1416,NA,NA,NA,NA,NA,1116,NA,NA,NA,1792,1868,NA,NA,NA,NA,NA,NA,NA,NA,NA,NA,NA,NA,NA,NA,NA,
111,P111,S. Kirkman et al,2012,"Spatio-temporal shifts of the dynamic Cape fur seal population in southern Africa, based on aerial censuses (1972-2009)",Marine Mammal Science,Journal Article,UW,Cape fur seal,Arctocephalus pusillus pusillus,Arctocephalus pusillus pusillus,Otariidae,https://doi.org/10.1111/j.1748-7692.2012.00584.x,,https://onlinelibrary.wiley.com/doi/full/10.1111/j.1748-7692.2012.00584.x,Sandwich Harbour,Sandwich Harbour,0,1,-23.16396954,14.44740122,no,yes,Live pups,Pups,1,Aerial,NA,NA,NA,NA,NA,NA,NA,NA,NA,NA,NA,NA,NA,NA,NA,NA,NA,NA,NA,NA,NA,NA,NA,NA,NA,NA,NA,NA,NA,NA,NA,NA,NA,NA,NA,NA,NA,NA,NA,NA,NA,NA,NA,NA,NA,NA,NA,NA,NA,NA,NA,NA,NA,NA,NA,NA,NA,NA,NA,NA,NA,NA,NA,NA,NA,NA,NA,NA,NA,NA,NA,NA,NA,NA,NA,NA,NA,NA,NA,NA,NA,NA,10,NA,NA,443,NA,NA,116,206,NA,NA,387,302,418,448,231,246,NA,NA,NA,NA,NA,292,NA,473,483,NA,NA,NA,NA,NA,NA,NA,NA,NA,NA,NA,NA,NA,NA,NA,NA,NA,
112,P112,S. Kirkman et al,2012,"Spatio-temporal shifts of the dynamic Cape fur seal population in southern Africa, based on aerial censuses (1972-2009)",Marine Mammal Science,Journal Article,UW,Cape fur seal,Arctocephalus pusillus pusillus,Arctocephalus pusillus pusillus,Otariidae,https://doi.org/10.1111/j.1748-7692.2012.00584.x,,https://onlinelibrary.wiley.com/doi/full/10.1111/j.1748-7692.2012.00584.x,Seal Island FB,Seal Island FB,0,1,-34.13835233,18.58244536,no,yes,Live pups,Pups,1,Aerial,NA,NA,NA,NA,NA,NA,NA,NA,NA,NA,NA,NA,NA,NA,NA,NA,NA,NA,NA,NA,NA,NA,NA,NA,NA,NA,NA,NA,NA,NA,NA,NA,NA,NA,NA,NA,NA,NA,NA,NA,NA,NA,NA,NA,NA,NA,NA,NA,NA,NA,NA,NA,NA,NA,NA,NA,NA,NA,NA,NA,NA,NA,NA,NA,NA,NA,NA,NA,NA,NA,NA,NA,NA,NA,13732,NA,NA,NA,8386,NA,8850,11175,NA,12337,13616,NA,NA,15708,15127,16986,15592,18614,14546,16754,18265,15127,20008,18149,NA,NA,NA,13732,NA,18265,14313,NA,14894,15243,13035,14894,NA,NA,NA,NA,NA,NA,NA,NA,NA,NA,NA,NA,NA,NA,
113,P113,S. Kirkman et al,2012,"Spatio-temporal shifts of the dynamic Cape fur seal population in southern Africa, based on aerial censuses (1972-2009)",Marine Mammal Science,Journal Article,UW,Cape fur seal,Arctocephalus pusillus pusillus,Arctocephalus pusillus pusillus,Otariidae,https://doi.org/10.1111/j.1748-7692.2012.00584.x,,https://onlinelibrary.wiley.com/doi/full/10.1111/j.1748-7692.2012.00584.x,Seal Island MB,Seal Island MB,0,1,-34.23226569,22.12830095,no,yes,Live pups,Pups,1,Aerial,NA,NA,NA,NA,NA,NA,NA,NA,NA,NA,NA,NA,NA,NA,NA,NA,NA,NA,NA,NA,NA,NA,NA,NA,NA,NA,NA,NA,NA,NA,NA,NA,NA,NA,NA,NA,NA,NA,NA,NA,NA,NA,NA,NA,NA,NA,NA,NA,NA,NA,NA,NA,NA,NA,NA,NA,NA,NA,NA,NA,NA,NA,NA,NA,NA,NA,NA,NA,NA,NA,NA,NA,NA,NA,1254,NA,1204,1062,NA,419,NA,NA,1020,NA,NA,NA,1204,NA,NA,1237,NA,895,NA,NA,NA,NA,1087,845,NA,NA,NA,803,NA,NA,1187,1054,NA,NA,1020,NA,NA,NA,NA,NA,NA,NA,NA,NA,NA,NA,NA,NA,NA,NA,
114,P114,S. Kirkman et al,2012,"Spatio-temporal shifts of the dynamic Cape fur seal population in southern Africa, based on aerial censuses (1972-2009)",Marine Mammal Science,Journal Article,UW,Cape fur seal,Arctocephalus pusillus pusillus,Arctocephalus pusillus pusillus,Otariidae,https://doi.org/10.1111/j.1748-7692.2012.00584.x,,https://onlinelibrary.wiley.com/doi/full/10.1111/j.1748-7692.2012.00584.x,Sinclair Island,Sinclair Island,0,1,-27.66124883,15.52538979,no,yes,Live pups,Pups,1,Aerial,NA,NA,NA,NA,NA,NA,NA,NA,NA,NA,NA,NA,NA,NA,NA,NA,NA,NA,NA,NA,NA,NA,NA,NA,NA,NA,NA,NA,NA,NA,NA,NA,NA,NA,NA,NA,NA,NA,NA,NA,NA,NA,NA,NA,NA,NA,NA,NA,NA,NA,NA,NA,NA,NA,NA,NA,NA,NA,NA,NA,NA,NA,NA,NA,NA,NA,NA,NA,NA,NA,NA,NA,NA,NA,NA,11826,10374,NA,12182,NA,NA,10365,NA,NA,NA,8755,NA,NA,12010,NA,NA,NA,9468,7395,8687,7650,NA,11632,NA,NA,8004,NA,11364,NA,10792,9238,NA,NA,9285,NA,NA,NA,NA,NA,NA,NA,NA,NA,NA,NA,NA,NA,NA,NA,
115,P115,S. Kirkman et al,2012,"Spatio-temporal shifts of the dynamic Cape fur seal population in southern Africa, based on aerial censuses (1972-2009)",Marine Mammal Science,Journal Article,UW,Cape fur seal,Arctocephalus pusillus pusillus,Arctocephalus pusillus pusillus,Otariidae,https://doi.org/10.1111/j.1748-7692.2012.00584.x,,https://onlinelibrary.wiley.com/doi/full/10.1111/j.1748-7692.2012.00584.x,Staple Rock,Staple Rock,0,1,-26.35419408,14.97793663,no,yes,Live pups,Pups,1,Aerial,NA,NA,NA,NA,NA,NA,NA,NA,NA,NA,NA,NA,NA,NA,NA,NA,NA,NA,NA,NA,NA,NA,NA,NA,NA,NA,NA,NA,NA,NA,NA,NA,NA,NA,NA,NA,NA,NA,NA,NA,NA,NA,NA,NA,NA,NA,NA,NA,NA,NA,NA,NA,NA,NA,NA,NA,NA,NA,NA,NA,NA,NA,NA,NA,NA,NA,NA,NA,NA,NA,NA,NA,NA,NA,NA,NA,2330,2628,NA,1336,NA,NA,NA,NA,NA,2407,NA,NA,2487,NA,2473,NA,1561,NA,NA,NA,1736,2116,NA,NA,NA,1639,NA,NA,NA,1447,NA,NA,2071,NA,NA,NA,NA,NA,NA,NA,NA,NA,NA,NA,NA,NA,NA,NA,
116,P116,S. Kirkman et al,2012,"Spatio-temporal shifts of the dynamic Cape fur seal population in southern Africa, based on aerial censuses (1972-2009)",Marine Mammal Science,Journal Article,UW,Cape fur seal,Arctocephalus pusillus pusillus,Arctocephalus pusillus pusillus,Otariidae,https://doi.org/10.1111/j.1748-7692.2012.00584.x,,https://onlinelibrary.wiley.com/doi/full/10.1111/j.1748-7692.2012.00584.x,Sylvia Hill,Sylvia Hill,0,1,-25.14500657,14.84602404,no,yes,Live pups,Pups,1,Aerial,NA,NA,NA,NA,NA,NA,NA,NA,NA,NA,NA,NA,NA,NA,NA,NA,NA,NA,NA,NA,NA,NA,NA,NA,NA,NA,NA,NA,NA,NA,NA,NA,NA,NA,NA,NA,NA,NA,NA,NA,NA,NA,NA,NA,NA,NA,NA,NA,NA,NA,NA,NA,NA,NA,NA,NA,NA,NA,NA,NA,NA,NA,NA,NA,NA,NA,NA,NA,NA,NA,NA,NA,NA,NA,NA,NA,NA,NA,NA,NA,NA,NA,NA,NA,NA,NA,NA,NA,NA,NA,NA,NA,NA,332,NA,NA,NA,NA,NA,NA,NA,NA,NA,NA,1371,NA,2265,NA,NA,NA,NA,NA,NA,NA,NA,NA,NA,NA,NA,NA,NA,NA,NA,NA,
117,P117,S. Kirkman et al,2012,"Spatio-temporal shifts of the dynamic Cape fur seal population in southern Africa, based on aerial censuses (1972-2009)",Marine Mammal Science,Journal Article,UW,Cape fur seal,Arctocephalus pusillus pusillus,Arctocephalus pusillus pusillus,Otariidae,https://doi.org/10.1111/j.1748-7692.2012.00584.x,,https://onlinelibrary.wiley.com/doi/full/10.1111/j.1748-7692.2012.00584.x,Torra Bay,Torra Bay,0,1,-20.31981276,13.23787478,no,yes,Live pups,Pups,1,Aerial,NA,NA,NA,NA,NA,NA,NA,NA,NA,NA,NA,NA,NA,NA,NA,NA,NA,NA,NA,NA,NA,NA,NA,NA,NA,NA,NA,NA,NA,NA,NA,NA,NA,NA,NA,NA,NA,NA,NA,NA,NA,NA,NA,NA,NA,NA,NA,NA,NA,NA,NA,NA,NA,NA,NA,NA,NA,NA,NA,NA,NA,NA,NA,NA,NA,NA,NA,NA,NA,NA,NA,NA,NA,NA,NA,NA,NA,NA,NA,NA,NA,NA,NA,NA,NA,NA,NA,NA,NA,NA,NA,NA,NA,1585,NA,NA,NA,NA,NA,NA,NA,NA,NA,NA,NA,3147,3054,NA,3581,NA,NA,NA,NA,NA,NA,NA,NA,NA,NA,NA,NA,NA,NA,NA,
118,P118,S. Kirkman et al,2012,"Spatio-temporal shifts of the dynamic Cape fur seal population in southern Africa, based on aerial censuses (1972-2009)",Marine Mammal Science,Journal Article,UW,Cape fur seal,Arctocephalus pusillus pusillus,Arctocephalus pusillus pusillus,Otariidae,https://doi.org/10.1111/j.1748-7692.2012.00584.x,,https://onlinelibrary.wiley.com/doi/full/10.1111/j.1748-7692.2012.00584.x,Van Reenen Bay,Van Reenen Bay,0,1,-27.45397466,15.38718864,no,yes,Live pups,Pups,1,Aerial,NA,NA,NA,NA,NA,NA,NA,NA,NA,NA,NA,NA,NA,NA,NA,NA,NA,NA,NA,NA,NA,NA,NA,NA,NA,NA,NA,NA,NA,NA,NA,NA,NA,NA,NA,NA,NA,NA,NA,NA,NA,NA,NA,NA,NA,NA,NA,NA,NA,NA,NA,NA,NA,NA,NA,NA,NA,NA,NA,NA,NA,NA,NA,NA,NA,NA,NA,NA,NA,NA,NA,NA,NA,NA,NA,NA,NA,NA,NA,4375,NA,NA,5773,NA,7010,5666,7171,6741,6257,5773,5988,NA,6042,NA,3676,4053,4805,6418,NA,NA,NA,3569,NA,NA,NA,3139,NA,NA,2171,NA,NA,NA,NA,NA,NA,NA,NA,NA,NA,NA,NA,NA,NA,NA,
119,P119,S. Kirkman et al,2012,"Spatio-temporal shifts of the dynamic Cape fur seal population in southern Africa, based on aerial censuses (1972-2009)",Marine Mammal Science,Journal Article,UW,Cape fur seal,Arctocephalus pusillus pusillus,Arctocephalus pusillus pusillus,Otariidae,https://doi.org/10.1111/j.1748-7692.2012.00584.x,,https://onlinelibrary.wiley.com/doi/full/10.1111/j.1748-7692.2012.00584.x,Vondeling Island,Vondeling Island,0,1,-33.15284041,17.98299679,no,yes,Live pups,Pups,1,Aerial,NA,NA,NA,NA,NA,NA,NA,NA,NA,NA,NA,NA,NA,NA,NA,NA,NA,NA,NA,NA,NA,NA,NA,NA,NA,NA,NA,NA,NA,NA,NA,NA,NA,NA,NA,NA,NA,NA,NA,NA,NA,NA,NA,NA,NA,NA,NA,NA,NA,NA,NA,NA,NA,NA,NA,NA,NA,NA,NA,NA,NA,NA,NA,NA,NA,NA,NA,NA,NA,NA,NA,NA,NA,NA,NA,NA,NA,NA,NA,NA,NA,NA,NA,NA,NA,NA,NA,NA,NA,NA,NA,NA,NA,NA,NA,NA,NA,NA,NA,NA,NA,NA,NA,835,NA,NA,2323,NA,3689,3877,NA,NA,NA,NA,NA,NA,NA,NA,NA,NA,NA,NA,NA,NA,
120,P120,S. Kirkman et al,2012,"Spatio-temporal shifts of the dynamic Cape fur seal population in southern Africa, based on aerial censuses (1972-2009)",Marine Mammal Science,Journal Article,UW,Cape fur seal,Arctocephalus pusillus pusillus,Arctocephalus pusillus pusillus,Otariidae,https://doi.org/10.1111/j.1748-7692.2012.00584.x,,https://onlinelibrary.wiley.com/doi/full/10.1111/j.1748-7692.2012.00584.x,Wolf Bay,Wolf Bay,0,1,-26.81110263,15.12615245,no,yes,Live pups,Pups,1,Aerial,NA,NA,NA,NA,NA,NA,NA,NA,NA,NA,NA,NA,NA,NA,NA,NA,NA,NA,NA,NA,NA,NA,NA,NA,NA,NA,NA,NA,NA,NA,NA,NA,NA,NA,NA,NA,NA,NA,NA,NA,NA,NA,NA,NA,NA,NA,NA,NA,NA,NA,NA,NA,NA,NA,NA,NA,NA,NA,NA,NA,NA,NA,NA,NA,NA,NA,NA,NA,NA,NA,NA,NA,NA,NA,NA,NA,NA,21918,NA,NA,NA,31256,NA,NA,NA,NA,33591,29311,23864,NA,30478,40205,32813,NA,7911,6744,38260,NA,NA,NA,18417,NA,33591,NA,20362,NA,4020,NA,25420,NA,NA,NA,NA,NA,NA,NA,NA,NA,NA,NA,NA,NA,NA,NA,
121,P121,Harkonen et al,2012,Collapse of a Marine Mammal Species Driven by Human Impacts,Plos One,Journal Article,UW,Caspian seal,Pusa caspica,Pusa caspica,Phocidae,https://doi.org/10.1371/journal.pone.0043130,,https://journals.plos.org/plosone/article?id=10.1371/journal.pone.0043130#s6,Caspian Sea,,,1,42.2802,50.33642,yes,no,Minimum estimate of adult females,,1,,263244,270350,278471,259038,266133,252831,239549,242568,233367,247619,257793,252656,277107,271983,291325,318842,344310,373862,396275,386043,365616,347226,329853,325747,313484,302237,279776,285862,300125,316420,337829,359229,375526,377528,393823,389713,398860,387615,364131,341669,318178,297753,274271,253851,229340,216047,199682,NA,NA,194529,NA,177153,NA,174048,163826,NA,NA,164806,154571,NA,142296,NA,NA,142252,126930,105486,92193,78917,NA,79897,NA,NA,70661,NA,NA,65514,NA,62410,NA,NA,50122,NA,47026,NA,45965,NA,NA,43882,NA,41799,NA,39723,NA,NA,34574,NA,NA,33513,NA,28373,NA,27312,NA,NA,29309,29290,NA,NA,NA,NA,NA,NA,NA,NA,NA,NA,NA,NA,NA,NA,NA,NA,NA,NA,
122,P122,Dmitrieva et al,2015,Inter-year variation in pup production of Caspian seals Pusa caspica 2005–2012 determined from aerial surveys,Endangered Species Research,Journal Article,UW,Caspian seal,Pusa caspica,Pusa caspica,Phocidae,doi: 10.3354/esr00689,,https://www.int-res.com/articles/esr2015/28/n028p209.pdf,Caspian Sea,Caspian Sea,0,1,42.2802,50.33642,yes,yes,Total adult estimate,Adults,1,Aerial,NA,NA,NA,NA,NA,NA,NA,NA,NA,NA,NA,NA,NA,NA,NA,NA,NA,NA,NA,NA,NA,NA,NA,NA,NA,NA,NA,NA,NA,NA,NA,NA,NA,NA,NA,NA,NA,NA,NA,NA,NA,NA,NA,NA,NA,NA,NA,NA,NA,NA,NA,NA,NA,NA,NA,NA,NA,NA,NA,NA,NA,NA,NA,NA,NA,NA,NA,NA,NA,NA,NA,NA,NA,NA,NA,NA,NA,NA,NA,NA,NA,NA,NA,NA,NA,NA,NA,NA,NA,NA,NA,NA,NA,NA,NA,NA,NA,NA,NA,NA,NA,NA,NA,NA,NA,62924,40642,40166,31764,67484,14536,52688,66272,NA,NA,NA,NA,NA,NA,NA,NA,NA,NA,NA,
123,P123,Woodman et al. ,2024,"CS-PHOC: Weekly census counts of Southern Ocean phocids at Cape Shirreff, Livingston Island (1997-2023)",Scientific Reports,Journal Article,UW,Crabeater seal,Lobodon carcinophaga,Lobodon carcinophaga,Phocidae,https://doi.org/10.1038/s41597-024-03744-9,Feb counts because most abundant month,,"Cape Shirreff, Livingston Island","Cape Shirreff, Livingston Island",0,1,-62.52866327,-60.73261129,no,yes,All individuals,All Individuals,1,Ground,NA,NA,NA,NA,NA,NA,NA,NA,NA,NA,NA,NA,NA,NA,NA,NA,NA,NA,NA,NA,NA,NA,NA,NA,NA,NA,NA,NA,NA,NA,NA,NA,NA,NA,NA,NA,NA,NA,NA,NA,NA,NA,NA,NA,NA,NA,NA,NA,NA,NA,NA,NA,NA,NA,NA,NA,NA,NA,NA,NA,NA,NA,NA,NA,NA,NA,NA,NA,NA,NA,NA,NA,NA,NA,NA,NA,NA,NA,NA,NA,NA,NA,NA,NA,NA,NA,NA,NA,NA,NA,NA,NA,NA,NA,NA,NA,NA,NA,NA,0,1,1,2,NA,0,1,6,NA,NA,NA,1,NA,0,2,0,6,5,0,0,1,2,NA,NA,0,
124,P124,Paez-Rosas et al,2021,Declines and recovery in endangered Galapagos pinnipeds during the El Nino event,Scientific Reports,Journal Article,UW,Galapagos fur seal,Arctocephalus galapagoensis,Arctocephalus galapagoensis,Otariidae,https://doi.org/10.1038/s41598-021-88350-0,,"https://www.nature.com/articles/s41598-021-88350-0#:~:text=Overall%2C%20there%20was%20a%2038.1,between%202014%20to%202018%20(Fig.",Galapagos Archipelago,,,1,-0.47567948,-90.90547865,no,no,All individuals,,,Boat surveys,NA,NA,NA,NA,NA,NA,NA,NA,NA,NA,NA,NA,NA,NA,NA,NA,NA,NA,NA,NA,NA,NA,NA,NA,NA,NA,NA,NA,NA,NA,NA,NA,NA,NA,NA,NA,NA,NA,NA,NA,NA,NA,NA,NA,NA,NA,NA,NA,NA,NA,NA,NA,NA,NA,NA,NA,NA,NA,NA,NA,NA,NA,NA,NA,NA,NA,NA,NA,NA,NA,NA,NA,NA,NA,NA,NA,NA,NA,NA,NA,NA,NA,NA,NA,NA,NA,NA,NA,NA,NA,NA,NA,NA,NA,NA,NA,NA,NA,NA,NA,NA,NA,NA,NA,NA,NA,NA,NA,NA,NA,NA,NA,NA,NA,2850,1774,2122,2006,3115,NA,NA,NA,NA,NA,
125,P125,Paez-Rosas et al,2021,Declines and recovery in endangered Galapagos pinnipeds during the El Nino event,Scientific Reports,Journal Article,UW,Galapagos fur seal,Arctocephalus galapagoensis,Arctocephalus galapagoensis,Otariidae,https://doi.org/10.1038/s41598-021-88350-0,,https://www.nature.com/articles/s41598-021-88350-0,"Total sum, Galapagos Archipelago",,,1,-0.47567948,-90.90547865,no,no,Total population,,,Land based surveys,NA,NA,NA,NA,NA,NA,NA,NA,NA,NA,NA,NA,NA,NA,NA,NA,NA,NA,NA,NA,NA,NA,NA,NA,NA,NA,NA,NA,NA,NA,NA,NA,NA,NA,NA,NA,NA,NA,NA,NA,NA,NA,NA,NA,NA,NA,NA,NA,NA,NA,NA,NA,NA,NA,NA,NA,NA,NA,NA,NA,NA,NA,NA,NA,NA,NA,NA,NA,NA,NA,NA,NA,NA,NA,NA,NA,NA,NA,NA,NA,NA,NA,NA,NA,NA,NA,NA,NA,NA,NA,NA,NA,NA,NA,NA,NA,NA,NA,NA,NA,NA,NA,NA,NA,NA,NA,NA,NA,NA,NA,NA,NA,NA,NA,2850,1780,2127,2006,3115,NA,NA,NA,NA,NA,
126,P126,Paez-Rosas et al,2021,Declines and recovery in endangered Galapagos pinnipeds during the El Nino event,Scientific Reports,Journal Article,UW,Galapagos fur seal,Arctocephalus galapagoensis,Arctocephalus galapagoensis,Otariidae,https://doi.org/10.1038/s41598-021-88350-0,,https://www.nature.com/articles/s41598-021-88350-0,Central sum,Central sum,0,1,-0.47567948,-90.90547865,no,yes,Pups,Pups,1,Ground,NA,NA,NA,NA,NA,NA,NA,NA,NA,NA,NA,NA,NA,NA,NA,NA,NA,NA,NA,NA,NA,NA,NA,NA,NA,NA,NA,NA,NA,NA,NA,NA,NA,NA,NA,NA,NA,NA,NA,NA,NA,NA,NA,NA,NA,NA,NA,NA,NA,NA,NA,NA,NA,NA,NA,NA,NA,NA,NA,NA,NA,NA,NA,NA,NA,NA,NA,NA,NA,NA,NA,NA,NA,NA,NA,NA,NA,NA,NA,NA,NA,NA,NA,NA,NA,NA,NA,NA,NA,NA,NA,NA,NA,NA,NA,NA,NA,NA,NA,NA,NA,NA,NA,NA,NA,NA,NA,NA,NA,NA,NA,NA,NA,NA,369,232,410,358,392,NA,NA,NA,NA,NA,
127,P127,Paez-Rosas et al,2021,Declines and recovery in endangered Galapagos pinnipeds during the El Nino event,Scientific Reports,Journal Article,UW,Galapagos fur seal,Arctocephalus galapagoensis,Arctocephalus galapagoensis,Otariidae,https://doi.org/10.1038/s41598-021-88350-0,,https://www.nature.com/articles/s41598-021-88350-0,Northern sum  ,Northern sum  ,0,1,-0.47567948,-90.90547865,no,yes,Pups,Pups,1,Ground,NA,NA,NA,NA,NA,NA,NA,NA,NA,NA,NA,NA,NA,NA,NA,NA,NA,NA,NA,NA,NA,NA,NA,NA,NA,NA,NA,NA,NA,NA,NA,NA,NA,NA,NA,NA,NA,NA,NA,NA,NA,NA,NA,NA,NA,NA,NA,NA,NA,NA,NA,NA,NA,NA,NA,NA,NA,NA,NA,NA,NA,NA,NA,NA,NA,NA,NA,NA,NA,NA,NA,NA,NA,NA,NA,NA,NA,NA,NA,NA,NA,NA,NA,NA,NA,NA,NA,NA,NA,NA,NA,NA,NA,NA,NA,NA,NA,NA,NA,NA,NA,NA,NA,NA,NA,NA,NA,NA,NA,NA,NA,NA,NA,NA,30,20,61,29,36,NA,NA,NA,NA,NA,
128,P128,Paez-Rosas et al,2021,Declines and recovery in endangered Galapagos pinnipeds during the El Nino event,Scientific Reports,Journal Article,UW,Galapagos fur seal,Arctocephalus galapagoensis,Arctocephalus galapagoensis,Otariidae,https://doi.org/10.1038/s41598-021-88350-0,,https://www.nature.com/articles/s41598-021-88350-0,Western sum,Western sum,0,1,-0.47567948,-90.90547865,no,yes,Pups,Pups,1,Ground,NA,NA,NA,NA,NA,NA,NA,NA,NA,NA,NA,NA,NA,NA,NA,NA,NA,NA,NA,NA,NA,NA,NA,NA,NA,NA,NA,NA,NA,NA,NA,NA,NA,NA,NA,NA,NA,NA,NA,NA,NA,NA,NA,NA,NA,NA,NA,NA,NA,NA,NA,NA,NA,NA,NA,NA,NA,NA,NA,NA,NA,NA,NA,NA,NA,NA,NA,NA,NA,NA,NA,NA,NA,NA,NA,NA,NA,NA,NA,NA,NA,NA,NA,NA,NA,NA,NA,NA,NA,NA,NA,NA,NA,NA,NA,NA,NA,NA,NA,NA,NA,NA,NA,NA,NA,NA,NA,NA,NA,NA,NA,NA,NA,NA,9,6,11,9,19,NA,NA,NA,NA,NA,
129,P129,Trillmich,2015,Galapagos Fur Seal,IUCN,Web Article,UW,Galapagos fur seal,Arctocephalus galapagoensis,Arctocephalus galapagoensis,Otariidae,https://dx.doi.org/10.2305/IUCN.UK.2015-2.RLTS.T2057A45223722.en,,https://www.iucnredlist.org/species/2057/45223722#population,"Total sum, Galapagos Archipelago",,,1,-0.47567948,-90.90547865,no,no,All individuals,,,,NA,NA,NA,NA,NA,NA,NA,NA,NA,NA,NA,NA,NA,NA,NA,NA,NA,NA,NA,NA,NA,NA,NA,NA,NA,NA,NA,NA,NA,NA,NA,NA,NA,NA,NA,NA,NA,NA,NA,NA,NA,NA,NA,NA,NA,NA,NA,NA,NA,NA,NA,NA,NA,NA,NA,NA,NA,NA,NA,NA,NA,NA,NA,NA,NA,NA,NA,NA,NA,NA,NA,NA,NA,NA,NA,NA,NA,NA,30000,40000,NA,NA,NA,NA,NA,NA,NA,NA,NA,NA,NA,NA,NA,NA,NA,NA,NA,NA,NA,NA,NA,7000,NA,NA,15000,NA,NA,NA,NA,NA,NA,NA,NA,NA,NA,NA,NA,NA,NA,NA,NA,NA,NA,NA,
130,P130,Trillmich,1979,Galapagos sea lions and fur seals,Research Gate,Journal Article,UW,Galapagos fur seal,Arctocephalus galapagoensis,Arctocephalus galapagoensis,Otariidae,https://www.researchgate.net/profile/Fritz-Trillmich/publication/29871384_Galapagos_sea_lions_and_fur_seals/links/00b495397f840a8541000000/Galapagos-sea-lions-and-fur-seals.pdf,,https://www.researchgate.net/publication/29871384_Galapagos_sea_lions_and_fur_seals,Galapagos Archipelago,,,1,-0.47567948,-90.90547865,no,no,All individuals,,,Boat surveys,NA,NA,NA,NA,NA,NA,NA,NA,NA,NA,NA,NA,NA,NA,NA,NA,NA,NA,NA,NA,NA,NA,NA,NA,NA,NA,NA,NA,NA,NA,NA,NA,NA,NA,NA,NA,NA,NA,NA,NA,NA,NA,NA,NA,NA,NA,NA,NA,NA,NA,NA,NA,NA,NA,NA,NA,NA,NA,NA,NA,NA,NA,NA,NA,NA,NA,NA,NA,NA,NA,NA,NA,NA,NA,NA,NA,NA,NA,NA,40000,NA,NA,NA,NA,NA,NA,NA,NA,NA,NA,NA,NA,NA,NA,NA,NA,NA,NA,NA,NA,NA,NA,NA,NA,NA,NA,NA,NA,NA,NA,NA,NA,NA,NA,NA,NA,NA,NA,NA,NA,NA,NA,NA,NA,
131,P131,Paez-Rosas et al,2021,Declines and recovery in endangered Galapagos pinnipeds during the El Nino event,Scientific Reports,Journal Article,UW,Galapagos sea lion,Zalophus wollebaeki,Zalophus wollebaeki,Otariidae,https://doi.org/10.1038/s41598-021-88350-0,,https://www.nature.com/articles/s41598-021-88350-0,Fernandina,Fernandina,0,1,-0.369,-91.49,no,yes,All individuals,All Individuals,1,Ground,,,,,,,,,,,,,,,,,,,,,,,,,,,,,,,,,,,,,,,,,,,,,,,,,,,,,,,,,,,,,,,,,,,,,,,,,,,,,,,,,,,,,,,,,,,,,,,,,,,,,,,,,,,,,,,,,,,1143,1008,1049,886,949,,,,NA,NA,
132,P132,Paez-Rosas et al,2021,Declines and recovery in endangered Galapagos pinnipeds during the El Nino event,Scientific Reports,Journal Article,UW,Galapagos sea lion,Zalophus wollebaeki,Zalophus wollebaeki,Otariidae,https://doi.org/10.1038/s41598-021-88350-0,,https://www.nature.com/articles/s41598-021-88350-0,Isabela,Isabela,0,1,0.1627,-91.451,no,yes,All individuals,All Individuals,1,Ground,,,,,,,,,,,,,,,,,,,,,,,,,,,,,,,,,,,,,,,,,,,,,,,,,,,,,,,,,,,,,,,,,,,,,,,,,,,,,,,,,,,,,,,,,,,,,,,,,,,,,,,,,,,,,,,,,,,1001,749,680,545,777,,,,NA,NA,
133,P133,Paez-Rosas et al,2021,Declines and recovery in endangered Galapagos pinnipeds during the El Nino event,Scientific Reports,Journal Article,UW,Galapagos sea lion,Zalophus wollebaeki,Zalophus wollebaeki,Otariidae,https://doi.org/10.1038/s41598-021-88350-0,,https://www.nature.com/articles/s41598-021-88350-0,Pinta,Pinta,0,1,0.6025,-90.755,no,yes,All individuals,All Individuals,1,Ground,,,,,,,,,,,,,,,,,,,,,,,,,,,,,,,,,,,,,,,,,,,,,,,,,,,,,,,,,,,,,,,,,,,,,,,,,,,,,,,,,,,,,,,,,,,,,,,,,,,,,,,,,,,,,,,,,,,483,276,428,289,1398,,,,NA,NA,
134,P134,Paez-Rosas et al,2021,Declines and recovery in endangered Galapagos pinnipeds during the El Nino event,Scientific Reports,Journal Article,UW,Galapagos sea lion,Zalophus wollebaeki,Zalophus wollebaeki,Otariidae,https://doi.org/10.1038/s41598-021-88350-0,,https://www.nature.com/articles/s41598-021-88350-0,Marchena,Marchena,0,1,0.3371,-90.4793,no,yes,All individuals,All Individuals,1,Ground,,,,,,,,,,,,,,,,,,,,,,,,,,,,,,,,,,,,,,,,,,,,,,,,,,,,,,,,,,,,,,,,,,,,,,,,,,,,,,,,,,,,,,,,,,,,,,,,,,,,,,,,,,,,,,,,,,,104,1220,30,54,264,,,,NA,NA,
135,P135,Paez-Rosas et al,2021,Declines and recovery in endangered Galapagos pinnipeds during the El Nino event,Scientific Reports,Journal Article,UW,Galapagos sea lion,Zalophus wollebaeki,Zalophus wollebaeki,Otariidae,https://doi.org/10.1038/s41598-021-88350-0,,https://www.nature.com/articles/s41598-021-88350-0,Genovesa,Genovesa,0,1,0.3358,-89.9562,no,yes,All individuals,All Individuals,1,Ground,,,,,,,,,,,,,,,,,,,,,,,,,,,,,,,,,,,,,,,,,,,,,,,,,,,,,,,,,,,,,,,,,,,,,,,,,,,,,,,,,,,,,,,,,,,,,,,,,,,,,,,,,,,,,,,,,,,544,333,306,447,297,,,,NA,NA,
136,P136,Paez-Rosas et al,2021,Declines and recovery in endangered Galapagos pinnipeds during the El Nino event,Scientific Reports,Journal Article,UW,Galapagos sea lion,Zalophus wollebaeki,Zalophus wollebaeki,Otariidae,https://doi.org/10.1038/s41598-021-88350-0,,https://www.nature.com/articles/s41598-021-88350-0,Santiago,Santiago,0,1,-0.1893,-90.8453,no,yes,All individuals,All Individuals,1,Ground,,,,,,,,,,,,,,,,,,,,,,,,,,,,,,,,,,,,,,,,,,,,,,,,,,,,,,,,,,,,,,,,,,,,,,,,,,,,,,,,,,,,,,,,,,,,,,,,,,,,,,,,,,,,,,,,,,,919,434,623,861,545,,,,NA,NA,
137,P137,Paez-Rosas et al,2021,Declines and recovery in endangered Galapagos pinnipeds during the El Nino event,Scientific Reports,Journal Article,UW,Galapagos sea lion,Zalophus wollebaeki,Zalophus wollebaeki,Otariidae,https://doi.org/10.1038/s41598-021-88350-0,,https://www.nature.com/articles/s41598-021-88350-0,Rabida,Rabida,0,1,-0.4035,-90.71353,no,yes,All individuals,All Individuals,1,Ground,,,,,,,,,,,,,,,,,,,,,,,,,,,,,,,,,,,,,,,,,,,,,,,,,,,,,,,,,,,,,,,,,,,,,,,,,,,,,,,,,,,,,,,,,,,,,,,,,,,,,,,,,,,,,,,,,,,324,169,376,167,636,,,,NA,NA,
138,P138,Paez-Rosas et al,2021,Declines and recovery in endangered Galapagos pinnipeds during the El Nino event,Scientific Reports,Journal Article,UW,Galapagos sea lion,Zalophus wollebaeki,Zalophus wollebaeki,Otariidae,https://doi.org/10.1038/s41598-021-88350-0,,https://www.nature.com/articles/s41598-021-88350-0,Seymur,Seymur,0,1,-0.493856355,-90.30042673,no,yes,All individuals,All Individuals,1,Ground,,,,,,,,,,,,,,,,,,,,,,,,,,,,,,,,,,,,,,,,,,,,,,,,,,,,,,,,,,,,,,,,,,,,,,,,,,,,,,,,,,,,,,,,,,,,,,,,,,,,,,,,,,,,,,,,,,,988,650,853,1027,883,,,,NA,NA,
139,P139,Paez-Rosas et al,2021,Declines and recovery in endangered Galapagos pinnipeds during the El Nino event,Scientific Reports,Journal Article,UW,Galapagos sea lion,Zalophus wollebaeki,Zalophus wollebaeki,Otariidae,https://doi.org/10.1038/s41598-021-88350-0,,https://www.nature.com/articles/s41598-021-88350-0,Santa Cruz,Santa Cruz,0,1,-0.699265192,-90.18840902,no,yes,All individuals,All Individuals,1,Ground,,,,,,,,,,,,,,,,,,,,,,,,,,,,,,,,,,,,,,,,,,,,,,,,,,,,,,,,,,,,,,,,,,,,,,,,,,,,,,,,,,,,,,,,,,,,,,,,,,,,,,,,,,,,,,,,,,,2825,1908,2788,2665,2561,,,,NA,NA,
140,P140,Riofrio-Lazo et al,2017,Population Abundance of the Endangered Galapagos Sea Lion Zalophus wollebaeki in the Southeastern Galapagos Archipelago,Plos One,Journal Article,UW,Galapagos sea lion,Zalophus wollebaeki,Zalophus wollebaeki,Otariidae,https://doi.org/10.1371/journal.pone.0168829,,https://journals.plos.org/plosone/article?id=10.1371/journal.pone.0168829,Bahia Gardner,Bahia Gardner,0,1,-1.351549705,-89.65938191,no,yes,All individuals,All Individuals,1,Ground,NA,NA,NA,NA,NA,NA,NA,NA,NA,NA,NA,NA,NA,NA,NA,NA,NA,NA,NA,NA,NA,NA,NA,NA,NA,NA,NA,NA,NA,NA,NA,NA,NA,NA,NA,NA,NA,NA,NA,NA,NA,NA,NA,NA,NA,NA,NA,NA,NA,NA,NA,NA,NA,NA,NA,NA,NA,NA,NA,NA,NA,NA,NA,NA,NA,NA,NA,NA,NA,NA,NA,NA,NA,NA,NA,NA,NA,NA,NA,NA,NA,NA,NA,NA,NA,NA,NA,NA,NA,NA,NA,NA,NA,NA,NA,NA,NA,NA,NA,NA,NA,NA,NA,NA,NA,NA,NA,NA,NA,NA,NA,443,418,401,208,75,NA,NA,NA,NA,NA,NA,NA,NA,
141,P141,Riofrio-Lazo et al,2017,Population Abundance of the Endangered Galapagos Sea Lion Zalophus wollebaeki in the Southeastern Galapagos Archipelago,Plos One,Journal Article,UW,Galapagos sea lion,Zalophus wollebaeki,Zalophus wollebaeki,Otariidae,https://doi.org/10.1371/journal.pone.0168829,,https://journals.plos.org/plosone/article?id=10.1371/journal.pone.0168829,Bahia Santa Fe,Bahia Santa Fe,0,1,-0.815492501,-90.05733641,no,yes,All individuals,All Individuals,1,Ground,NA,NA,NA,NA,NA,NA,NA,NA,NA,NA,NA,NA,NA,NA,NA,NA,NA,NA,NA,NA,NA,NA,NA,NA,NA,NA,NA,NA,NA,NA,NA,NA,NA,NA,NA,NA,NA,NA,NA,NA,NA,NA,NA,NA,NA,NA,NA,NA,NA,NA,NA,NA,NA,NA,NA,NA,NA,NA,NA,NA,NA,NA,NA,NA,NA,NA,NA,NA,NA,NA,NA,NA,NA,NA,NA,NA,NA,NA,NA,NA,NA,NA,NA,NA,NA,NA,NA,NA,NA,NA,NA,NA,NA,NA,NA,NA,NA,NA,NA,NA,NA,NA,NA,NA,NA,NA,NA,NA,NA,NA,NA,NA,NA,524,516,412,NA,NA,NA,NA,NA,NA,NA,NA,
142,P142,Riofrio-Lazo et al,2017,Population Abundance of the Endangered Galapagos Sea Lion Zalophus wollebaeki in the Southeastern Galapagos Archipelago,Plos One,Journal Article,UW,Galapagos sea lion,Zalophus wollebaeki,Zalophus wollebaeki,Otariidae,https://doi.org/10.1371/journal.pone.0168829,,https://journals.plos.org/plosone/article?id=10.1371/journal.pone.0168829,Cerro Brujo,Cerro Brujo,0,1,-0.718159829,-89.41975393,no,yes,All individuals,All Individuals,1,Ground,NA,NA,NA,NA,NA,NA,NA,NA,NA,NA,NA,NA,NA,NA,NA,NA,NA,NA,NA,NA,NA,NA,NA,NA,NA,NA,NA,NA,NA,NA,NA,NA,NA,NA,NA,NA,NA,NA,NA,NA,NA,NA,NA,NA,NA,NA,NA,NA,NA,NA,NA,NA,NA,NA,NA,NA,NA,NA,NA,NA,NA,NA,NA,NA,NA,NA,NA,NA,NA,NA,NA,NA,NA,NA,NA,NA,NA,NA,NA,NA,NA,NA,NA,NA,NA,NA,NA,NA,NA,NA,NA,NA,NA,NA,NA,NA,NA,NA,NA,NA,NA,NA,NA,NA,NA,NA,NA,NA,NA,NA,NA,64,312,119,201,38,NA,NA,NA,NA,NA,NA,NA,NA,
143,P143,Riofrio-Lazo et al,2017,Population Abundance of the Endangered Galapagos Sea Lion Zalophus wollebaeki in the Southeastern Galapagos Archipelago,Plos One,Journal Article,UW,Galapagos sea lion,Zalophus wollebaeki,Zalophus wollebaeki,Otariidae,https://doi.org/10.1371/journal.pone.0168829,,https://journals.plos.org/plosone/article?id=10.1371/journal.pone.0168829,Champion,Champion,0,1,-1.237553662,-90.38588764,no,yes,All individuals,All Individuals,1,Ground,NA,NA,NA,NA,NA,NA,NA,NA,NA,NA,NA,NA,NA,NA,NA,NA,NA,NA,NA,NA,NA,NA,NA,NA,NA,NA,NA,NA,NA,NA,NA,NA,NA,NA,NA,NA,NA,NA,NA,NA,NA,NA,NA,NA,NA,NA,NA,NA,NA,NA,NA,NA,NA,NA,NA,NA,NA,NA,NA,NA,NA,NA,NA,NA,NA,NA,NA,NA,NA,NA,NA,NA,NA,NA,NA,NA,NA,NA,NA,NA,NA,NA,NA,NA,NA,NA,NA,NA,NA,NA,NA,NA,NA,NA,NA,NA,NA,NA,NA,NA,NA,NA,NA,NA,NA,NA,NA,NA,NA,NA,NA,NA,NA,313,232,144,NA,NA,NA,NA,NA,NA,NA,NA,
144,P144,Riofrio-Lazo et al,2017,Population Abundance of the Endangered Galapagos Sea Lion Zalophus wollebaeki in the Southeastern Galapagos Archipelago,Plos One,Journal Article,UW,Galapagos sea lion,Zalophus wollebaeki,Zalophus wollebaeki,Otariidae,https://doi.org/10.1371/journal.pone.0168829,,https://journals.plos.org/plosone/article?id=10.1371/journal.pone.0168829,El Malecon,El Malecon,0,1,-0.75403459,-90.30274251,no,yes,All individuals,All Individuals,1,Ground,NA,NA,NA,NA,NA,NA,NA,NA,NA,NA,NA,NA,NA,NA,NA,NA,NA,NA,NA,NA,NA,NA,NA,NA,NA,NA,NA,NA,NA,NA,NA,NA,NA,NA,NA,NA,NA,NA,NA,NA,NA,NA,NA,NA,NA,NA,NA,NA,NA,NA,NA,NA,NA,NA,NA,NA,NA,NA,NA,NA,NA,NA,NA,NA,NA,NA,NA,NA,NA,NA,NA,NA,NA,NA,NA,NA,NA,NA,NA,NA,NA,NA,NA,NA,NA,NA,NA,NA,NA,NA,NA,NA,NA,NA,NA,NA,NA,NA,NA,NA,NA,NA,NA,NA,NA,689,653,NA,558,565,959,901,1203,1178,1126,920,NA,NA,NA,NA,NA,NA,NA,NA,
145,P145,Riofrio-Lazo et al,2017,Population Abundance of the Endangered Galapagos Sea Lion Zalophus wollebaeki in the Southeastern Galapagos Archipelago,Plos One,Journal Article,UW,Galapagos sea lion,Zalophus wollebaeki,Zalophus wollebaeki,Otariidae,https://doi.org/10.1371/journal.pone.0168829,,https://journals.plos.org/plosone/article?id=10.1371/journal.pone.0168829,Isla Lobos,Isla Lobos,0,1,-0.856118608,-89.56663551,no,yes,All individuals,All Individuals,1,Ground,NA,NA,NA,NA,NA,NA,NA,NA,NA,NA,NA,NA,NA,NA,NA,NA,NA,NA,NA,NA,NA,NA,NA,NA,NA,NA,NA,NA,NA,NA,NA,NA,NA,NA,NA,NA,NA,NA,NA,NA,NA,NA,NA,NA,NA,NA,NA,NA,NA,NA,NA,NA,NA,NA,NA,NA,NA,NA,NA,NA,NA,NA,NA,NA,NA,NA,NA,NA,NA,NA,NA,NA,NA,NA,NA,NA,NA,NA,NA,NA,NA,NA,NA,NA,NA,NA,NA,NA,NA,NA,NA,NA,NA,NA,NA,NA,NA,NA,NA,NA,NA,NA,NA,NA,NA,371,292,NA,NA,NA,NA,490,252,431,294,199,NA,NA,NA,NA,NA,NA,NA,NA,
146,P146,Riofrio-Lazo et al,2017,Population Abundance of the Endangered Galapagos Sea Lion Zalophus wollebaeki in the Southeastern Galapagos Archipelago,Plos One,Journal Article,UW,Galapagos sea lion,Zalophus wollebaeki,Zalophus wollebaeki,Otariidae,https://doi.org/10.1371/journal.pone.0168829,,https://journals.plos.org/plosone/article?id=10.1371/journal.pone.0168829,La Loberia,La Loberia,0,1,-0.927971194,-89.61614854,no,yes,All individuals,All Individuals,1,Ground,NA,NA,NA,NA,NA,NA,NA,NA,NA,NA,NA,NA,NA,NA,NA,NA,NA,NA,NA,NA,NA,NA,NA,NA,NA,NA,NA,NA,NA,NA,NA,NA,NA,NA,NA,NA,NA,NA,NA,NA,NA,NA,NA,NA,NA,NA,NA,NA,NA,NA,NA,NA,NA,NA,NA,NA,NA,NA,NA,NA,NA,NA,NA,NA,NA,NA,NA,NA,NA,NA,NA,NA,NA,NA,NA,NA,NA,NA,NA,NA,NA,NA,NA,NA,NA,NA,NA,NA,NA,NA,NA,NA,NA,NA,NA,NA,NA,NA,NA,NA,NA,NA,NA,NA,NA,218,137,NA,172,39,72,227,173,144,159,93,NA,NA,NA,NA,NA,NA,NA,NA,
147,P147,Riofrio-Lazo et al,2017,Population Abundance of the Endangered Galapagos Sea Lion Zalophus wollebaeki in the Southeastern Galapagos Archipelago,Plos One,Journal Article,UW,Galapagos sea lion,Zalophus wollebaeki,Zalophus wollebaeki,Otariidae,https://doi.org/10.1371/journal.pone.0168829,,https://journals.plos.org/plosone/article?id=10.1371/journal.pone.0168829,Las Cuevas,Las Cuevas,0,1,-1.314273301,-90.37412377,no,yes,All individuals,All Individuals,1,Ground,NA,NA,NA,NA,NA,NA,NA,NA,NA,NA,NA,NA,NA,NA,NA,NA,NA,NA,NA,NA,NA,NA,NA,NA,NA,NA,NA,NA,NA,NA,NA,NA,NA,NA,NA,NA,NA,NA,NA,NA,NA,NA,NA,NA,NA,NA,NA,NA,NA,NA,NA,NA,NA,NA,NA,NA,NA,NA,NA,NA,NA,NA,NA,NA,NA,NA,NA,NA,NA,NA,NA,NA,NA,NA,NA,NA,NA,NA,NA,NA,NA,NA,NA,NA,NA,NA,NA,NA,NA,NA,NA,NA,NA,NA,NA,NA,NA,NA,NA,NA,NA,NA,NA,NA,NA,NA,NA,NA,NA,NA,NA,NA,NA,NA,688,261,NA,NA,NA,NA,NA,NA,NA,NA,
148,P148,Riofrio-Lazo et al,2017,Population Abundance of the Endangered Galapagos Sea Lion Zalophus wollebaeki in the Southeastern Galapagos Archipelago,Plos One,Journal Article,UW,Galapagos sea lion,Zalophus wollebaeki,Zalophus wollebaeki,Otariidae,https://doi.org/10.1371/journal.pone.0168829,,https://journals.plos.org/plosone/article?id=10.1371/journal.pone.0168829,Post Office,Post Office,0,1,-1.236294677,-90.4495039,no,yes,All individuals,All Individuals,1,Ground,NA,NA,NA,NA,NA,NA,NA,NA,NA,NA,NA,NA,NA,NA,NA,NA,NA,NA,NA,NA,NA,NA,NA,NA,NA,NA,NA,NA,NA,NA,NA,NA,NA,NA,NA,NA,NA,NA,NA,NA,NA,NA,NA,NA,NA,NA,NA,NA,NA,NA,NA,NA,NA,NA,NA,NA,NA,NA,NA,NA,NA,NA,NA,NA,NA,NA,NA,NA,NA,NA,NA,NA,NA,NA,NA,NA,NA,NA,NA,NA,NA,NA,NA,NA,NA,NA,NA,NA,NA,NA,NA,NA,NA,NA,NA,NA,NA,NA,NA,NA,NA,NA,NA,NA,NA,NA,NA,NA,NA,NA,NA,NA,446,463,384,524,NA,NA,NA,NA,NA,NA,NA,NA,
149,P149,Riofrio-Lazo et al,2017,Population Abundance of the Endangered Galapagos Sea Lion Zalophus wollebaeki in the Southeastern Galapagos Archipelago,Plos One,Journal Article,UW,Galapagos sea lion,Zalophus wollebaeki,Zalophus wollebaeki,Otariidae,https://doi.org/10.1371/journal.pone.0168829,,https://journals.plos.org/plosone/article?id=10.1371/journal.pone.0168829,Puerto,Puerto,0,1,-1.275201576,-90.48934606,no,yes,All individuals,All Individuals,1,Ground,NA,NA,NA,NA,NA,NA,NA,NA,NA,NA,NA,NA,NA,NA,NA,NA,NA,NA,NA,NA,NA,NA,NA,NA,NA,NA,NA,NA,NA,NA,NA,NA,NA,NA,NA,NA,NA,NA,NA,NA,NA,NA,NA,NA,NA,NA,NA,NA,NA,NA,NA,NA,NA,NA,NA,NA,NA,NA,NA,NA,NA,NA,NA,NA,NA,NA,NA,NA,NA,NA,NA,NA,NA,NA,NA,NA,NA,NA,NA,NA,NA,NA,NA,NA,NA,NA,NA,NA,NA,NA,NA,NA,NA,NA,NA,NA,NA,NA,NA,NA,NA,NA,NA,NA,NA,NA,NA,NA,NA,NA,NA,NA,61,43,67,107,NA,NA,NA,NA,NA,NA,NA,NA,
150,P150,Riofrio-Lazo et al,2017,Population Abundance of the Endangered Galapagos Sea Lion Zalophus wollebaeki in the Southeastern Galapagos Archipelago,Plos One,Journal Article,UW,Galapagos sea lion,Zalophus wollebaeki,Zalophus wollebaeki,Otariidae,https://doi.org/10.1371/journal.pone.0168829,,https://journals.plos.org/plosone/article?id=10.1371/journal.pone.0168829,Punta ceballos,Punta ceballos,0,1,-1.40926138,-89.62495232,no,yes,All individuals,All Individuals,1,Ground,NA,NA,NA,NA,NA,NA,NA,NA,NA,NA,NA,NA,NA,NA,NA,NA,NA,NA,NA,NA,NA,NA,NA,NA,NA,NA,NA,NA,NA,NA,NA,NA,NA,NA,NA,NA,NA,NA,NA,NA,NA,NA,NA,NA,NA,NA,NA,NA,NA,NA,NA,NA,NA,NA,NA,NA,NA,NA,NA,NA,NA,NA,NA,NA,NA,NA,NA,NA,NA,NA,NA,NA,NA,NA,NA,NA,NA,NA,NA,NA,NA,NA,NA,NA,NA,NA,NA,NA,NA,NA,NA,NA,NA,NA,NA,NA,NA,NA,NA,NA,NA,NA,NA,NA,NA,NA,NA,NA,NA,NA,NA,NA,NA,81,126,106,NA,NA,NA,NA,NA,NA,NA,NA,
151,P151,Riofrio-Lazo et al,2017,Population Abundance of the Endangered Galapagos Sea Lion Zalophus wollebaeki in the Southeastern Galapagos Archipelago,Plos One,Journal Article,UW,Galapagos sea lion,Zalophus wollebaeki,Zalophus wollebaeki,Otariidae,https://doi.org/10.1371/journal.pone.0168829,,https://journals.plos.org/plosone/article?id=10.1371/journal.pone.0168829,Punta Pitt,Punta Pitt,0,1,-0.707434167,-89.23883578,no,yes,All individuals,All Individuals,1,Ground,NA,NA,NA,NA,NA,NA,NA,NA,NA,NA,NA,NA,NA,NA,NA,NA,NA,NA,NA,NA,NA,NA,NA,NA,NA,NA,NA,NA,NA,NA,NA,NA,NA,NA,NA,NA,NA,NA,NA,NA,NA,NA,NA,NA,NA,NA,NA,NA,NA,NA,NA,NA,NA,NA,NA,NA,NA,NA,NA,NA,NA,NA,NA,NA,NA,NA,NA,NA,NA,NA,NA,NA,NA,NA,NA,NA,NA,NA,NA,NA,NA,NA,NA,NA,NA,NA,NA,NA,NA,NA,NA,NA,NA,NA,NA,NA,NA,NA,NA,NA,NA,NA,NA,NA,NA,NA,NA,NA,NA,NA,625,736,691,609,908,937,NA,NA,NA,NA,NA,NA,NA,NA,
152,P152,Riofrio-Lazo et al,2017,Population Abundance of the Endangered Galapagos Sea Lion Zalophus wollebaeki in the Southeastern Galapagos Archipelago,Plos One,Journal Article,UW,Galapagos sea lion,Zalophus wollebaeki,Zalophus wollebaeki,Otariidae,https://doi.org/10.1371/journal.pone.0168829,,https://journals.plos.org/plosone/article?id=10.1371/journal.pone.0168829,Punta Suarez,Punta Suarez,0,1,-1.370431266,-89.74705584,no,yes,All individuals,All Individuals,1,Ground,NA,NA,NA,NA,NA,NA,NA,NA,NA,NA,NA,NA,NA,NA,NA,NA,NA,NA,NA,NA,NA,NA,NA,NA,NA,NA,NA,NA,NA,NA,NA,NA,NA,NA,NA,NA,NA,NA,NA,NA,NA,NA,NA,NA,NA,NA,NA,NA,NA,NA,NA,NA,NA,NA,NA,NA,NA,NA,NA,NA,NA,NA,NA,NA,NA,NA,NA,NA,NA,NA,NA,NA,NA,NA,NA,NA,NA,NA,NA,NA,NA,NA,NA,NA,NA,NA,NA,NA,NA,NA,NA,NA,NA,NA,NA,NA,NA,NA,NA,NA,NA,NA,NA,NA,NA,NA,NA,NA,NA,NA,NA,NA,284,279,383,331,NA,NA,NA,NA,NA,NA,NA,NA,
153,P153,Denkinger et al,2015,Urban life of Galapagos sea lions (Zalophus wollebaeki) on San Cristobal Island,Journal of Sea Research,Journal Article,LPI,Galapagos sea lion,Zalophus wollebaeki,Zalophus wollebaeki,Otariidae,https://doi.org/10.1016/j.seares.2015.07.004,,https://www.sciencedirect.com/science/article/pii/S1385110115300277,"Wreck Bay, Puerto Baquerizo Moreno, San Cristobal Island",,,1,-0.900833,-89.610278,yes,no,Mean counts of individuals per colony,,,Weekly sea lion censuses,NA,NA,NA,NA,NA,NA,NA,NA,NA,NA,NA,NA,NA,NA,NA,NA,NA,NA,NA,NA,NA,NA,NA,NA,NA,NA,NA,NA,NA,NA,NA,NA,NA,NA,NA,NA,NA,NA,NA,NA,NA,NA,NA,NA,NA,NA,NA,NA,NA,NA,NA,NA,NA,NA,NA,NA,NA,NA,NA,NA,NA,NA,NA,NA,NA,NA,NA,NA,NA,NA,NA,NA,NA,NA,NA,NA,NA,NA,NA,NA,NA,NA,NA,NA,NA,NA,NA,NA,NA,NA,NA,NA,NA,NA,NA,NA,NA,NA,NA,NA,NA,NA,NA,NA,NA,NA,NA,NA,270,213.5,338.29,402.09,440.37,NA,NA,NA,NA,NA,NA,NA,NA,NA,NA,NA,
156,P156,Central Bureau of Statistics,2020,"Common and gray seal in Wadden Sea and Delta area, 1960 - 2020",Compendium for the Living Environment,Tech memo,LPI,Grey seal,H. g. atlantica,H. g. atlantica NE Atl,Phocidae,NA,,https://www.clo.nl/indicatoren/nl123117-gewone-en-grijze-zeehond-in-waddenzee-en-deltagebied-1960-2020,Dutch Wadden Sea,Dutch Wadden Sea,0,1,53.35,5.1,yes,yes,Number of individuals,All Individuals,1,Ship,NA,NA,NA,NA,NA,NA,NA,NA,NA,NA,NA,NA,NA,NA,NA,NA,NA,NA,NA,NA,NA,NA,NA,NA,NA,NA,NA,NA,NA,NA,NA,NA,NA,NA,NA,NA,NA,NA,NA,NA,NA,NA,NA,NA,NA,NA,NA,NA,NA,NA,NA,NA,NA,NA,NA,NA,NA,NA,NA,NA,NA,NA,NA,NA,NA,NA,NA,NA,NA,NA,NA,NA,NA,NA,NA,NA,NA,NA,NA,2,7,8,16,31,43,60,60,65,65,80,90,120,180,220,220,275,315,320,350,550,520,555,940,1050,1111,1499,1768,1493,1685,2108,2036,2388,3059,1822,3364,3544,3696,4045,4565,4760,NA,NA,NA,NA,
157,P157,Central Bureau of Statistics,2020,"Common and gray seal in Wadden Sea and Delta area, 1960 - 2020",Compendium for the Living Environment,Tech memo,LPI,Grey seal,H. g. atlantica,H. g. atlantica NE Atl,Phocidae,NA,,https://www.clo.nl/indicatoren/nl123117-gewone-en-grijze-zeehond-in-waddenzee-en-deltagebied-1960-2020,South Holland Delta,South Holland Delta,0,1,51.631412,3.842009,no,yes,Number of individuals,All Individuals,1,Aerial,NA,NA,NA,NA,NA,NA,NA,NA,NA,NA,NA,NA,NA,NA,NA,NA,NA,NA,NA,NA,NA,NA,NA,NA,NA,NA,NA,NA,NA,NA,NA,NA,NA,NA,NA,NA,NA,NA,NA,NA,NA,NA,NA,NA,NA,NA,NA,NA,NA,NA,NA,NA,NA,NA,NA,NA,NA,NA,NA,NA,NA,NA,NA,NA,NA,NA,NA,NA,NA,NA,NA,NA,NA,NA,NA,NA,NA,NA,NA,NA,NA,NA,NA,NA,NA,NA,NA,NA,NA,NA,NA,NA,NA,NA,NA,NA,NA,NA,NA,NA,NA,NA,NA,6,60,147,210,206,200,379,382,677,835,909,804,826,1358,1489,1593,NA,NA,NA,NA,NA,
204,P204,Cox et al,2020,Population trends of harbour and grey seals in the Greater Thames Estuary,Mammal Communications,Journal Article,LPI,Grey seal,H. g. atlantica,H. g. atlantica NE Atl,Phocidae,ISSN 2056-872X,,https://www.researchgate.net/profile/Anna-Cucknell/publication/355172248_Population_trends_of_harbour_and_grey_seals_in_the_Greater_Thames_Estuary/links/61640b741eb5da761e79c152/Population-trends-of-harbour-and-grey-seals-in-the-Greater-Thames-Estuary.pdf,Greater Thames Estuary,Greater Thames Estuary,0,0,51.483164,0.936526,no,no,Estimated population size,All Individuals,0,Aerial,NA,NA,NA,NA,NA,NA,NA,NA,NA,NA,NA,NA,NA,NA,NA,NA,NA,NA,NA,NA,NA,NA,NA,NA,NA,NA,NA,NA,NA,NA,NA,NA,NA,NA,NA,NA,NA,NA,NA,NA,NA,NA,NA,NA,NA,NA,NA,NA,NA,NA,NA,NA,NA,NA,NA,NA,NA,NA,NA,NA,NA,NA,NA,NA,NA,NA,NA,NA,NA,NA,NA,NA,NA,NA,NA,NA,NA,NA,NA,NA,NA,NA,NA,NA,NA,NA,NA,NA,NA,NA,NA,NA,NA,NA,NA,NA,NA,NA,NA,NA,NA,NA,NA,402,NA,NA,NA,NA,669,NA,1644,NA,NA,812,1879,1900,2013,2406,2490,3243,NA,NA,NA,NA,
159,P159,DFO,2011,IMPACTS OF GREY SEALS ON FISH POPULATIONS IN EASTERN CANADA,Canadian Science Advisory Secretariat,Tech memo,LPI,Grey seal,H. g. atlantica,H. g. atlantica NW Atl,Phocidae,ISSN 1919-5087,,https://waves-vagues.dfo-mpo.gc.ca/library-bibliotheque/343116.pdf,Southern Gulf,Southern Gulf,0,1,47.18896881,-63.08228143,no,yes,Pups,Pups,3.5,Aerial,NA,NA,NA,NA,NA,NA,NA,NA,NA,NA,NA,NA,NA,NA,NA,NA,NA,NA,NA,NA,NA,NA,NA,NA,NA,NA,NA,NA,NA,NA,NA,NA,NA,NA,NA,NA,NA,NA,NA,NA,NA,NA,NA,NA,NA,NA,NA,NA,NA,NA,NA,NA,NA,NA,NA,NA,NA,NA,NA,NA,NA,NA,NA,NA,NA,NA,900,NA,NA,NA,NA,NA,NA,NA,NA,3800,NA,3900,NA,NA,NA,NA,NA,NA,7169,6706,5588,NA,NA,9352,9176,NA,NA,NA,NA,NA,10717,6839,NA,NA,5260,NA,NA,NA,14210,NA,NA,11413,NA,NA,11329,NA,NA,NA,NA,NA,NA,NA,NA,NA,NA,NA,NA,NA,
160,P160,DFO,2011,IMPACTS OF GREY SEALS ON FISH POPULATIONS IN EASTERN CANADA,Canadian Science Advisory Secretariat,Tech memo,LPI,Grey seal,H. g. atlantica,H. g. atlantica NW Atl,Phocidae,ISSN 1919-5087,,https://waves-vagues.dfo-mpo.gc.ca/library-bibliotheque/343116.pdf,Sable Island Nova Scotia,Sable Island Nova Scotia,0,1,43.94353566,-59.92057724,no,yes,Pups,Pups,3.5,Aerial,NA,NA,NA,NA,NA,NA,NA,NA,NA,NA,NA,NA,NA,NA,NA,NA,NA,NA,NA,NA,NA,NA,NA,NA,NA,NA,NA,NA,NA,NA,NA,NA,NA,NA,NA,NA,NA,NA,NA,NA,NA,NA,NA,NA,NA,NA,NA,NA,NA,NA,NA,NA,NA,NA,NA,NA,NA,NA,NA,NA,NA,NA,NA,400,550,660,NA,580,700,800,800,1000,950,1200,1250,NA,2000,2181,2687,2933,3344,3143,4489,5435,5856,5605,6301,7391,8593,9712,10451,NA,NA,15500,NA,NA,NA,25400,NA,NA,NA,NA,NA,NA,41100,NA,NA,54482,NA,NA,62054,NA,NA,NA,NA,NA,NA,NA,NA,NA,NA,NA,NA,NA,
1601,P1601,DFO,2011,IMPACTS OF GREY SEALS ON FISH POPULATIONS IN EASTERN CANADA,Canadian Science Advisory Secretariat,Tech memo,LPI,Grey seal,H. g. atlantica,H. g. atlantica NW Atl,Phocidae,ISSN 1919-5087,,https://waves-vagues.dfo-mpo.gc.ca/library-bibliotheque/343116.pdf,Eastern Shore,Eastern Shore,0,1,46.01514588,-59.68583827,no,yes,Pups,Pups,3.5,Aerial,NA,NA,NA,NA,NA,NA,NA,NA,NA,NA,NA,NA,NA,NA,NA,NA,NA,NA,NA,NA,NA,NA,NA,NA,NA,NA,NA,NA,NA,NA,NA,NA,NA,NA,NA,NA,NA,NA,NA,NA,NA,NA,NA,NA,NA,NA,NA,NA,NA,NA,NA,NA,NA,NA,NA,NA,NA,NA,NA,NA,NA,NA,130,180,190,230,180,270,NA,NA,100,130,NA,NA,135,180,130,NA,NA,NA,NA,NA,NA,NA,142,135,151,179,NA,179,NA,NA,NA,NA,NA,NA,395,1061,NA,NA,799,NA,NA,NA,2469,NA,NA,3017,NA,NA,2960,NA,NA,NA,NA,NA,NA,NA,NA,NA,NA,NA,NA,NA,
244,P244,Lyons,2004,"Summary of National Parks & Wildlife Service surveys for common (harbour) seals (Phoca vitulina) and grey seals (Halichoerus grypus), 1978 to 2004",National Parks & Wildlife Service,Tech memo,LPI,Grey seal,H. g. atlantica,H. g. atlantica NE Atl,Phocidae,ISSN 1393 - 6670,,https://www.npws.ie/sites/default/files/publications/pdf/IWM13.pdf,Great Blasket Islands,,0,1,52.101866,-10.538635,no,no,Population estimates derived from pup production ,,3.5,NA,NA,NA,NA,NA,NA,NA,NA,NA,NA,NA,NA,NA,NA,NA,NA,NA,NA,NA,NA,NA,NA,NA,NA,NA,NA,NA,NA,NA,NA,NA,NA,NA,NA,NA,NA,NA,NA,NA,NA,NA,NA,NA,NA,NA,NA,NA,NA,NA,NA,NA,NA,NA,NA,NA,NA,NA,NA,NA,NA,NA,NA,NA,NA,NA,NA,NA,NA,NA,NA,NA,NA,NA,NA,NA,NA,NA,NA,NA,NA,37.64,NA,NA,NA,328.62,288.02,NA,NA,NA,302.51,313.76,NA,NA,NA,NA,NA,621.12,NA,NA,NA,NA,NA,NA,NA,NA,NA,NA,NA,NA,NA,NA,NA,NA,NA,NA,NA,NA,NA,NA,NA,NA,NA,NA,NA,NA,
245,P245,Lyons,2004,"Summary of National Parks & Wildlife Service surveys for common (harbour) seals (Phoca vitulina) and grey seals (Halichoerus grypus), 1978 to 2005",National Parks & Wildlife Service,Tech memo,LPI,Grey seal,H. g. atlantica,H. g. atlantica NE Atl,Phocidae,ISSN 1393 - 6670,,https://www.npws.ie/sites/default/files/publications/pdf/IWM13.pdf,"Inishkea Islands, Ireland",,0,1,54.158414,-10.200806,no,no,Population estimates derived from pup production ,,,NA,NA,NA,NA,NA,NA,NA,NA,NA,NA,NA,NA,NA,NA,NA,NA,NA,NA,NA,NA,NA,NA,NA,NA,NA,NA,NA,NA,NA,NA,NA,NA,NA,NA,NA,NA,NA,NA,NA,NA,NA,NA,NA,NA,NA,NA,NA,NA,NA,NA,NA,NA,NA,NA,NA,NA,NA,NA,NA,NA,NA,NA,NA,NA,NA,NA,NA,NA,NA,NA,NA,NA,NA,NA,NA,NA,NA,NA,NA,169.92,389.3,NA,753.87,791.86,970.03,135.7,302.32,483.78,886.2,239.86,459.25,312.55,228.52,352.27,235.25,720.13,NA,NA,NA,NA,NA,NA,1202.12,NA,NA,NA,NA,NA,NA,NA,NA,NA,NA,NA,NA,NA,NA,NA,NA,NA,NA,NA,NA,NA,NA,
205,P205,Duck et al,2002,Scientific Advice on Matters Related to the Management of Seal Populations: 2002 (ANNEX II),Special Committee On Seals,Tech memo,LPI,Grey seal,H. g. atlantica,H. g. atlantica NE Atl,Phocidae,SCOS 02/2,,https://www.smru.st-andrews.ac.uk/scos/scos-reports/   https://www.smru.st-andrews.ac.uk/files/2016/08/SCOS-2002.pdf,Faraholm,Faraholm,0,1,58.84,-3.17,no,yes,Pup production estimates for islands in the Orkney group,Pups,3.5,Aerial,NA,NA,NA,NA,NA,NA,NA,NA,NA,NA,NA,NA,NA,NA,NA,NA,NA,NA,NA,NA,NA,NA,NA,NA,NA,NA,NA,NA,NA,NA,NA,NA,NA,NA,NA,NA,NA,NA,NA,NA,NA,NA,NA,NA,NA,NA,NA,NA,NA,NA,NA,NA,NA,NA,NA,NA,NA,NA,NA,NA,NA,NA,NA,NA,NA,NA,NA,NA,NA,NA,171,320,NA,351,500,477,398,477,700,672,817,712,817,NA,834,796,752,837,833,760,970,976,1304,1325,1238,1387,1464,1464,1675,1399,1293,1291,NA,NA,NA,NA,NA,NA,NA,NA,NA,NA,NA,NA,NA,NA,NA,NA,NA,NA,NA,NA,NA,NA,
206,P206,Duck et al,2002,Scientific Advice on Matters Related to the Management of Seal Populations: 2002 (ANNEX II),Special Committee On Seals,Tech memo,LPI,Grey seal,H. g. atlantica,H. g. atlantica NE Atl,Phocidae,SCOS 02/2,,https://www.smru.st-andrews.ac.uk/scos/scos-reports/   https://www.smru.st-andrews.ac.uk/files/2016/08/SCOS-2002.pdf,Grassholm,Grassholm,0,1,59.06667,-2.93333,no,yes,Pup production estimates for islands in the Orkney group,Pups,3.5,Aerial,NA,NA,NA,NA,NA,NA,NA,NA,NA,NA,NA,NA,NA,NA,NA,NA,NA,NA,NA,NA,NA,NA,NA,NA,NA,NA,NA,NA,NA,NA,NA,NA,NA,NA,NA,NA,NA,NA,NA,NA,NA,NA,NA,NA,NA,NA,NA,NA,NA,NA,NA,NA,NA,NA,NA,NA,NA,NA,NA,NA,NA,NA,NA,NA,NA,NA,NA,NA,NA,NA,66,40,NA,92,69,21,21,21,36,69,74,92,103,NA,79,60,81,83,66,48,49,70,56,88,69,32,64,46,61,40,22,26,NA,NA,NA,NA,NA,NA,NA,NA,NA,NA,NA,NA,NA,NA,NA,NA,NA,NA,NA,NA,NA,NA,
207,P207,Duck et al,2002,Scientific Advice on Matters Related to the Management of Seal Populations: 2002 (ANNEX II),Special Committee On Seals,Tech memo,LPI,Grey seal,H. g. atlantica,H. g. atlantica NE Atl,Phocidae,SCOS 02/2,,https://www.smru.st-andrews.ac.uk/scos/scos-reports/   https://www.smru.st-andrews.ac.uk/files/2016/08/SCOS-2002.pdf,Wales,Wales,0,1,52.5,-4.0525,no,yes,Pup production estimates.,Pups,3.5,Aerial,NA,NA,NA,NA,NA,NA,NA,NA,NA,NA,NA,NA,NA,NA,NA,NA,NA,NA,NA,NA,NA,NA,NA,NA,NA,NA,NA,NA,NA,NA,NA,NA,NA,NA,NA,NA,NA,NA,NA,NA,NA,NA,NA,NA,NA,NA,NA,NA,NA,NA,NA,NA,NA,NA,NA,NA,NA,NA,NA,NA,NA,NA,NA,NA,NA,NA,NA,NA,NA,NA,NA,NA,NA,NA,NA,NA,NA,645,NA,NA,NA,NA,NA,NA,NA,NA,NA,NA,NA,NA,NA,NA,1308,1372,1350,NA,NA,NA,NA,NA,NA,NA,NA,NA,NA,NA,NA,NA,NA,NA,NA,NA,NA,NA,NA,NA,NA,NA,NA,NA,NA,NA,NA,NA,
208,P208,Duck et al,2002,Scientific Advice on Matters Related to the Management of Seal Populations: 2002 (ANNEX II),Special Committee On Seals,Tech memo,LPI,Grey seal,H. g. atlantica,H. g. atlantica NE Atl,Phocidae,SCOS 02/2,,https://www.smru.st-andrews.ac.uk/scos/scos-reports/   https://www.smru.st-andrews.ac.uk/files/2016/08/SCOS-2002.pdf,Fladda (island of the Inner Hebrides),Fladda (island of the Inner Hebrides),0,1,56.51667,-6.385,no,yes,Pup production estimates for islands in the Inner Hebrides group,Pups,3.5,Aerial,NA,NA,NA,NA,NA,NA,NA,NA,NA,NA,NA,NA,NA,NA,NA,NA,NA,NA,NA,NA,NA,NA,NA,NA,NA,NA,NA,NA,NA,NA,NA,NA,NA,NA,NA,NA,NA,NA,NA,NA,NA,NA,NA,NA,NA,NA,NA,NA,NA,NA,NA,NA,NA,NA,NA,NA,NA,NA,NA,NA,NA,NA,NA,NA,NA,NA,NA,NA,NA,NA,NA,NA,NA,NA,NA,NA,NA,NA,NA,NA,NA,NA,NA,NA,169,109,149,194,231,234,183,288,347,324,280,368,351,365,315,319,355,295,NA,NA,NA,NA,NA,NA,NA,NA,NA,NA,NA,NA,NA,NA,NA,NA,NA,NA,NA,NA,NA,NA,
209,P209,Duck et al,2002,Scientific Advice on Matters Related to the Management of Seal Populations: 2002 (ANNEX II),Special Committee On Seals,Tech memo,LPI,Grey seal,H. g. atlantica,H. g. atlantica NE Atl,Phocidae,SCOS 02/2,,https://www.smru.st-andrews.ac.uk/scos/scos-reports/   https://www.smru.st-andrews.ac.uk/files/2016/08/SCOS-2002.pdf,Lunga (island of the Inner Hebrides),Lunga (island of the Inner Hebrides),0,1,56.20972,-5.69972,no,yes,Pup production estimates for islands in the Inner Hebrides group,Pups,3.5,Aerial,NA,NA,NA,NA,NA,NA,NA,NA,NA,NA,NA,NA,NA,NA,NA,NA,NA,NA,NA,NA,NA,NA,NA,NA,NA,NA,NA,NA,NA,NA,NA,NA,NA,NA,NA,NA,NA,NA,NA,NA,NA,NA,NA,NA,NA,NA,NA,NA,NA,NA,NA,NA,NA,NA,NA,NA,NA,NA,NA,NA,NA,NA,NA,NA,NA,NA,NA,NA,NA,NA,NA,NA,NA,NA,NA,NA,NA,NA,NA,NA,NA,NA,NA,NA,226,136,204,234,246,277,221,271,341,385,356,429,414,448,427,352,392,350,NA,NA,NA,NA,NA,NA,NA,NA,NA,NA,NA,NA,NA,NA,NA,NA,NA,NA,NA,NA,NA,NA,
210,P210,Duck et al,2002,Scientific Advice on Matters Related to the Management of Seal Populations: 2002 (ANNEX II),Special Committee On Seals,Tech memo,LPI,Grey seal,H. g. atlantica,H. g. atlantica NE Atl,Phocidae,SCOS 02/2,,https://www.smru.st-andrews.ac.uk/scos/scos-reports/   https://www.smru.st-andrews.ac.uk/files/2016/08/SCOS-2002.pdf,Northern Treshnish (island of the Inner Hebrides),Northern Treshnish (island of the Inner Hebrides),0,1,56.50889,-6.39361,no,yes,Pup production estimates for islands in the Inner Hebrides group,Pups,3.5,Aerial,NA,NA,NA,NA,NA,NA,NA,NA,NA,NA,NA,NA,NA,NA,NA,NA,NA,NA,NA,NA,NA,NA,NA,NA,NA,NA,NA,NA,NA,NA,NA,NA,NA,NA,NA,NA,NA,NA,NA,NA,NA,NA,NA,NA,NA,NA,NA,NA,NA,NA,NA,NA,NA,NA,NA,NA,NA,NA,NA,NA,NA,NA,NA,NA,NA,NA,NA,NA,NA,NA,NA,NA,NA,NA,NA,NA,NA,NA,NA,NA,NA,NA,NA,NA,87,84,114,115,130,131,146,125,203,211,145,181,181,158,168,158,177,171,NA,NA,NA,NA,NA,NA,NA,NA,NA,NA,NA,NA,NA,NA,NA,NA,NA,NA,NA,NA,NA,NA,
211,P211,Duck et al,2002,Scientific Advice on Matters Related to the Management of Seal Populations: 2002 (ANNEX II),Special Committee On Seals,Tech memo,LPI,Grey seal,H. g. atlantica,H. g. atlantica NE Atl,Phocidae,SCOS 02/2,,https://www.smru.st-andrews.ac.uk/scos/scos-reports/   https://www.smru.st-andrews.ac.uk/files/2016/08/SCOS-2002.pdf,Sgeir an Chaisteil & Eirionnach (island of the Inner Hebrides),Sgeir an Chaisteil & Eirionnach (island of the Inner Hebrides),0,1,56.50056,-6.41806,no,yes,Pup production estimates for islands in the Inner Hebrides group,Pups,3.5,Aerial,NA,NA,NA,NA,NA,NA,NA,NA,NA,NA,NA,NA,NA,NA,NA,NA,NA,NA,NA,NA,NA,NA,NA,NA,NA,NA,NA,NA,NA,NA,NA,NA,NA,NA,NA,NA,NA,NA,NA,NA,NA,NA,NA,NA,NA,NA,NA,NA,NA,NA,NA,NA,NA,NA,NA,NA,NA,NA,NA,NA,NA,NA,NA,NA,NA,NA,NA,NA,NA,NA,NA,NA,NA,NA,NA,NA,NA,NA,NA,NA,NA,NA,NA,NA,136,113,119,147,170,187,162,174,153,186,148,182,186,177,166,173,167,141,NA,NA,NA,NA,NA,NA,NA,NA,NA,NA,NA,NA,NA,NA,NA,NA,NA,NA,NA,NA,NA,NA,
212,P212,Duck et al,2002,Scientific Advice on Matters Related to the Management of Seal Populations: 2002 (ANNEX II),Special Committee On Seals,Tech memo,LPI,Grey seal,H. g. atlantica,H. g. atlantica NE Atl,Phocidae,SCOS 02/2,,https://www.smru.st-andrews.ac.uk/scos/scos-reports/   https://www.smru.st-andrews.ac.uk/files/2016/08/SCOS-2002.pdf,Soa (island of the Inner Hebrides),Soa (island of the Inner Hebrides),0,1,56.51694,-6.76333,no,yes,Pup production estimates for islands in the Inner Hebrides group,Pups,3.5,Aerial,NA,NA,NA,NA,NA,NA,NA,NA,NA,NA,NA,NA,NA,NA,NA,NA,NA,NA,NA,NA,NA,NA,NA,NA,NA,NA,NA,NA,NA,NA,NA,NA,NA,NA,NA,NA,NA,NA,NA,NA,NA,NA,NA,NA,NA,NA,NA,NA,NA,NA,NA,NA,NA,NA,NA,NA,NA,NA,NA,NA,NA,NA,NA,NA,NA,NA,NA,NA,NA,NA,NA,NA,NA,NA,NA,NA,NA,NA,NA,NA,NA,NA,NA,NA,63,63,111,102,102,101,107,97,98,91,96,116,92,81,63,57,82,74,NA,NA,NA,NA,NA,NA,NA,NA,NA,NA,NA,NA,NA,NA,NA,NA,NA,NA,NA,NA,NA,NA,
214,P214,Duck et al,2002,Scientific Advice on Matters Related to the Management of Seal Populations: 2002 (ANNEX II),Special Committee On Seals,Tech memo,LPI,Grey seal,H. g. atlantica,H. g. atlantica NE Atl,Phocidae,SCOS 02/2,,https://www.smru.st-andrews.ac.uk/scos/scos-reports/   https://www.smru.st-andrews.ac.uk/files/2016/08/SCOS-2002.pdf,Farne Islands,Farne Islands,0,1,55.63306,1.61694,no,yes,Pup production estimates.,Pups,3.5,Aerial,NA,NA,NA,NA,NA,NA,NA,NA,NA,NA,NA,NA,NA,NA,NA,NA,NA,NA,NA,NA,NA,NA,NA,NA,NA,NA,NA,NA,NA,NA,NA,NA,NA,NA,NA,NA,NA,NA,NA,NA,NA,NA,NA,NA,NA,NA,NA,NA,NA,NA,NA,NA,NA,NA,NA,NA,752,859,866,897,1017,1148,1113,1254,1447,1409,1729,1780,1797,1921,1987,2041,1617,1678,1668,1617,1426,1243,1162,1320,1118,992,991,902,778,848,908,930,812,892,1004,927,985,1051,1025,1070,1061,1284,1309,843,1171,1247,1206,1271,1130,1137,1254,1161,1312,1347,1502,1560,NA,NA,NA,NA,NA,NA,NA,NA,NA,NA,NA,NA,
215,P215,Duck et al,2002,Scientific Advice on Matters Related to the Management of Seal Populations: 2002 (ANNEX II),Special Committee On Seals,Tech memo,LPI,Grey seal,H. g. atlantica,H. g. atlantica NE Atl,Phocidae,SCOS 02/2,,https://www.smru.st-andrews.ac.uk/scos/scos-reports/   https://www.smru.st-andrews.ac.uk/files/2016/08/SCOS-2002.pdf,Fast Castle,Fast Castle,0,1,55.93333,-2.23333,no,yes,Pup production estimates.,Pups,3.5,Aerial,NA,NA,NA,NA,NA,NA,NA,NA,NA,NA,NA,NA,NA,NA,NA,NA,NA,NA,NA,NA,NA,NA,NA,NA,NA,NA,NA,NA,NA,NA,NA,NA,NA,NA,NA,NA,NA,NA,NA,NA,NA,NA,NA,NA,NA,NA,NA,NA,NA,NA,NA,NA,NA,NA,NA,NA,NA,NA,NA,NA,NA,NA,NA,NA,NA,NA,NA,NA,NA,NA,NA,NA,NA,NA,NA,NA,NA,NA,NA,NA,NA,NA,NA,NA,NA,NA,NA,NA,NA,NA,NA,NA,NA,NA,NA,NA,NA,236,273,268,378,318,531,713,653,757,796,1001,1172,1632,1702,NA,NA,NA,NA,NA,NA,NA,NA,NA,NA,NA,NA,NA,
216,P216,Duck et al,2002,Scientific Advice on Matters Related to the Management of Seal Populations: 2002 (ANNEX II),Special Committee On Seals,Tech memo,LPI,Grey seal,H. g. atlantica,H. g. atlantica NE Atl,Phocidae,SCOS 02/2,,https://www.smru.st-andrews.ac.uk/scos/scos-reports/   https://www.smru.st-andrews.ac.uk/files/2016/08/SCOS-2002.pdf,"Isle of May , Scotland","Isle of May , Scotland",0,1,56.17972,-2.54972,no,yes,Pup production estimates.,Pups,3.5,Aerial,NA,NA,NA,NA,NA,NA,NA,NA,NA,NA,NA,NA,NA,NA,NA,NA,NA,NA,NA,NA,NA,NA,NA,NA,NA,NA,NA,NA,NA,NA,NA,NA,NA,NA,NA,NA,NA,NA,NA,NA,NA,NA,NA,NA,NA,NA,NA,NA,NA,NA,NA,NA,NA,NA,NA,NA,NA,NA,NA,NA,NA,NA,NA,NA,NA,NA,NA,NA,NA,NA,NA,NA,NA,NA,NA,NA,NA,NA,NA,300,499,505,603,336,517,810,891,865,608,936,1122,1225,1251,1454,1325,1353,1567,1796,1968,1766,2133,1932,NA,NA,NA,NA,NA,NA,NA,NA,NA,NA,NA,NA,NA,NA,NA,NA,NA,NA,NA,NA,NA,NA,
219,P219,Duck et al,2002,Scientific Advice on Matters Related to the Management of Seal Populations: 2002 (ANNEX II),Special Committee On Seals,Tech memo,LPI,Grey seal,H. g. atlantica,H. g. atlantica NE Atl,Phocidae,SCOS 02/2,,https://www.smru.st-andrews.ac.uk/scos/scos-reports/   https://www.smru.st-andrews.ac.uk/files/2016/08/SCOS-2002.pdf,Helmsdale,Helmsdale,0,1,58.11667,-3.65417,no,yes,Pup production estimates.,Pups,3.5,Aerial,NA,NA,NA,NA,NA,NA,NA,NA,NA,NA,NA,NA,NA,NA,NA,NA,NA,NA,NA,NA,NA,NA,NA,NA,NA,NA,NA,NA,NA,NA,NA,NA,NA,NA,NA,NA,NA,NA,NA,NA,NA,NA,NA,NA,NA,NA,NA,NA,NA,NA,NA,NA,NA,NA,NA,NA,NA,NA,NA,NA,NA,NA,NA,NA,NA,NA,NA,NA,NA,NA,NA,NA,NA,NA,NA,NA,NA,NA,NA,NA,NA,NA,NA,NA,94,NA,NA,NA,NA,280,NA,321,225,NA,NA,300,300,NA,NA,NA,NA,NA,NA,NA,NA,NA,NA,NA,NA,NA,NA,NA,NA,NA,NA,NA,NA,NA,NA,NA,NA,NA,NA,NA,
220,P220,Duck et al,2002,Scientific Advice on Matters Related to the Management of Seal Populations: 2002 (ANNEX II),Special Committee On Seals,Tech memo,LPI,Grey seal,H. g. atlantica,H. g. atlantica NE Atl,Phocidae,SCOS 02/2,,https://www.smru.st-andrews.ac.uk/scos/scos-reports/   https://www.smru.st-andrews.ac.uk/files/2016/08/SCOS-2002.pdf,Loch Eriboll,Loch Eriboll,0,1,58.51667,-4.06944,no,yes,Pup production estimates.,Pups,3.5,Aerial,NA,NA,NA,NA,NA,NA,NA,NA,NA,NA,NA,NA,NA,NA,NA,NA,NA,NA,NA,NA,NA,NA,NA,NA,NA,NA,NA,NA,NA,NA,NA,NA,NA,NA,NA,NA,NA,NA,NA,NA,NA,NA,NA,NA,NA,NA,NA,NA,NA,NA,NA,NA,NA,NA,NA,NA,NA,NA,NA,NA,NA,NA,NA,NA,NA,NA,NA,NA,NA,NA,NA,NA,NA,NA,NA,NA,NA,NA,NA,NA,NA,NA,NA,NA,406,NA,NA,NA,NA,666,NA,NA,612,700,700,516,726,719,649,NA,670,NA,NA,NA,NA,NA,NA,NA,NA,NA,NA,NA,NA,NA,NA,NA,NA,NA,NA,NA,NA,NA,NA,NA,
221,P221,Duck et al,2002,Scientific Advice on Matters Related to the Management of Seal Populations: 2002 (ANNEX II),Special Committee On Seals,Tech memo,LPI,Grey seal,H. g. atlantica,H. g. atlantica NE Atl,Phocidae,SCOS 02/2,,https://www.smru.st-andrews.ac.uk/scos/scos-reports/   https://www.smru.st-andrews.ac.uk/files/2016/08/SCOS-2002.pdf,Pentland Skerry,Pentland Skerry,0,1,58.68889,-2.92361,no,yes,Pup production estimates for islands in the Orkney group,Pups,3.5,Aerial,NA,NA,NA,NA,NA,NA,NA,NA,NA,NA,NA,NA,NA,NA,NA,NA,NA,NA,NA,NA,NA,NA,NA,NA,NA,NA,NA,NA,NA,NA,NA,NA,NA,NA,NA,NA,NA,NA,NA,NA,NA,NA,NA,NA,NA,NA,NA,NA,NA,NA,NA,NA,NA,NA,NA,NA,NA,NA,NA,NA,NA,NA,NA,NA,NA,NA,NA,NA,NA,NA,85,36,NA,52,73,48,65,65,57,65,81,125,147,NA,70,82,70,90,62,62,79,96,51,86,65,71,79,66,69,62,60,55,NA,NA,NA,NA,NA,NA,NA,NA,NA,NA,NA,NA,NA,NA,NA,NA,NA,NA,NA,NA,NA,NA,
222,P222,Duck et al,2002,Scientific Advice on Matters Related to the Management of Seal Populations: 2002 (ANNEX II),Special Committee On Seals,Tech memo,LPI,Grey seal,H. g. atlantica,H. g. atlantica NE Atl,Phocidae,SCOS 02/2,,https://www.smru.st-andrews.ac.uk/scos/scos-reports/   https://www.smru.st-andrews.ac.uk/files/2016/08/SCOS-2002.pdf,Point of Spurness,Point of Spurness,0,1,59.18528,-2.69167,no,yes,Pup production estimates for islands in the Orkney group,Pups,3.5,Aerial,NA,NA,NA,NA,NA,NA,NA,NA,NA,NA,NA,NA,NA,NA,NA,NA,NA,NA,NA,NA,NA,NA,NA,NA,NA,NA,NA,NA,NA,NA,NA,NA,NA,NA,NA,NA,NA,NA,NA,NA,NA,NA,NA,NA,NA,NA,NA,NA,NA,NA,NA,NA,NA,NA,NA,NA,NA,NA,NA,NA,NA,NA,NA,NA,NA,NA,NA,NA,NA,NA,45,49,NA,66,21,49,53,78,136,127,107,45,29,NA,0,0,0,0,0,0,0,0,0,0,0,0,0,0,0,0,0,NA,NA,NA,NA,NA,NA,NA,NA,NA,NA,NA,NA,NA,NA,NA,NA,NA,NA,NA,NA,NA,NA,NA,
223,P223,Duck et al,2002,Scientific Advice on Matters Related to the Management of Seal Populations: 2002 (ANNEX II),Special Committee On Seals,Tech memo,LPI,Grey seal,H. g. atlantica,H. g. atlantica NE Atl,Phocidae,SCOS 02/2,,https://www.smru.st-andrews.ac.uk/scos/scos-reports/   https://www.smru.st-andrews.ac.uk/files/2016/08/SCOS-2002.pdf,"Wartholm, Orkney","Wartholm, Orkney",0,1,59.22583,-2.90528,no,yes,Pup production estimates for islands in the Orkney group,Pups,3.5,Aerial,NA,NA,NA,NA,NA,NA,NA,NA,NA,NA,NA,NA,NA,NA,NA,NA,NA,NA,NA,NA,NA,NA,NA,NA,NA,NA,NA,NA,NA,NA,NA,NA,NA,NA,NA,NA,NA,NA,NA,NA,NA,NA,NA,NA,NA,NA,NA,NA,NA,NA,NA,NA,NA,NA,NA,NA,NA,NA,NA,NA,NA,NA,NA,NA,NA,NA,NA,NA,NA,NA,4,16,NA,12,0,4,4,4,4,4,0,4,4,NA,0,0,0,0,0,0,0,0,0,0,0,0,0,0,0,0,0,NA,NA,NA,NA,NA,NA,NA,NA,NA,NA,NA,NA,NA,NA,NA,NA,NA,NA,NA,NA,NA,NA,NA,
225,P225,Duck et al,2002,Scientific Advice on Matters Related to the Management of Seal Populations: 2002 (ANNEX II),Special Committee On Seals,Tech memo,LPI,Grey seal,H. g. atlantica,H. g. atlantica NE Atl,Phocidae,SCOS 02/2,,https://www.smru.st-andrews.ac.uk/scos/scos-reports/   https://www.smru.st-andrews.ac.uk/files/2016/08/SCOS-2002.pdf,Causamul (island of the Outer Hebrides),Causamul (island of the Outer Hebrides),0,1,57.60167,-7.59306,no,yes,Pup production estimates for islands in the Outer Hebrides group,Pups,3.5,Aerial,NA,NA,NA,NA,NA,NA,NA,NA,NA,NA,NA,NA,NA,NA,NA,NA,NA,NA,NA,NA,NA,NA,NA,NA,NA,NA,NA,NA,NA,NA,NA,NA,NA,NA,NA,NA,NA,NA,NA,NA,NA,NA,NA,NA,NA,NA,NA,NA,NA,NA,NA,NA,NA,NA,NA,NA,NA,NA,NA,NA,NA,68,NA,NA,NA,NA,241,161,161,NA,103,NA,271,NA,224,202,217,NA,172,159,163,178,260,NA,143,168,108,131,122,73,115,94,91,107,86,55,64,67,64,45,48,35,33,33,25,47,48,18,26,NA,19,NA,NA,NA,NA,NA,NA,NA,NA,NA,NA,NA,NA,NA,
226,P226,Duck et al,2002,Scientific Advice on Matters Related to the Management of Seal Populations: 2002 (ANNEX II),Special Committee On Seals,Tech memo,LPI,Grey seal,H. g. atlantica,H. g. atlantica NE Atl,Phocidae,SCOS 02/2,,https://www.smru.st-andrews.ac.uk/scos/scos-reports/   https://www.smru.st-andrews.ac.uk/files/2016/08/SCOS-2002.pdf,Ceann Ear (Monachs) (island of the Outer Hebrides),Ceann Ear (Monachs) (island of the Outer Hebrides),0,0,57.52472,-7.60972,no,no,Pup production estimates for islands in the Outer Hebrides group,,0,Aerial,NA,NA,NA,NA,NA,NA,NA,NA,NA,NA,NA,NA,NA,NA,NA,NA,NA,NA,NA,NA,NA,NA,NA,NA,NA,NA,NA,NA,NA,NA,NA,NA,NA,NA,NA,NA,NA,NA,NA,NA,NA,NA,NA,NA,NA,NA,NA,NA,NA,NA,NA,NA,NA,NA,NA,NA,NA,NA,NA,NA,NA,NA,NA,NA,NA,NA,NA,NA,NA,NA,84,NA,274,NA,459,690,628,NA,371,810,880,486,557,NA,616,748,822,666,418,518,510,543,716,1037,921,977,1254,1656,1649,1514,2199,2110,NA,NA,NA,NA,NA,NA,NA,NA,NA,NA,NA,NA,NA,NA,NA,NA,NA,NA,NA,NA,NA,NA,
227,P227,Duck et al,2002,Scientific Advice on Matters Related to the Management of Seal Populations: 2002 (ANNEX II),Special Committee On Seals,Tech memo,LPI,Grey seal,H. g. atlantica,H. g. atlantica NE Atl,Phocidae,SCOS 02/2,,https://www.smru.st-andrews.ac.uk/scos/scos-reports/   https://www.smru.st-andrews.ac.uk/files/2016/08/SCOS-2002.pdf,Ceann Iar (Monachs) (island of the Outer Hebrides),Ceann Iar (Monachs) (island of the Outer Hebrides),0,0,57.52556,-7.6575,no,no,Pup production estimates for islands in the Outer Hebrides group,,0,Aerial,NA,NA,NA,NA,NA,NA,NA,NA,NA,NA,NA,NA,NA,NA,NA,NA,NA,NA,NA,NA,NA,NA,NA,NA,NA,NA,NA,NA,NA,NA,NA,NA,NA,NA,NA,NA,NA,NA,NA,NA,NA,NA,NA,NA,NA,NA,NA,NA,NA,NA,NA,NA,NA,NA,NA,NA,NA,NA,NA,NA,NA,NA,NA,NA,NA,NA,NA,NA,NA,NA,0,NA,0,NA,49,141,111,NA,560,672,1077,1279,1329,NA,2175,2365,2931,3227,3733,4041,4554,5098,5852,5498,5956,6332,6648,5660,5711,5637,6439,5724,NA,NA,NA,NA,NA,NA,NA,NA,NA,NA,NA,NA,NA,NA,NA,NA,NA,NA,NA,NA,NA,NA,
228,P228,Duck et al,2002,Scientific Advice on Matters Related to the Management of Seal Populations: 2002 (ANNEX II),Special Committee On Seals,Tech memo,LPI,Grey seal,H. g. atlantica,H. g. atlantica NE Atl,Phocidae,SCOS 02/2,,https://www.smru.st-andrews.ac.uk/scos/scos-reports/   https://www.smru.st-andrews.ac.uk/files/2016/08/SCOS-2002.pdf,Deasker (island of the Outer Hebrides),Deasker (island of the Outer Hebrides),0,1,57.56,-7.61,no,yes,Pup production estimates for islands in the Outer Hebrides group,Pups,3.5,Aerial,NA,NA,NA,NA,NA,NA,NA,NA,NA,NA,NA,NA,NA,NA,NA,NA,NA,NA,NA,NA,NA,NA,NA,NA,NA,NA,NA,NA,NA,NA,NA,NA,NA,NA,NA,NA,NA,NA,NA,NA,NA,NA,NA,NA,NA,NA,NA,NA,NA,NA,NA,NA,NA,NA,NA,NA,NA,NA,NA,NA,NA,NA,NA,NA,NA,NA,NA,NA,NA,NA,41,NA,67,NA,83,51,57,NA,51,80,31,68,110,NA,0,0,0,0,0,0,0,0,0,0,0,0,0,0,0,0,0,0,NA,NA,NA,NA,NA,NA,NA,NA,NA,NA,NA,NA,NA,NA,NA,NA,NA,NA,NA,NA,NA,NA,
229,P229,Duck et al,2002,Scientific Advice on Matters Related to the Management of Seal Populations: 2002 (ANNEX II),Special Committee On Seals,Tech memo,LPI,Grey seal,H. g. atlantica,H. g. atlantica NE Atl,Phocidae,SCOS 02/2,,https://www.smru.st-andrews.ac.uk/scos/scos-reports/   https://www.smru.st-andrews.ac.uk/files/2016/08/SCOS-2002.pdf,Haskeir (island of the Outer Hebrides),Haskeir (island of the Outer Hebrides),0,1,57.7,-7.68389,no,yes,Pup production estimates for islands in the Outer Hebrides group,Pups,3.5,Aerial,NA,NA,NA,NA,NA,NA,NA,NA,NA,NA,NA,NA,NA,NA,NA,NA,NA,NA,NA,NA,NA,NA,NA,NA,NA,NA,NA,NA,NA,NA,NA,NA,NA,NA,NA,NA,NA,NA,NA,NA,NA,NA,NA,NA,NA,NA,NA,NA,NA,NA,NA,NA,NA,NA,NA,NA,NA,NA,NA,NA,NA,80,NA,NA,NA,97,97,97,NA,NA,130,NA,167,NA,176,212,278,NA,320,269,351,278,322,NA,277,254,225,224,195,176,146,159,179,150,123,120,133,79,90,66,80,79,55,46,50,48,40,29,23,25,27,NA,NA,NA,NA,NA,NA,NA,NA,NA,NA,NA,NA,NA,
230,P230,Duck et al,2002,Scientific Advice on Matters Related to the Management of Seal Populations: 2002 (ANNEX II),Special Committee On Seals,Tech memo,LPI,Grey seal,H. g. atlantica,H. g. atlantica NE Atl,Phocidae,SCOS 02/2,,https://www.smru.st-andrews.ac.uk/scos/scos-reports/   https://www.smru.st-andrews.ac.uk/files/2016/08/SCOS-2002.pdf,Monachs (group of islands of the Outer Hebrides),Monachs (group of islands of the Outer Hebrides),0,1,57.75,-7,no,yes,Pup production estimates for islands in the Outer Hebrides group.  [Total pup production for Monachs],Pups,3.5,Aerial,NA,NA,NA,NA,NA,NA,NA,NA,NA,NA,NA,NA,NA,NA,NA,NA,NA,NA,NA,NA,NA,NA,NA,NA,NA,NA,NA,NA,NA,NA,NA,NA,NA,NA,NA,NA,NA,NA,NA,NA,NA,NA,NA,NA,NA,NA,NA,NA,NA,NA,NA,NA,NA,NA,NA,NA,NA,NA,NA,NA,NA,NA,NA,NA,NA,NA,NA,NA,NA,NA,605,NA,1054,NA,1307,1982,1946,NA,1764,2474,2848,2944,2798,NA,3638,4208,4830,5139,5348,5818,6269,6898,7947,7891,8235,8845,9225,8645,8717,8423,10044,9216,NA,NA,NA,NA,NA,NA,NA,NA,NA,NA,NA,NA,NA,NA,NA,NA,NA,NA,NA,NA,NA,NA,
231,P231,Duck et al,2002,Scientific Advice on Matters Related to the Management of Seal Populations: 2002 (ANNEX II),Special Committee On Seals,Tech memo,LPI,Grey seal,H. g. atlantica,H. g. atlantica NE Atl,Phocidae,SCOS 02/2,,https://www.smru.st-andrews.ac.uk/scos/scos-reports/   https://www.smru.st-andrews.ac.uk/files/2016/08/SCOS-2002.pdf,North Rona (island of the Outer Hebrides),North Rona (island of the Outer Hebrides),0,1,59.12278,-5.82278,no,yes,Pup production estimates,Pups,3.5,Aerial,NA,NA,NA,NA,NA,NA,NA,NA,NA,NA,NA,NA,NA,NA,NA,NA,NA,NA,NA,NA,NA,NA,NA,NA,NA,NA,NA,NA,NA,NA,NA,NA,NA,NA,NA,NA,NA,NA,NA,NA,NA,NA,NA,NA,NA,NA,NA,NA,NA,NA,NA,NA,NA,NA,NA,NA,NA,NA,NA,NA,NA,NA,NA,NA,NA,NA,NA,NA,NA,NA,2023,NA,1309,NA,1647,1961,1886,NA,2002,1770,1867,1785,1888,NA,1641,1489,1300,1188,1093,1183,1156,1286,1530,1445,1293,1342,1281,1081,1199,1170,1105,1046,NA,NA,NA,NA,NA,NA,NA,NA,NA,NA,NA,NA,NA,NA,NA,NA,NA,NA,NA,NA,NA,NA,
232,P232,Duck et al,2002,Scientific Advice on Matters Related to the Management of Seal Populations: 2002 (ANNEX II),Special Committee On Seals,Tech memo,LPI,Grey seal,H. g. atlantica,H. g. atlantica NE Atl,Phocidae,SCOS 02/2,,https://www.smru.st-andrews.ac.uk/scos/scos-reports/   https://www.smru.st-andrews.ac.uk/files/2016/08/SCOS-2002.pdf,Shillay (Monachs) (island of the Outer Hebrides),Shillay (Monachs) (island of the Outer Hebrides),0,1,57.52667,-7.69444,no,yes,Pup production estimates for islands in the Outer Hebrides group,Pups,3.5,Aerial,NA,NA,NA,NA,NA,NA,NA,NA,NA,NA,NA,NA,NA,NA,NA,NA,NA,NA,NA,NA,NA,NA,NA,NA,NA,NA,NA,NA,NA,NA,NA,NA,NA,NA,NA,NA,NA,NA,NA,NA,NA,NA,NA,NA,NA,NA,NA,NA,NA,NA,NA,NA,NA,NA,NA,NA,NA,NA,NA,NA,NA,NA,NA,NA,NA,NA,NA,NA,NA,NA,60,NA,49,NA,44,217,152,NA,205,164,242,331,199,NA,209,193,222,223,189,212,174,181,204,192,196,200,157,76,70,69,129,138,NA,NA,NA,NA,NA,NA,NA,NA,NA,NA,NA,NA,NA,NA,NA,NA,NA,NA,NA,NA,NA,NA,
233,P233,Duck et al,2002,Scientific Advice on Matters Related to the Management of Seal Populations: 2002 (ANNEX II),Special Committee On Seals,Tech memo,LPI,Grey seal,H. g. atlantica,H. g. atlantica NE Atl,Phocidae,SCOS 02/2,,https://www.smru.st-andrews.ac.uk/scos/scos-reports/   https://www.smru.st-andrews.ac.uk/files/2016/08/SCOS-2002.pdf,Shivinish (Monachs) (island of the Outer Hebrides),Shivinish (Monachs) (island of the Outer Hebrides),0,1,57.52167,-7.63361,no,yes,Pup production estimates for islands in the Outer Hebrides group,Pups,3.5,Aerial,NA,NA,NA,NA,NA,NA,NA,NA,NA,NA,NA,NA,NA,NA,NA,NA,NA,NA,NA,NA,NA,NA,NA,NA,NA,NA,NA,NA,NA,NA,NA,NA,NA,NA,NA,NA,NA,NA,NA,NA,NA,NA,NA,NA,NA,NA,NA,NA,NA,NA,NA,NA,NA,NA,NA,NA,NA,NA,NA,NA,NA,NA,NA,NA,NA,NA,NA,NA,NA,NA,0,NA,0,NA,0,0,0,NA,0,0,0,0,0,NA,83,261,283,353,429,512,574,582,576,640,640,856,721,795,865,739,834,771,NA,NA,NA,NA,NA,NA,NA,NA,NA,NA,NA,NA,NA,NA,NA,NA,NA,NA,NA,NA,NA,NA,
234,P234,Duck et al,2002,Scientific Advice on Matters Related to the Management of Seal Populations: 2002 (ANNEX II),Special Committee On Seals,Tech memo,LPI,Grey seal,H. g. atlantica,H. g. atlantica NE Atl,Phocidae,SCOS 02/2,,https://www.smru.st-andrews.ac.uk/scos/scos-reports/   https://www.smru.st-andrews.ac.uk/files/2016/08/SCOS-2002.pdf,Stockay (Monachs) (island of the Outer Hebrides),Stockay (Monachs) (island of the Outer Hebrides),0,1,57.53361,-7.58167,no,yes,Pup production estimates for islands in the Outer Hebrides group,Pups,3.5,Aerial,NA,NA,NA,NA,NA,NA,NA,NA,NA,NA,NA,NA,NA,NA,NA,NA,NA,NA,NA,NA,NA,NA,NA,NA,NA,NA,NA,NA,NA,NA,NA,NA,NA,NA,NA,NA,NA,NA,NA,NA,NA,NA,NA,NA,NA,NA,NA,NA,NA,NA,NA,NA,NA,NA,NA,NA,NA,NA,NA,NA,NA,NA,NA,NA,NA,NA,NA,NA,NA,NA,460,NA,730,NA,754,932,1053,NA,626,826,647,847,712,NA,555,641,572,670,579,535,457,494,599,524,522,480,445,458,422,464,443,473,NA,NA,NA,NA,NA,NA,NA,NA,NA,NA,NA,NA,NA,NA,NA,NA,NA,NA,NA,NA,NA,NA,
239,P239,Harkonen et al,2007,Status of grey seals along mainland Europe from the Southwestern Baltic to France,NAMMCO Scientific publications,Journal Article,LPI,Grey seal,H. g. atlantica,H. g. atlantica NE Atl,Phocidae,DOI:10.7557/3.2721,,https://www.researchgate.net/publication/40095792_Status_of_grey_seals_along_mainland_Europe_from_the_Southwestern_Baltic_to_France,"Molene, Brittany, France","Molene, Brittany, France",0,1,48.394106,-4.959569,no,yes,Mean number of seals,All Individuals,1,Aerial,NA,NA,NA,NA,NA,NA,NA,NA,NA,NA,NA,NA,NA,NA,NA,NA,NA,NA,NA,NA,NA,NA,NA,NA,NA,NA,NA,NA,NA,NA,NA,NA,NA,NA,NA,NA,NA,NA,NA,NA,NA,NA,NA,NA,NA,NA,NA,NA,NA,NA,NA,NA,NA,NA,NA,NA,NA,NA,NA,NA,NA,NA,NA,NA,NA,NA,NA,NA,NA,NA,NA,NA,NA,NA,NA,NA,NA,NA,NA,NA,NA,NA,NA,NA,NA,NA,NA,NA,NA,NA,NA,26,31,32,NA,NA,NA,NA,41,43,51,NA,NA,NA,NA,NA,NA,NA,NA,NA,NA,NA,NA,NA,NA,NA,NA,NA,NA,NA,NA,NA,NA,NA,
240,P240,Harkonen et al,2007,Status of grey seals along mainland Europe from the Southwestern Baltic to France,NAMMCO Scientific publications,Journal Article,LPI,Grey seal,H. g. atlantica,H. g. atlantica NE Atl,Phocidae,DOI:10.7557/3.2721,,https://www.researchgate.net/publication/40095792_Status_of_grey_seals_along_mainland_Europe_from_the_Southwestern_Baltic_to_France,German Wadden Sea,German Wadden Sea,0,1,54,8,no,yes,Maximum number of seals,All Individuals,1,Ship,NA,NA,NA,NA,NA,NA,NA,NA,NA,NA,NA,NA,NA,NA,NA,NA,NA,NA,NA,NA,NA,NA,NA,NA,NA,NA,NA,NA,NA,NA,NA,NA,NA,NA,NA,NA,NA,NA,NA,NA,NA,NA,NA,NA,NA,NA,NA,NA,NA,NA,NA,NA,NA,NA,NA,NA,NA,NA,NA,NA,NA,NA,NA,NA,NA,NA,NA,NA,NA,NA,NA,NA,NA,NA,NA,NA,NA,NA,NA,NA,NA,NA,NA,NA,NA,NA,NA,NA,NA,50,NA,53,57,87,NA,NA,107,97,NA,NA,NA,NA,NA,NA,117,NA,NA,NA,NA,NA,NA,NA,NA,NA,NA,NA,NA,NA,NA,NA,NA,NA,NA,NA,
241,P241,Harkonen et al,2007,Status of grey seals along mainland Europe from the Southwestern Baltic to France,NAMMCO Scientific publications,Journal Article,LPI,Grey seal,H. g. atlantica,H. g. atlantica NE Atl,Phocidae,DOI:10.7557/3.2721,,https://www.researchgate.net/publication/40095792_Status_of_grey_seals_along_mainland_Europe_from_the_Southwestern_Baltic_to_France,"Kattegat-Skagerrak Seas (Anholt, Koster, Onsala, Varberg and Hallands Vadero), south-west Sweden","Kattegat-Skagerrak Seas (Anholt, Koster, Onsala, Varberg and Hallands Vadero), south-west Sweden",0,1,57.56667,11.38333,no,yes,Maximum number of seals,All Individuals,1,Aerial,NA,NA,NA,NA,NA,NA,NA,NA,NA,NA,NA,NA,NA,NA,NA,NA,NA,NA,NA,NA,NA,NA,NA,NA,NA,NA,NA,NA,NA,NA,NA,NA,NA,NA,NA,NA,NA,NA,NA,NA,NA,NA,NA,NA,NA,NA,NA,NA,NA,NA,NA,NA,NA,NA,NA,NA,NA,NA,NA,NA,NA,NA,NA,NA,NA,NA,NA,NA,NA,NA,NA,NA,NA,NA,NA,NA,NA,NA,NA,22,NA,NA,NA,NA,12,18,13,15,13,26,15,NA,21,NA,16,NA,10,NA,10,NA,NA,NA,NA,26,17,NA,NA,NA,NA,NA,NA,NA,NA,NA,NA,NA,NA,NA,NA,NA,NA,NA,NA,NA,
155,P155,Leeney et al,2010,"Abundance, distribution and haul-out behaviour of grey seals (Halichoerus grypus) in Cornwall and the Isles of Scilly, UK",Journal of the Marine Biological Association of the United Kingdom,Journal Article,LPI,Grey seal,H. g. atlantica,H. g. atlantica NE Atl,Phocidae,doi:10.1017/S0025315409991512,,https://www.cambridge.org/core/journals/journal-of-the-marine-biological-association-of-the-united-kingdom/article/abundance-distribution-and-haulout-behaviour-of-grey-seals-halichoerus-grypus-in-cornwall-and-the-isles-of-scilly-uk/FF6C20059B4ECF93C92686BF97C64A66#,"Mutton Cove, Godrevy, Cornwall, England","Mutton Cove, Godrevy, Cornwall, England",0,0,50.25,-5.4,no,no,mean number of hauled out seals,All Individuals,0,Ship,NA,NA,NA,NA,NA,NA,NA,NA,NA,NA,NA,NA,NA,NA,NA,NA,NA,NA,NA,NA,NA,NA,NA,NA,NA,NA,NA,NA,NA,NA,NA,NA,NA,NA,NA,NA,NA,NA,NA,NA,NA,NA,NA,NA,NA,NA,NA,NA,NA,NA,NA,NA,NA,NA,NA,NA,NA,NA,NA,NA,NA,NA,NA,NA,NA,NA,NA,NA,NA,NA,NA,NA,NA,NA,NA,NA,NA,NA,NA,NA,NA,NA,NA,NA,NA,NA,NA,NA,NA,NA,NA,NA,NA,NA,NA,NA,NA,NA,NA,NA,NA,NA,NA,NA,53.4,64.4,92.2,74.8,NA,NA,NA,NA,NA,NA,NA,NA,NA,NA,NA,NA,NA,NA,NA,NA,
243,P243,Lyons,2004,"Summary of National Parks & Wildlife Service surveys for common (harbour) seals (Phoca vitulina) and grey seals (Halichoerus grypus), 1978 to 2003",National Parks & Wildlife Service,Tech memo,LPI,Grey seal,H. g. atlantica,H. g. atlantica NE Atl,Phocidae,ISSN 1393 - 6670,,https://www.npws.ie/sites/default/files/publications/pdf/IWM13.pdf,Great Blasket Islands,Great Blasket Islands,0,1,52.101866,-10.538635,yes,yes,Population estimates derived from pup production ,All Individuals,1,Combination,NA,NA,NA,NA,NA,NA,NA,NA,NA,NA,NA,NA,NA,NA,NA,NA,NA,NA,NA,NA,NA,NA,NA,NA,NA,NA,NA,NA,NA,NA,NA,NA,NA,NA,NA,NA,NA,NA,NA,NA,NA,NA,NA,NA,NA,NA,NA,NA,NA,NA,NA,NA,NA,NA,NA,NA,NA,NA,NA,NA,NA,NA,NA,NA,NA,NA,NA,NA,NA,NA,NA,NA,NA,NA,NA,NA,NA,NA,NA,37.64,NA,NA,NA,328.62,288.02,NA,NA,NA,302.51,313.76,NA,NA,NA,NA,NA,621.12,NA,NA,NA,NA,NA,NA,NA,NA,NA,NA,NA,NA,NA,NA,NA,NA,NA,NA,NA,NA,NA,NA,NA,NA,NA,NA,NA,NA,
154,P154,Lyons D. O. ,2003,"(2004) Summary of National Parks & Wildlife Service surveys for common
(harbour) seals (Phoca vitulina) and grey seals (Halichoerus grypus), 1978 to 2003. Irish
Wildlife Manuals, No. 13. National Parks & Wildlife Service, Department of Environment,
Heritage and Local Government. Dublin, Ireland.",NA,NA,LPI,Grey seal,H. g. atlantica,H. g. atlantica NE Atl,Phocidae,NA,,,"Inishkea Islands, Ireland","Inishkea Islands, Ireland",0,1,54.158414,-10.200806,yes,yes,Population estimates derived from pup production ,All Individuals,1,Combination,NA,NA,NA,NA,NA,NA,NA,NA,NA,NA,NA,NA,NA,NA,NA,NA,NA,NA,NA,NA,NA,NA,NA,NA,NA,NA,NA,NA,NA,NA,NA,NA,NA,NA,NA,NA,NA,NA,NA,NA,NA,NA,NA,NA,NA,NA,NA,NA,NA,NA,NA,NA,NA,NA,NA,NA,NA,NA,NA,NA,NA,NA,NA,NA,NA,NA,NA,NA,NA,NA,NA,NA,NA,NA,NA,NA,NA,NA,169.92,389.3,NA,753.87,791.86,970.03,135.7,302.32,483.78,886.2,239.86,459.25,312.55,228.52,352.27,235.25,720.13,NA,NA,NA,NA,NA,NA,1202.12,NA,NA,NA,NA,NA,NA,NA,NA,NA,NA,NA,NA,NA,NA,NA,NA,NA,NA,NA,NA,NA,NA,
1621,P1621,Oigard et al,2012,Modelling the abundance of grey seals (Halichoerus grypus) along the Norwegian coast,ICES Journal of Marine Science,Journal Article,LPI,Grey seal,H. g. atlantica,H. g. atlantica NE Atl,Phocidae,https://doi.org/10.1093/icesjms/fss103,,https://academic.oup.com/icesjms/article/69/8/1436/701575,Rogaland,Rogaland,0,1,58.78236052,5.324804757,no,yes,Pups,Pups,3.5,Combination,NA,NA,NA,NA,NA,NA,NA,NA,NA,NA,NA,NA,NA,NA,NA,NA,NA,NA,NA,NA,NA,NA,NA,NA,NA,NA,NA,NA,NA,NA,NA,NA,NA,NA,NA,NA,NA,NA,NA,NA,NA,NA,NA,NA,NA,NA,NA,NA,NA,NA,NA,NA,NA,NA,NA,NA,NA,NA,NA,NA,NA,NA,NA,NA,NA,NA,NA,NA,NA,NA,NA,NA,NA,NA,NA,NA,NA,NA,NA,NA,NA,NA,NA,NA,NA,NA,NA,NA,NA,NA,NA,NA,NA,NA,NA,NA,NA,NA,NA,NA,30,30,28,35,NA,31,NA,NA,43,NA,NA,NA,NA,NA,NA,NA,NA,NA,NA,NA,NA,NA,NA,NA,
1622,P1622,Oigard et al,2012,Modelling the abundance of grey seals (Halichoerus grypus) along the Norwegian coast,ICES Journal of Marine Science,Journal Article,LPI,Grey seal,H. g. atlantica,H. g. atlantica NE Atl,Phocidae,https://doi.org/10.1093/icesjms/fss103,,https://academic.oup.com/icesjms/article/69/8/1436/701575,Sor Trondelag,Sor Trondelag,0,1,63.9637973,8.627536056,no,yes,Pups,Pups,3.5,Combination,NA,NA,NA,NA,NA,NA,NA,NA,NA,NA,NA,NA,NA,NA,NA,NA,NA,NA,NA,NA,NA,NA,NA,NA,NA,NA,NA,NA,NA,NA,NA,NA,NA,NA,NA,NA,NA,NA,NA,NA,NA,NA,NA,NA,NA,NA,NA,NA,NA,NA,NA,NA,NA,NA,NA,NA,NA,NA,NA,NA,NA,NA,NA,NA,NA,NA,NA,NA,NA,NA,NA,NA,NA,NA,NA,NA,NA,NA,NA,228,200,230,NA,NA,NA,NA,NA,NA,NA,NA,NA,NA,NA,226,NA,NA,262,NA,NA,NA,NA,NA,283,NA,NA,NA,NA,189,NA,NA,NA,NA,NA,NA,NA,NA,NA,NA,NA,NA,NA,NA,NA,NA,
1623,P1623,Oigard et al,2012,Modelling the abundance of grey seals (Halichoerus grypus) along the Norwegian coast,ICES Journal of Marine Science,Journal Article,LPI,Grey seal,H. g. atlantica,H. g. atlantica NE Atl,Phocidae,https://doi.org/10.1093/icesjms/fss103,,https://academic.oup.com/icesjms/article/69/8/1436/701575,Nord Trondelag,Nord Trondelag,0,1,65.12755045,10.48244931,no,yes,Pups,Pups,3.5,Combination,NA,NA,NA,NA,NA,NA,NA,NA,NA,NA,NA,NA,NA,NA,NA,NA,NA,NA,NA,NA,NA,NA,NA,NA,NA,NA,NA,NA,NA,NA,NA,NA,NA,NA,NA,NA,NA,NA,NA,NA,NA,NA,NA,NA,NA,NA,NA,NA,NA,NA,NA,NA,NA,NA,NA,NA,NA,NA,NA,NA,NA,NA,NA,NA,NA,NA,NA,NA,NA,NA,NA,NA,NA,NA,NA,NA,NA,NA,NA,47,NA,NA,NA,NA,NA,NA,NA,NA,NA,NA,NA,NA,NA,NA,NA,NA,NA,NA,67,NA,NA,84,NA,NA,NA,NA,NA,135,NA,NA,NA,NA,NA,NA,NA,NA,NA,NA,NA,NA,NA,NA,NA,NA,
1624,P1624,Oigard et al,2012,Modelling the abundance of grey seals (Halichoerus grypus) along the Norwegian coast,ICES Journal of Marine Science,Journal Article,LPI,Grey seal,H. g. atlantica,H. g. atlantica NE Atl,Phocidae,https://doi.org/10.1093/icesjms/fss103,,https://academic.oup.com/icesjms/article/69/8/1436/701575,Nordland,Nordland,0,1,67.59915881,13.52528591,no,yes,Pups,Pups,3.5,Combination,NA,NA,NA,NA,NA,NA,NA,NA,NA,NA,NA,NA,NA,NA,NA,NA,NA,NA,NA,NA,NA,NA,NA,NA,NA,NA,NA,NA,NA,NA,NA,NA,NA,NA,NA,NA,NA,NA,NA,NA,NA,NA,NA,NA,NA,NA,NA,NA,NA,NA,NA,NA,NA,NA,NA,NA,NA,NA,NA,NA,NA,NA,NA,NA,NA,NA,NA,NA,NA,NA,NA,NA,NA,NA,NA,NA,NA,NA,NA,140,NA,NA,NA,NA,NA,NA,NA,NA,NA,NA,NA,171,NA,NA,NA,NA,NA,NA,399,NA,NA,NA,573,NA,NA,NA,NA,619,NA,NA,NA,NA,NA,NA,NA,NA,NA,NA,NA,NA,NA,NA,NA,NA,
1625,P1625,Oigard et al,2012,Modelling the abundance of grey seals (Halichoerus grypus) along the Norwegian coast,ICES Journal of Marine Science,Journal Article,LPI,Grey seal,H. g. atlantica,H. g. atlantica NE Atl,Phocidae,https://doi.org/10.1093/icesjms/fss103,,https://academic.oup.com/icesjms/article/69/8/1436/701575,Troms,Troms,0,1,69.95423605,17.88148012,no,yes,Pups,Pups,3.5,Combination,NA,NA,NA,NA,NA,NA,NA,NA,NA,NA,NA,NA,NA,NA,NA,NA,NA,NA,NA,NA,NA,NA,NA,NA,NA,NA,NA,NA,NA,NA,NA,NA,NA,NA,NA,NA,NA,NA,NA,NA,NA,NA,NA,NA,NA,NA,NA,NA,NA,NA,NA,NA,NA,NA,NA,NA,NA,NA,NA,NA,NA,NA,NA,NA,NA,NA,NA,NA,NA,NA,NA,NA,NA,NA,NA,NA,NA,NA,NA,NA,NA,NA,NA,NA,NA,NA,NA,NA,NA,NA,NA,17,NA,NA,NA,NA,NA,NA,NA,NA,NA,NA,NA,41,NA,NA,76,NA,NA,NA,NA,NA,NA,NA,NA,NA,NA,NA,NA,NA,NA,NA,NA,NA,
1626,P1626,Oigard et al,2012,Modelling the abundance of grey seals (Halichoerus grypus) along the Norwegian coast,ICES Journal of Marine Science,Journal Article,LPI,Grey seal,H. g. atlantica,H. g. atlantica NE Atl,Phocidae,https://doi.org/10.1093/icesjms/fss103,,https://academic.oup.com/icesjms/article/69/8/1436/701575,Finmark,Finmark,0,1,71.18697571,25.15016599,no,yes,Pups,Pups,3.5,Combination,NA,NA,NA,NA,NA,NA,NA,NA,NA,NA,NA,NA,NA,NA,NA,NA,NA,NA,NA,NA,NA,NA,NA,NA,NA,NA,NA,NA,NA,NA,NA,NA,NA,NA,NA,NA,NA,NA,NA,NA,NA,NA,NA,NA,NA,NA,NA,NA,NA,NA,NA,NA,NA,NA,NA,NA,NA,NA,NA,NA,NA,NA,NA,NA,NA,NA,NA,NA,NA,NA,NA,NA,NA,NA,NA,NA,NA,NA,NA,NA,NA,NA,NA,NA,NA,NA,NA,NA,NA,NA,39,NA,NA,NA,NA,NA,NA,NA,119,NA,NA,142,NA,143,NA,NA,232,NA,NA,NA,NA,NA,NA,NA,NA,NA,NA,NA,NA,NA,NA,NA,NA,NA,
158,P158,Robillard et al,2005,"Distribution and abundance of harbour seals (Phoca vitulina concolor) and grey seals (Halichoerus grypus) in the Estuary and Gulf of St. Lawrence, 1994–2001",Canadian Technical Report of Fisheries and Aquatic Sciences,Tech memo,LPI,Grey seal,H. g. atlantica,H. g. atlantica NW Atl,Phocidae,ISSN 0706-6457,,https://publications.gc.ca/site/archivee-archived.html?url=https://publications.gc.ca/collections/collection_2012/mpo-dfo/Fs97-6-2474-eng.pdf,"St. Lawrence Estuary and Saguenay River, Qu‚àö¬©bec","St. Lawrence Estuary and Saguenay River, Qu‚àö¬©bec",0,1,48.077602,-69.555988,yes,no,Estimated total number of individuals,All Individuals,1,Aerial,NA,NA,NA,NA,NA,NA,NA,NA,NA,NA,NA,NA,NA,NA,NA,NA,NA,NA,NA,NA,NA,NA,NA,NA,NA,NA,NA,NA,NA,NA,NA,NA,NA,NA,NA,NA,NA,NA,NA,NA,NA,NA,NA,NA,NA,NA,NA,NA,NA,NA,NA,NA,NA,NA,NA,NA,NA,NA,NA,NA,NA,NA,NA,NA,NA,NA,NA,NA,NA,NA,NA,NA,NA,NA,NA,NA,NA,NA,NA,NA,NA,NA,NA,NA,NA,NA,NA,NA,NA,NA,NA,NA,NA,NA,111,723,675,558,NA,NA,NA,NA,NA,NA,NA,NA,NA,NA,NA,NA,NA,NA,NA,NA,NA,NA,NA,NA,NA,NA,NA,NA,NA,NA,
164,P164,Russell et al,2019,Monitoring long-term changes in UK grey seal pup production,Aquatic Conservation: Marine and Freshwater Ecosystems,Journal Article,UW,Grey seal,H. g. atlantica,H. g. atlantica NE Atl,Phocidae,https://doi.org/10.1002/aqc.3100,,https://onlinelibrary.wiley.com/doi/epdf/10.1002/aqc.3100,Faray,Faray,0,1,59.21,-2.82,no,yes,Pup production estimates for islands in the Orkney group,Pups,3.5,Aerial,NA,NA,NA,NA,NA,NA,NA,NA,NA,NA,NA,NA,NA,NA,NA,NA,NA,NA,NA,NA,NA,NA,NA,NA,NA,NA,NA,NA,NA,NA,NA,NA,NA,NA,NA,NA,NA,NA,NA,NA,NA,NA,NA,NA,NA,NA,NA,NA,NA,NA,NA,NA,NA,NA,NA,NA,NA,NA,NA,NA,NA,NA,NA,NA,NA,NA,NA,NA,NA,NA,95,88,NA,35,72,65,85,58,58,92,165,202,146,NA,376,526,811,910,921,1452,1313,1602,1845,1781,1909,2136,1935,2024,2166,2152,2061,2168,NA,NA,NA,NA,NA,NA,NA,NA,NA,NA,NA,NA,NA,NA,NA,NA,NA,NA,NA,NA,NA,NA,
165,P165,Russell et al,2019,Monitoring long-term changes in UK grey seal pup production,Aquatic Conservation: Marine and Freshwater Ecosystems,Journal Article,UW,Grey seal,H. g. atlantica,H. g. atlantica NE Atl,Phocidae,https://doi.org/10.1002/aqc.3100,,https://onlinelibrary.wiley.com/doi/epdf/10.1002/aqc.3100,Eilean nan Eion (island of the Inner Hebrides),Eilean nan Eion (island of the Inner Hebrides),0,1,55.99,-6.24,no,yes,Pup production estimates for islands in the Inner Hebrides group,Pups,3.5,Aerial,NA,NA,NA,NA,NA,NA,NA,NA,NA,NA,NA,NA,NA,NA,NA,NA,NA,NA,NA,NA,NA,NA,NA,NA,NA,NA,NA,NA,NA,NA,NA,NA,NA,NA,NA,NA,NA,NA,NA,NA,NA,NA,NA,NA,NA,NA,NA,NA,NA,NA,NA,NA,NA,NA,NA,NA,NA,NA,NA,NA,NA,NA,NA,NA,NA,NA,NA,NA,NA,NA,NA,NA,NA,NA,NA,NA,NA,NA,NA,NA,NA,NA,NA,NA,190,269,305,297,225,167,265,377,438,458,456,440,431,414,430,392,406,405,386,483,436,415,429,328,352,NA,370,NA,NA,NA,NA,NA,NA,NA,NA,NA,NA,NA,NA,NA,
166,P166,Russell et al,2019,Monitoring long-term changes in UK grey seal pup production,Aquatic Conservation: Marine and Freshwater Ecosystems,Journal Article,UW,Grey seal,H. g. atlantica,H. g. atlantica NE Atl,Phocidae,https://doi.org/10.1002/aqc.3100,,https://onlinelibrary.wiley.com/doi/epdf/10.1002/aqc.3100,Eilean nan Ron (island of the Inner Hebrides),Eilean nan Ron (island of the Inner Hebrides),0,1,58.55611,-4.34056,no,yes,Pup production estimates for islands in the Inner Hebrides group,Pups,3.5,Aerial,NA,NA,NA,NA,NA,NA,NA,NA,NA,NA,NA,NA,NA,NA,NA,NA,NA,NA,NA,NA,NA,NA,NA,NA,NA,NA,NA,NA,NA,NA,NA,NA,NA,NA,NA,NA,NA,NA,NA,NA,NA,NA,NA,NA,NA,NA,NA,NA,NA,NA,NA,NA,NA,NA,NA,NA,NA,NA,NA,NA,NA,NA,NA,NA,NA,NA,NA,NA,NA,NA,NA,NA,NA,NA,NA,NA,NA,NA,NA,NA,NA,NA,NA,NA,180,158,302,420,389,308,392,409,453,464,349,454,558,562,490,481,617,515,468,611,534,568,563,506,562,NA,500,NA,NA,NA,NA,NA,NA,NA,NA,NA,NA,NA,NA,NA,
167,P167,Russell et al,2019,Monitoring long-term changes in UK grey seal pup production,Aquatic Conservation: Marine and Freshwater Ecosystems,Journal Article,UW,Grey seal,H. g. atlantica,H. g. atlantica NE Atl,Phocidae,https://doi.org/10.1002/aqc.3100,,https://onlinelibrary.wiley.com/doi/epdf/10.1002/aqc.3100,Gunna,Gunna,0,1,56.5606865,-6.718062,no,yes,Pup production estimates,Pups,3.5,Aerial,NA,NA,NA,NA,NA,NA,NA,NA,NA,NA,NA,NA,NA,NA,NA,NA,NA,NA,NA,NA,NA,NA,NA,NA,NA,NA,NA,NA,NA,NA,NA,NA,NA,NA,NA,NA,NA,NA,NA,NA,NA,NA,NA,NA,NA,NA,NA,NA,NA,NA,NA,NA,NA,NA,NA,NA,NA,NA,NA,NA,NA,NA,NA,NA,NA,NA,NA,NA,NA,NA,NA,NA,NA,NA,NA,NA,NA,NA,NA,NA,NA,NA,NA,NA,205,192,263,360,330,345,342,474,528,512,580,539,580,587,636,521,623,614,633,588,666,665,672,671,695,NA,678,NA,NA,NA,NA,NA,NA,NA,NA,NA,NA,NA,NA,NA,
168,P168,Russell et al,2019,Monitoring long-term changes in UK grey seal pup production,Aquatic Conservation: Marine and Freshwater Ecosystems,Journal Article,UW,Grey seal,H. g. atlantica,H. g. atlantica NE Atl,Phocidae,https://doi.org/10.1002/aqc.3100,,https://onlinelibrary.wiley.com/doi/epdf/10.1002/aqc.3100,Nave Island (island of the Inner Hebrides),Nave Island (island of the Inner Hebrides),0,1,55.9,-6.33333,no,yes,Pup production estimates for islands in the Inner Hebrides group,Pups,3.5,Aerial,NA,NA,NA,NA,NA,NA,NA,NA,NA,NA,NA,NA,NA,NA,NA,NA,NA,NA,NA,NA,NA,NA,NA,NA,NA,NA,NA,NA,NA,NA,NA,NA,NA,NA,NA,NA,NA,NA,NA,NA,NA,NA,NA,NA,NA,NA,NA,NA,NA,NA,NA,NA,NA,NA,NA,NA,NA,NA,NA,NA,NA,NA,NA,NA,NA,NA,NA,NA,NA,NA,NA,NA,NA,NA,NA,NA,NA,NA,NA,NA,NA,NA,NA,NA,75,66,144,132,135,204,214,195,256,290,309,339,321,282,390,333,402,372,425,460,444,461,477,474,483,NA,455,NA,NA,NA,NA,NA,NA,NA,NA,NA,NA,NA,NA,NA,
169,P169,Russell et al,2019,Monitoring long-term changes in UK grey seal pup production,Aquatic Conservation: Marine and Freshwater Ecosystems,Journal Article,UW,Grey seal,H. g. atlantica,H. g. atlantica NE Atl,Phocidae,https://doi.org/10.1002/aqc.3100,,https://onlinelibrary.wiley.com/doi/epdf/10.1002/aqc.3100,Oronsay,Oronsay,0,1,56.014,-6.228,no,yes,Pup production estimates,Pups,3.5,Aerial,NA,NA,NA,NA,NA,NA,NA,NA,NA,NA,NA,NA,NA,NA,NA,NA,NA,NA,NA,NA,NA,NA,NA,NA,NA,NA,NA,NA,NA,NA,NA,NA,NA,NA,NA,NA,NA,NA,NA,NA,NA,NA,NA,NA,NA,NA,NA,NA,NA,NA,NA,NA,NA,NA,NA,NA,NA,NA,NA,NA,NA,NA,NA,NA,NA,NA,NA,NA,NA,NA,NA,NA,NA,NA,NA,NA,NA,NA,NA,NA,NA,NA,NA,NA,NA,NA,NA,NA,NA,NA,NA,NA,NA,NA,NA,NA,NA,NA,NA,NA,NA,94,99,148,126,151,178,179,185,NA,184,NA,NA,NA,NA,NA,NA,NA,NA,NA,NA,NA,NA,NA,
170,P170,Russell et al,2019,Monitoring long-term changes in UK grey seal pup production,Aquatic Conservation: Marine and Freshwater Ecosystems,Journal Article,UW,Grey seal,H. g. atlantica,H. g. atlantica NE Atl,Phocidae,https://doi.org/10.1002/aqc.3100,,https://onlinelibrary.wiley.com/doi/epdf/10.1002/aqc.3100,Inchkeith,Inchkeith,0,1,56.034375,-3.126374427,no,yes,Pup production estimates,Pups,3.5,Aerial,NA,NA,NA,NA,NA,NA,NA,NA,NA,NA,NA,NA,NA,NA,NA,NA,NA,NA,NA,NA,NA,NA,NA,NA,NA,NA,NA,NA,NA,NA,NA,NA,NA,NA,NA,NA,NA,NA,NA,NA,NA,NA,NA,NA,NA,NA,NA,NA,NA,NA,NA,NA,NA,NA,NA,NA,NA,NA,NA,NA,NA,NA,NA,NA,NA,NA,NA,NA,NA,NA,NA,NA,NA,NA,NA,NA,NA,NA,NA,NA,NA,NA,NA,NA,NA,NA,NA,NA,NA,NA,NA,NA,NA,NA,NA,NA,NA,NA,NA,NA,NA,NA,NA,65,54,67,130,178,172,267,245,NA,NA,NA,NA,NA,NA,NA,NA,NA,NA,NA,NA,NA,
171,P171,Russell et al,2019,Monitoring long-term changes in UK grey seal pup production,Aquatic Conservation: Marine and Freshwater Ecosystems,Journal Article,UW,Grey seal,H. g. atlantica,H. g. atlantica NE Atl,Phocidae,https://doi.org/10.1002/aqc.3100,,https://onlinelibrary.wiley.com/doi/epdf/10.1002/aqc.3100,Scotland and eastern England coast,Scotland and eastern England coast,0,0,55.9325,-2.22167,yes,no,Pup production estimates for islands in the Orkney group,,0,Aerial,NA,NA,NA,NA,NA,NA,NA,NA,NA,NA,NA,NA,NA,NA,NA,NA,NA,NA,NA,NA,NA,NA,NA,NA,NA,NA,NA,NA,NA,NA,NA,NA,NA,NA,NA,NA,NA,NA,NA,NA,NA,NA,NA,NA,NA,NA,NA,NA,NA,NA,NA,NA,NA,NA,NA,NA,NA,NA,NA,NA,NA,NA,NA,NA,NA,NA,NA,NA,NA,NA,NA,NA,NA,NA,NA,NA,NA,NA,NA,NA,NA,NA,NA,NA,14992,16265,17796,19035,18071,19926,21093,23815,27075,28338,29018,30932,33504,32771,35801,33305,37203,37419,36246,NA,NA,NA,NA,NA,NA,NA,NA,NA,NA,NA,NA,NA,NA,NA,NA,NA,NA,NA,NA,NA,
172,P172,Russell et al,2019,Monitoring long-term changes in UK grey seal pup production,Aquatic Conservation: Marine and Freshwater Ecosystems,Journal Article,UW,Grey seal,H. g. atlantica,H. g. atlantica NE Atl,Phocidae,https://doi.org/10.1002/aqc.3100,,https://onlinelibrary.wiley.com/doi/epdf/10.1002/aqc.3100,Blakeney Point,Blakeney Point,0,1,52.96843704,0.9582,no,yes,Pup production estimates,Pups,3.5,Aerial,NA,NA,NA,NA,NA,NA,NA,NA,NA,NA,NA,NA,NA,NA,NA,NA,NA,NA,NA,NA,NA,NA,NA,NA,NA,NA,NA,NA,NA,NA,NA,NA,NA,NA,NA,NA,NA,NA,NA,NA,NA,NA,NA,NA,NA,NA,NA,NA,NA,NA,NA,NA,NA,NA,NA,NA,NA,NA,NA,NA,NA,NA,NA,NA,NA,NA,NA,NA,NA,NA,NA,NA,NA,NA,NA,NA,NA,NA,NA,NA,NA,NA,NA,NA,NA,NA,NA,NA,NA,NA,NA,NA,NA,NA,NA,NA,NA,NA,NA,NA,NA,NA,39,82,100,173,238,273,437,580,735,925,1223,1559,2426,2374,2401,NA,NA,NA,NA,NA,NA,NA,
173,P173,Russell et al,2019,Monitoring long-term changes in UK grey seal pup production,Aquatic Conservation: Marine and Freshwater Ecosystems,Journal Article,UW,Grey seal,H. g. atlantica,H. g. atlantica NE Atl,Phocidae,https://doi.org/10.1002/aqc.3100,,https://onlinelibrary.wiley.com/doi/epdf/10.1002/aqc.3100,Donna Nook,Donna Nook,0,1,53.48333,0.15389,no,yes,Pup production estimates.,Pups,3.5,Aerial,NA,NA,NA,NA,NA,NA,NA,NA,NA,NA,NA,NA,NA,NA,NA,NA,NA,NA,NA,NA,NA,NA,NA,NA,NA,NA,NA,NA,NA,NA,NA,NA,NA,NA,NA,NA,NA,NA,NA,NA,NA,NA,NA,NA,NA,NA,NA,NA,NA,NA,NA,NA,NA,NA,NA,NA,NA,NA,NA,NA,NA,NA,NA,NA,NA,NA,NA,NA,NA,NA,15,1,0,0,NA,NA,NA,NA,NA,NA,NA,34,43,NA,30,53,35,72,54,94,152,223,200,205,302,334,310,382,439,503,618,634,696,775,987,981,1054,1183,1300,1352,1403,1428,1505,1664,1787,1875,1971,NA,NA,NA,NA,NA,NA,NA,
174,P174,Russell et al,2019,Monitoring long-term changes in UK grey seal pup production,Aquatic Conservation: Marine and Freshwater Ecosystems,Journal Article,UW,Grey seal,H. g. atlantica,H. g. atlantica NE Atl,Phocidae,https://doi.org/10.1002/aqc.3100,,https://onlinelibrary.wiley.com/doi/epdf/10.1002/aqc.3100,Horsey,Horsey,0,1,52.788446,1.681744,no,yes,Pup production estimates,Pups,3.5,Aerial,NA,NA,NA,NA,NA,NA,NA,NA,NA,NA,NA,NA,NA,NA,NA,NA,NA,NA,NA,NA,NA,NA,NA,NA,NA,NA,NA,NA,NA,NA,NA,NA,NA,NA,NA,NA,NA,NA,NA,NA,NA,NA,NA,NA,NA,NA,NA,NA,NA,NA,NA,NA,NA,NA,NA,NA,NA,NA,NA,NA,NA,NA,NA,NA,NA,NA,NA,NA,NA,NA,NA,NA,NA,NA,NA,NA,NA,NA,NA,NA,NA,NA,NA,NA,NA,NA,NA,NA,NA,NA,NA,2,NA,NA,NA,NA,NA,NA,15,NA,NA,NA,45,67,69,101,122,162,190,286,402,496,605,717,797,1230,1523,NA,NA,NA,NA,NA,NA,NA,
175,P175,Russell et al,2019,Monitoring long-term changes in UK grey seal pup production,Aquatic Conservation: Marine and Freshwater Ecosystems,Journal Article,UW,Grey seal,H. g. atlantica,H. g. atlantica NE Atl,Phocidae,https://doi.org/10.1002/aqc.3100,,https://onlinelibrary.wiley.com/doi/epdf/10.1002/aqc.3100,"Auskerry, Orkney Islands","Auskerry, Orkney Islands",0,1,59.03333,-2.56667,no,yes,Pup production estimates,Pups,3.5,Aerial,NA,NA,NA,NA,NA,NA,NA,NA,NA,NA,NA,NA,NA,NA,NA,NA,NA,NA,NA,NA,NA,NA,NA,NA,NA,NA,NA,NA,NA,NA,NA,NA,NA,NA,NA,NA,NA,NA,NA,NA,NA,NA,NA,NA,NA,NA,NA,NA,NA,NA,NA,NA,NA,NA,NA,NA,NA,NA,NA,NA,0,0,NA,NA,0,0,0,0,0,0,0,0,NA,87,84,152,375,199,134,145,97,249,294,NA,219,261,278,216,222,279,252,277,206,166,161,125,123,131,123,44,54,58,85,65,78,144,90,140,150,159,152,NA,NA,NA,NA,NA,NA,NA,NA,NA,NA,NA,NA,NA,
176,P176,Russell et al,2019,Monitoring long-term changes in UK grey seal pup production,Aquatic Conservation: Marine and Freshwater Ecosystems,Journal Article,UW,Grey seal,H. g. atlantica,H. g. atlantica NE Atl,Phocidae,https://doi.org/10.1002/aqc.3100,,https://onlinelibrary.wiley.com/doi/epdf/10.1002/aqc.3100,Calf of Eday,Calf of Eday,0,1,59.2413525,-2.7213,no,yes,Pup production estimates for islands in the Orkney group,Pups,3.5,Aerial,NA,NA,NA,NA,NA,NA,NA,NA,NA,NA,NA,NA,NA,NA,NA,NA,NA,NA,NA,NA,NA,NA,NA,NA,NA,NA,NA,NA,NA,NA,NA,NA,NA,NA,NA,NA,NA,NA,NA,NA,NA,NA,NA,NA,NA,NA,NA,NA,NA,NA,NA,NA,NA,NA,NA,NA,NA,NA,NA,NA,NA,NA,NA,NA,NA,NA,NA,NA,NA,NA,0,0,NA,0,0,0,0,0,0,0,0,0,0,NA,0,0,0,0,0,0,0,0,0,270,346,274,399,587,499,567,456,556,610,815,768,630,648,528,533,573,546,NA,NA,NA,NA,NA,NA,NA,NA,NA,NA,NA,NA,NA,
177,P177,Russell et al,2019,Monitoring long-term changes in UK grey seal pup production,Aquatic Conservation: Marine and Freshwater Ecosystems,Journal Article,UW,Grey seal,H. g. atlantica,H. g. atlantica NE Atl,Phocidae,https://doi.org/10.1002/aqc.3100,,https://onlinelibrary.wiley.com/doi/epdf/10.1002/aqc.3100,Calf of Flotta,Calf of Flotta,0,1,58.84949329,-3.063244038,no,yes,Pup production estimates,Pups,3.5,Aerial,NA,NA,NA,NA,NA,NA,NA,NA,NA,NA,NA,NA,NA,NA,NA,NA,NA,NA,NA,NA,NA,NA,NA,NA,NA,NA,NA,NA,NA,NA,NA,NA,NA,NA,NA,NA,NA,NA,NA,NA,NA,NA,NA,NA,NA,NA,NA,NA,NA,NA,NA,NA,NA,NA,NA,NA,NA,NA,NA,NA,NA,NA,NA,NA,NA,NA,NA,NA,NA,NA,NA,NA,NA,NA,NA,NA,NA,NA,NA,NA,NA,NA,NA,NA,NA,NA,NA,NA,NA,NA,NA,NA,NA,NA,NA,NA,78,121,121,110,154,249,204,178,226,173,204,185,191,191,202,NA,NA,NA,NA,NA,NA,NA,NA,NA,NA,NA,NA,NA,
178,P178,Russell et al,2019,Monitoring long-term changes in UK grey seal pup production,Aquatic Conservation: Marine and Freshwater Ecosystems,Journal Article,UW,Grey seal,H. g. atlantica,H. g. atlantica NE Atl,Phocidae,https://doi.org/10.1002/aqc.3100,,https://onlinelibrary.wiley.com/doi/epdf/10.1002/aqc.3100,Copinsay,Copinsay,0,1,58.8957,-2.6694205,no,yes,Pup production estimates for islands in the Orkney group,Pups,3.5,Aerial,NA,NA,NA,NA,NA,NA,NA,NA,NA,NA,NA,NA,NA,NA,NA,NA,NA,NA,NA,NA,NA,NA,NA,NA,NA,NA,NA,NA,NA,NA,NA,NA,NA,NA,NA,NA,NA,NA,NA,NA,NA,NA,NA,NA,NA,NA,NA,NA,NA,NA,NA,NA,NA,NA,NA,NA,NA,NA,NA,NA,NA,NA,NA,NA,NA,NA,NA,NA,NA,NA,0,0,NA,0,0,0,0,0,0,0,0,0,0,NA,0,0,0,0,0,0,0,0,0,514,795,940,1480,1455,1914,1962,2082,2540,2398,2263,2303,2324,2375,2452,2126,2016,1752,NA,NA,NA,NA,NA,NA,NA,NA,NA,NA,NA,NA,NA,
179,P179,Russell et al,2019,Monitoring long-term changes in UK grey seal pup production,Aquatic Conservation: Marine and Freshwater Ecosystems,Journal Article,UW,Grey seal,H. g. atlantica,H. g. atlantica NE Atl,Phocidae,https://doi.org/10.1002/aqc.3100,,https://onlinelibrary.wiley.com/doi/epdf/10.1002/aqc.3100,Farra,Farra,0,1,58.853627,-3.1782423,no,yes,Pup production estimates,Pups,3.5,Aerial,NA,NA,NA,NA,NA,NA,NA,NA,NA,NA,NA,NA,NA,NA,NA,NA,NA,NA,NA,NA,NA,NA,NA,NA,NA,NA,NA,NA,NA,NA,NA,NA,NA,NA,NA,NA,NA,NA,NA,NA,NA,NA,NA,NA,NA,NA,NA,NA,NA,NA,NA,NA,NA,NA,NA,NA,NA,NA,NA,NA,NA,NA,NA,NA,NA,NA,NA,NA,NA,NA,NA,NA,NA,NA,NA,NA,NA,NA,NA,NA,NA,NA,NA,NA,NA,NA,NA,NA,NA,NA,NA,NA,NA,NA,NA,NA,NA,NA,NA,92,134,154,225,242,256,215,235,200,222,237,233,NA,NA,NA,NA,NA,NA,NA,NA,NA,NA,NA,NA,NA,
180,P180,Russell et al,2019,Monitoring long-term changes in UK grey seal pup production,Aquatic Conservation: Marine and Freshwater Ecosystems,Journal Article,UW,Grey seal,H. g. atlantica,H. g. atlantica NE Atl,Phocidae,https://doi.org/10.1002/aqc.3100,,https://onlinelibrary.wiley.com/doi/epdf/10.1002/aqc.3100,Holm of Huip,Holm of Huip,0,1,59.16,-2.65056,no,yes,Pup production estimates for islands in the Orkney group,Pups,3.5,Aerial,NA,NA,NA,NA,NA,NA,NA,NA,NA,NA,NA,NA,NA,NA,NA,NA,NA,NA,NA,NA,NA,NA,NA,NA,NA,NA,NA,NA,NA,NA,NA,NA,NA,NA,NA,NA,NA,NA,NA,NA,NA,NA,NA,NA,NA,NA,NA,NA,NA,NA,NA,NA,NA,NA,NA,NA,NA,NA,NA,NA,0,0,0,0,0,0,0,0,0,0,22,30,NA,88,137,117,68,130,192,368,275,510,521,NA,368,245,358,548,557,638,731,880,1052,1221,1294,887,1349,1071,1323,1240,1347,1402,1190,1121,1280,1110,1237,1078,945,828,1006,NA,NA,NA,NA,NA,NA,NA,NA,NA,NA,NA,NA,NA,
181,P181,Russell et al,2019,Monitoring long-term changes in UK grey seal pup production,Aquatic Conservation: Marine and Freshwater Ecosystems,Journal Article,UW,Grey seal,H. g. atlantica,H. g. atlantica NE Atl,Phocidae,https://doi.org/10.1002/aqc.3100,,https://onlinelibrary.wiley.com/doi/epdf/10.1002/aqc.3100,Holm of Spurness,Holm of Spurness,0,1,59.16667,-2.68333,no,yes,Pup production estimates for islands in the Orkney group,Pups,3.5,Aerial,NA,NA,NA,NA,NA,NA,NA,NA,NA,NA,NA,NA,NA,NA,NA,NA,NA,NA,NA,NA,NA,NA,NA,NA,NA,NA,NA,NA,NA,NA,NA,NA,NA,NA,NA,NA,NA,NA,NA,NA,NA,NA,NA,NA,NA,NA,NA,NA,NA,NA,NA,NA,NA,NA,NA,NA,NA,NA,NA,NA,87,125,NA,NA,24,139,138,97,278,187,134,158,NA,233,146,271,328,305,471,430,415,449,665,NA,518,643,533,570,424,426,341,388,462,385,348,420,416,387,429,449,419,482,440,486,458,457,446,429,343,307,351,NA,NA,NA,NA,NA,NA,NA,NA,NA,NA,NA,NA,NA,
182,P182,Russell et al,2019,Monitoring long-term changes in UK grey seal pup production,Aquatic Conservation: Marine and Freshwater Ecosystems,Journal Article,UW,Grey seal,H. g. atlantica,H. g. atlantica NE Atl,Phocidae,https://doi.org/10.1002/aqc.3100,,https://onlinelibrary.wiley.com/doi/epdf/10.1002/aqc.3100,Lingaholm,Lingaholm,0,1,59.13,-2.67,no,yes,Pup production estimates for islands in the Orkney group,Pups,3.5,Aerial,NA,NA,NA,NA,NA,NA,NA,NA,NA,NA,NA,NA,NA,NA,NA,NA,NA,NA,NA,NA,NA,NA,NA,NA,NA,NA,NA,NA,NA,NA,NA,NA,NA,NA,NA,NA,NA,NA,NA,NA,NA,NA,NA,NA,NA,NA,NA,NA,NA,NA,NA,NA,NA,NA,NA,NA,NA,NA,NA,NA,0,0,NA,NA,0,NA,0,0,0,19,42,137,NA,177,61,39,68,50,79,144,315,293,326,NA,303,342,390,502,569,696,807,1144,1186,1249,1527,2128,2255,2294,2583,2390,2890,3136,3100,3230,3812,3276,3824,3805,3800,3840,4046,NA,NA,NA,NA,NA,NA,NA,NA,NA,NA,NA,NA,NA,
183,P183,Russell et al,2019,Monitoring long-term changes in UK grey seal pup production,Aquatic Conservation: Marine and Freshwater Ecosystems,Journal Article,UW,Grey seal,H. g. atlantica,H. g. atlantica NE Atl,Phocidae,https://doi.org/10.1002/aqc.3100,,https://onlinelibrary.wiley.com/doi/epdf/10.1002/aqc.3100,Little Greenholm,Little Greenholm,0,1,59.12,-2.83056,no,yes,Pup production estimates for islands in the Orkney group,Pups,3.5,Aerial,NA,NA,NA,NA,NA,NA,NA,NA,NA,NA,NA,NA,NA,NA,NA,NA,NA,NA,NA,NA,NA,NA,NA,NA,NA,NA,NA,NA,NA,NA,NA,NA,NA,NA,NA,NA,NA,NA,NA,NA,NA,NA,NA,NA,NA,NA,NA,NA,NA,NA,NA,NA,NA,NA,NA,NA,NA,NA,NA,NA,190,290,NA,NA,469,366,453,445,310,298,318,351,NA,207,190,230,175,210,210,294,166,199,87,NA,127,191,227,231,181,191,201,186,222,241,262,300,289,332,442,438,367,427,372,390,367,337,278,261,226,187,153,NA,NA,NA,NA,NA,NA,NA,NA,NA,NA,NA,NA,NA,
184,P184,Russell et al,2019,Monitoring long-term changes in UK grey seal pup production,Aquatic Conservation: Marine and Freshwater Ecosystems,Journal Article,UW,Grey seal,H. g. atlantica,H. g. atlantica NE Atl,Phocidae,https://doi.org/10.1002/aqc.3100,,https://onlinelibrary.wiley.com/doi/epdf/10.1002/aqc.3100,Little Linga,Little Linga,0,1,59.15667,-2.68861,no,yes,Pup production estimates for islands in the Orkney group,Pups,3.5,Aerial,NA,NA,NA,NA,NA,NA,NA,NA,NA,NA,NA,NA,NA,NA,NA,NA,NA,NA,NA,NA,NA,NA,NA,NA,NA,NA,NA,NA,NA,NA,NA,NA,NA,NA,NA,NA,NA,NA,NA,NA,NA,NA,NA,NA,NA,NA,NA,NA,NA,NA,NA,NA,NA,NA,NA,NA,NA,NA,NA,NA,237,250,NA,NA,155,278,340,393,401,574,519,708,NA,519,479,483,648,684,800,344,676,860,716,NA,601,568,602,678,590,574,625,728,845,830,786,795,834,771,842,632,704,723,702,677,690,647,743,574,573,524,528,NA,NA,NA,NA,NA,NA,NA,NA,NA,NA,NA,NA,NA,
185,P185,Russell et al,2019,Monitoring long-term changes in UK grey seal pup production,Aquatic Conservation: Marine and Freshwater Ecosystems,Journal Article,UW,Grey seal,H. g. atlantica,H. g. atlantica NE Atl,Phocidae,https://doi.org/10.1002/aqc.3100,,https://onlinelibrary.wiley.com/doi/epdf/10.1002/aqc.3100,Muckle Greenholm,Muckle Greenholm,0,1,59.12972,-2.83,no,yes,Pup production estimates for islands in the Orkney group,Pups,3.5,Aerial,NA,NA,NA,NA,NA,NA,NA,NA,NA,NA,NA,NA,NA,NA,NA,NA,NA,NA,NA,NA,NA,NA,NA,NA,NA,NA,NA,NA,NA,NA,NA,NA,NA,NA,NA,NA,NA,NA,NA,NA,NA,NA,NA,NA,NA,NA,NA,NA,NA,NA,NA,NA,NA,NA,NA,NA,NA,NA,NA,NA,734,536,NA,NA,934,670,689,596,648,565,747,588,NA,503,525,483,605,679,333,546,496,442,454,NA,517,483,637,592,393,426,334,459,507,601,642,728,770,786,883,790,898,1000,912,811,737,734,693,718,585,666,637,NA,NA,NA,NA,NA,NA,NA,NA,NA,NA,NA,NA,NA,
186,P186,Russell et al,2019,Monitoring long-term changes in UK grey seal pup production,Aquatic Conservation: Marine and Freshwater Ecosystems,Journal Article,UW,Grey seal,H. g. atlantica,H. g. atlantica NE Atl,Phocidae,https://doi.org/10.1002/aqc.3100,,https://onlinelibrary.wiley.com/doi/epdf/10.1002/aqc.3100,North Flotta,North Flotta,0,1,58.833737,-3.078384,no,yes,Pup production estimates,Pups,3.5,Aerial,NA,NA,NA,NA,NA,NA,NA,NA,NA,NA,NA,NA,NA,NA,NA,NA,NA,NA,NA,NA,NA,NA,NA,NA,NA,NA,NA,NA,NA,NA,NA,NA,NA,NA,NA,NA,NA,NA,NA,NA,NA,NA,NA,NA,NA,NA,NA,NA,NA,NA,NA,NA,NA,NA,NA,NA,NA,NA,NA,NA,NA,NA,NA,NA,NA,NA,NA,NA,NA,NA,NA,NA,NA,NA,NA,NA,NA,NA,NA,NA,NA,NA,NA,NA,NA,NA,NA,NA,NA,NA,NA,NA,NA,NA,NA,NA,NA,NA,NA,NA,NA,NA,NA,214,238,323,397,404,425,522,492,NA,NA,NA,NA,NA,NA,NA,NA,NA,NA,NA,NA,NA,
187,P187,Russell et al,2019,Monitoring long-term changes in UK grey seal pup production,Aquatic Conservation: Marine and Freshwater Ecosystems,Journal Article,UW,Grey seal,H. g. atlantica,H. g. atlantica NE Atl,Phocidae,https://doi.org/10.1002/aqc.3100,,https://onlinelibrary.wiley.com/doi/epdf/10.1002/aqc.3100,Ruskholm,Ruskholm,0,1,59.2075,-2.85417,no,yes,Pup production estimates for islands in the Orkney group,Pups,3.5,Aerial,NA,NA,NA,NA,NA,NA,NA,NA,NA,NA,NA,NA,NA,NA,NA,NA,NA,NA,NA,NA,NA,NA,NA,NA,NA,NA,NA,NA,NA,NA,NA,NA,NA,NA,NA,NA,NA,NA,NA,NA,NA,NA,NA,NA,NA,NA,NA,NA,NA,NA,NA,NA,NA,NA,NA,NA,NA,NA,NA,NA,207,255,NA,NA,206,247,86,253,193,207,223,102,NA,15,132,63,60,111,219,280,336,319,295,NA,335,315,345,261,247,232,179,192,204,218,220,251,243,215,272,220,191,239,192,223,167,125,183,157,123,105,127,NA,NA,NA,NA,NA,NA,NA,NA,NA,NA,NA,NA,NA,
188,P188,Russell et al,2019,Monitoring long-term changes in UK grey seal pup production,Aquatic Conservation: Marine and Freshwater Ecosystems,Journal Article,UW,Grey seal,H. g. atlantica,H. g. atlantica NE Atl,Phocidae,https://doi.org/10.1002/aqc.3100,,https://onlinelibrary.wiley.com/doi/epdf/10.1002/aqc.3100,South Ronaldsay (Orkney),South Ronaldsay (Orkney),0,1,58.76583,-2.96694,no,yes,Pup production estimates.,Pups,3.5,Aerial,NA,NA,NA,NA,NA,NA,NA,NA,NA,NA,NA,NA,NA,NA,NA,NA,NA,NA,NA,NA,NA,NA,NA,NA,NA,NA,NA,NA,NA,NA,NA,NA,NA,NA,NA,NA,NA,NA,NA,NA,NA,NA,NA,NA,NA,NA,NA,NA,NA,NA,NA,NA,NA,NA,NA,NA,NA,NA,NA,NA,122,153,NA,NA,116,74,105,134,150,126,103,148,NA,123,136,197,160,156,169,164,140,82,103,NA,NA,NA,NA,NA,NA,NA,NA,241,246,244,258,250,250,250,250,NA,NA,NA,343,399,481,NA,356,NA,341,NA,NA,NA,NA,NA,NA,NA,NA,NA,NA,NA,NA,NA,NA,NA,
189,P189,Russell et al,2019,Monitoring long-term changes in UK grey seal pup production,Aquatic Conservation: Marine and Freshwater Ecosystems,Journal Article,UW,Grey seal,H. g. atlantica,H. g. atlantica NE Atl,Phocidae,https://doi.org/10.1002/aqc.3100,,https://onlinelibrary.wiley.com/doi/epdf/10.1002/aqc.3100,Stroma,Stroma,0,1,58.68361,-3.12306,no,yes,Pup production estimates for islands in the Orkney group,Pups,3.5,Aerial,NA,NA,NA,NA,NA,NA,NA,NA,NA,NA,NA,NA,NA,NA,NA,NA,NA,NA,NA,NA,NA,NA,NA,NA,NA,NA,NA,NA,NA,NA,NA,NA,NA,NA,NA,NA,NA,NA,NA,NA,NA,NA,NA,NA,NA,NA,NA,NA,NA,NA,NA,NA,NA,NA,NA,NA,NA,NA,NA,NA,0,0,NA,NA,0,0,0,0,0,0,0,0,NA,0,0,0,0,0,90,152,174,223,227,NA,79,161,219,282,245,304,349,414,556,595,508,339,583,638,784,686,826,1091,1290,1276,1246,1320,1451,1502,1383,1794,1776,NA,NA,NA,NA,NA,NA,NA,NA,NA,NA,NA,NA,NA,
190,P190,Russell et al,2019,Monitoring long-term changes in UK grey seal pup production,Aquatic Conservation: Marine and Freshwater Ecosystems,Journal Article,UW,Grey seal,H. g. atlantica,H. g. atlantica NE Atl,Phocidae,https://doi.org/10.1002/aqc.3100,,https://onlinelibrary.wiley.com/doi/epdf/10.1002/aqc.3100,Stronsay,Stronsay,0,1,59.11694,-2.57389,no,yes,Pup production estimates for islands in the Orkney group,Pups,3.5,Aerial,NA,NA,NA,NA,NA,NA,NA,NA,NA,NA,NA,NA,NA,NA,NA,NA,NA,NA,NA,NA,NA,NA,NA,NA,NA,NA,NA,NA,NA,NA,NA,NA,NA,NA,NA,NA,NA,NA,NA,NA,NA,NA,NA,NA,NA,NA,NA,NA,NA,NA,NA,NA,NA,NA,NA,NA,NA,NA,NA,NA,NA,NA,NA,NA,NA,NA,NA,NA,NA,NA,0,0,NA,0,0,0,0,0,0,0,0,0,0,NA,0,0,0,0,0,0,0,0,0,0,146,118,195,231,299,271,362,300,298,359,456,545,534,521,488,652,420,NA,NA,NA,NA,NA,NA,NA,NA,NA,NA,NA,NA,NA,
191,P191,Russell et al,2019,Monitoring long-term changes in UK grey seal pup production,Aquatic Conservation: Marine and Freshwater Ecosystems,Journal Article,UW,Grey seal,H. g. atlantica,H. g. atlantica NE Atl,Phocidae,https://doi.org/10.1002/aqc.3100,,https://onlinelibrary.wiley.com/doi/epdf/10.1002/aqc.3100,Sweyn Holm and Gairsay,Sweyn Holm and Gairsay,0,1,59.0825,-2.94889,no,yes,Pup production estimates for islands in the Orkney group,Pups,3.5,Aerial,NA,NA,NA,NA,NA,NA,NA,NA,NA,NA,NA,NA,NA,NA,NA,NA,NA,NA,NA,NA,NA,NA,NA,NA,NA,NA,NA,NA,NA,NA,NA,NA,NA,NA,NA,NA,NA,NA,NA,NA,NA,NA,NA,NA,NA,NA,NA,NA,NA,NA,NA,NA,NA,NA,NA,NA,NA,NA,NA,NA,0,0,NA,NA,54,18,59,111,80,74,11,70,NA,86,134,111,198,194,149,142,167,108,104,NA,111,115,145,109,135,164,195,214,223,292,272,461,518,336,405,505,482,562,484,544,506,490,499,511,455,515,498,NA,NA,NA,NA,NA,NA,NA,NA,NA,NA,NA,NA,NA,
192,P192,Russell et al,2019,Monitoring long-term changes in UK grey seal pup production,Aquatic Conservation: Marine and Freshwater Ecosystems,Journal Article,UW,Grey seal,H. g. atlantica,H. g. atlantica NE Atl,Phocidae,https://doi.org/10.1002/aqc.3100,,https://onlinelibrary.wiley.com/doi/epdf/10.1002/aqc.3100,Switha,Switha,0,1,58.79917,-3.10167,no,yes,Pup production estimates for islands in the Orkney group,Pups,3.5,Aerial,NA,NA,NA,NA,NA,NA,NA,NA,NA,NA,NA,NA,NA,NA,NA,NA,NA,NA,NA,NA,NA,NA,NA,NA,NA,NA,NA,NA,NA,NA,NA,NA,NA,NA,NA,NA,NA,NA,NA,NA,NA,NA,NA,NA,NA,NA,NA,NA,NA,NA,NA,NA,NA,NA,NA,NA,NA,NA,NA,NA,0,0,0,NA,0,0,0,0,0,0,0,0,NA,0,0,0,0,0,0,0,0,0,153,NA,119,151,157,153,167,207,206,272,304,324,331,442,370,347,430,449,474,437,444,492,522,492,550,504,553,646,500,NA,NA,NA,NA,NA,NA,NA,NA,NA,NA,NA,NA,NA,
193,P193,Russell et al,2019,Monitoring long-term changes in UK grey seal pup production,Aquatic Conservation: Marine and Freshwater Ecosystems,Journal Article,UW,Grey seal,H. g. atlantica,H. g. atlantica NE Atl,Phocidae,https://doi.org/10.1002/aqc.3100,,https://onlinelibrary.wiley.com/doi/epdf/10.1002/aqc.3100,Swona,Swona,0,1,58.74306,-3.05694,no,yes,Pup production estimates for islands in the Orkney group,Pups,3.5,Aerial,NA,NA,NA,NA,NA,NA,NA,NA,NA,NA,NA,NA,NA,NA,NA,NA,NA,NA,NA,NA,NA,NA,NA,NA,NA,NA,NA,NA,NA,NA,NA,NA,NA,NA,NA,NA,NA,NA,NA,NA,NA,NA,NA,NA,NA,NA,NA,NA,NA,NA,NA,NA,NA,NA,NA,NA,NA,NA,NA,NA,0,0,NA,NA,10,14,8,0,19,38,43,67,NA,51,71,59,92,92,104,92,108,225,148,NA,85,260,191,327,336,314,351,514,585,604,674,578,829,870,1032,957,1005,1077,1296,1207,1152,1138,1105,1201,1205,1313,1385,NA,NA,NA,NA,NA,NA,NA,NA,NA,NA,NA,NA,NA,
194,P194,Russell et al,2019,Monitoring long-term changes in UK grey seal pup production,Aquatic Conservation: Marine and Freshwater Ecosystems,Journal Article,UW,Grey seal,H. g. atlantica,H. g. atlantica NE Atl,Phocidae,https://doi.org/10.1002/aqc.3100,,https://onlinelibrary.wiley.com/doi/epdf/10.1002/aqc.3100,Berneray,Berneray,0,1,56.92529328,-7.46737096,no,yes,Pup production estimates,Pups,3.5,Aerial,NA,NA,NA,NA,NA,NA,NA,NA,NA,NA,NA,NA,NA,NA,NA,NA,NA,NA,NA,NA,NA,NA,NA,NA,NA,NA,NA,NA,NA,NA,NA,NA,NA,NA,NA,NA,NA,NA,NA,NA,NA,NA,NA,NA,NA,NA,NA,NA,NA,NA,NA,NA,NA,NA,NA,NA,NA,NA,NA,NA,NA,NA,NA,NA,NA,NA,NA,NA,NA,NA,NA,NA,NA,NA,NA,NA,NA,NA,NA,NA,NA,NA,NA,NA,NA,NA,NA,NA,NA,NA,NA,NA,NA,NA,NA,NA,NA,NA,39,50,74,NA,82,108,117,163,169,153,199,NA,205,NA,NA,NA,NA,NA,NA,NA,NA,NA,NA,NA,NA,NA,
195,P195,Russell et al,2019,Monitoring long-term changes in UK grey seal pup production,Aquatic Conservation: Marine and Freshwater Ecosystems,Journal Article,UW,Grey seal,H. g. atlantica,H. g. atlantica NE Atl,Phocidae,https://doi.org/10.1002/aqc.3100,,https://onlinelibrary.wiley.com/doi/epdf/10.1002/aqc.3100,Coppay (island of the Outer Hebrides),Coppay (island of the Outer Hebrides),0,1,57.8298,-7.17302,no,yes,Pup production estimates for islands in the Outer Hebrides group,Pups,3.5,Aerial,NA,NA,NA,NA,NA,NA,NA,NA,NA,NA,NA,NA,NA,NA,NA,NA,NA,NA,NA,NA,NA,NA,NA,NA,NA,NA,NA,NA,NA,NA,NA,NA,NA,NA,NA,NA,NA,NA,NA,NA,NA,NA,NA,NA,NA,NA,NA,NA,NA,NA,NA,NA,NA,NA,NA,NA,NA,NA,NA,NA,NA,61,NA,NA,NA,NA,230,152,114,NA,324,NA,316,NA,286,367,394,NA,321,377,462,423,634,NA,389,408,378,393,354,383,396,440,427,366,394,392,391,303,307,224,212,206,130,105,98,134,132,83,105,110,73,NA,NA,NA,NA,NA,NA,NA,NA,NA,NA,NA,NA,NA,
196,P196,Russell et al,2019,Monitoring long-term changes in UK grey seal pup production,Aquatic Conservation: Marine and Freshwater Ecosystems,Journal Article,UW,Grey seal,H. g. atlantica,H. g. atlantica NE Atl,Phocidae,https://doi.org/10.1002/aqc.3100,,https://onlinelibrary.wiley.com/doi/epdf/10.1002/aqc.3100,Gasker (island of the Outer Hebrides),Gasker (island of the Outer Hebrides),0,1,57.98,-7.29028,no,yes,Pup production estimates for islands in the Outer Hebrides group,Pups,3.5,Aerial,NA,NA,NA,NA,NA,NA,NA,NA,NA,NA,NA,NA,NA,NA,NA,NA,NA,NA,NA,NA,NA,NA,NA,NA,NA,NA,NA,NA,NA,NA,NA,NA,NA,NA,NA,NA,NA,NA,NA,NA,NA,NA,NA,NA,NA,NA,NA,NA,NA,NA,NA,NA,NA,NA,NA,NA,NA,NA,NA,NA,NA,841,1083,1083,1083,NA,NA,NA,NA,NA,1129,NA,1141,NA,1756,1538,1813,NA,1101,992,1345,1255,1443,NA,1120,1303,1258,1337,1205,1294,1398,1406,1527,1525,1432,1389,1508,1301,1444,1247,1388,1251,1183,1253,1263,1051,1184,995,1012,853,NA,NA,NA,NA,NA,NA,NA,NA,NA,NA,NA,NA,NA,NA,
197,P197,Russell et al,2019,Monitoring long-term changes in UK grey seal pup production,Aquatic Conservation: Marine and Freshwater Ecosystems,Journal Article,UW,Grey seal,H. g. atlantica,H. g. atlantica NE Atl,Phocidae,https://doi.org/10.1002/aqc.3100,,https://onlinelibrary.wiley.com/doi/epdf/10.1002/aqc.3100,Mingulay,Mingulay,0,1,56.8203,-7.616523,no,yes,Pup production estimates,Pups,3.5,Aerial,NA,NA,NA,NA,NA,NA,NA,NA,NA,NA,NA,NA,NA,NA,NA,NA,NA,NA,NA,NA,NA,NA,NA,NA,NA,NA,NA,NA,NA,NA,NA,NA,NA,NA,NA,NA,NA,NA,NA,NA,NA,NA,NA,NA,NA,NA,NA,NA,NA,NA,NA,NA,NA,NA,NA,NA,NA,NA,NA,NA,NA,NA,NA,NA,NA,NA,NA,NA,NA,NA,NA,NA,NA,NA,NA,NA,NA,NA,NA,NA,NA,NA,NA,NA,NA,NA,NA,NA,NA,NA,NA,NA,NA,NA,NA,NA,NA,NA,NA,NA,NA,NA,NA,97,73,133,144,172,221,NA,219,NA,NA,NA,NA,NA,NA,NA,NA,NA,NA,NA,NA,NA,
198,P198,Russell et al,2019,Monitoring long-term changes in UK grey seal pup production,Aquatic Conservation: Marine and Freshwater Ecosystems,Journal Article,UW,Grey seal,H. g. atlantica,H. g. atlantica NE Atl,Phocidae,https://doi.org/10.1002/aqc.3100,,https://onlinelibrary.wiley.com/doi/epdf/10.1002/aqc.3100,Pabbay,Pabbay,0,1,57.76772,-7.20288,no,yes,Pup production estimates,Pups,3.5,Aerial,NA,NA,NA,NA,NA,NA,NA,NA,NA,NA,NA,NA,NA,NA,NA,NA,NA,NA,NA,NA,NA,NA,NA,NA,NA,NA,NA,NA,NA,NA,NA,NA,NA,NA,NA,NA,NA,NA,NA,NA,NA,NA,NA,NA,NA,NA,NA,NA,NA,NA,NA,NA,NA,NA,NA,NA,NA,NA,NA,NA,NA,NA,NA,NA,NA,NA,NA,NA,NA,NA,NA,NA,NA,NA,NA,NA,NA,NA,NA,NA,NA,NA,NA,NA,NA,NA,NA,NA,NA,NA,NA,NA,NA,NA,NA,NA,NA,NA,NA,NA,NA,NA,NA,NA,NA,100,106,152,222,NA,273,NA,NA,NA,NA,NA,NA,NA,NA,NA,NA,NA,NA,NA,
199,P199,Russell et al,2019,Monitoring long-term changes in UK grey seal pup production,Aquatic Conservation: Marine and Freshwater Ecosystems,Journal Article,UW,Grey seal,H. g. atlantica,H. g. atlantica NE Atl,Phocidae,https://doi.org/10.1002/aqc.3100,,https://onlinelibrary.wiley.com/doi/epdf/10.1002/aqc.3100,Shillay (Sound of Harris) (island of the Outer Hebrides),Shillay (Sound of Harris) (island of the Outer Hebrides),0,1,57.80167,-7.24889,no,yes,Pup production estimates for islands in the Outer Hebrides group,Pups,3.5,Aerial,NA,NA,NA,NA,NA,NA,NA,NA,NA,NA,NA,NA,NA,NA,NA,NA,NA,NA,NA,NA,NA,NA,NA,NA,NA,NA,NA,NA,NA,NA,NA,NA,NA,NA,NA,NA,NA,NA,NA,NA,NA,NA,NA,NA,NA,NA,NA,NA,NA,NA,NA,NA,NA,NA,NA,NA,NA,NA,NA,NA,NA,123,NA,NA,NA,NA,120,79,158,NA,714,NA,605,NA,692,631,553,NA,508,546,794,1016,219,NA,386,335,356,365,372,348,321,334,514,431,491,570,574,470,552,508,519,492,445,514,545,527,499,431,447,362,384,NA,NA,NA,NA,NA,NA,NA,NA,NA,NA,NA,NA,NA,
201,P201,Sigurosson et al ,2008,"Nytjastofnar sjavar 2007/2008 (Prospects for the
Quota Year 2008/2009)","State of Marine Stocks in
Icelandic Waters, Reykjavík",Tech memo,LPI,Grey seal,H. g. atlantica,H. g. atlantica NE Atl,Phocidae,NA,,https://www.hafogvatn.is/static/research/files/fjolrit-138.pdf,Icelandic waters,Icelandic waters,0,1,63.8,-16.6,yes,yes,Population estimates derived from pup production ,All Individuals,1,Aerial,NA,NA,NA,NA,NA,NA,NA,NA,NA,NA,NA,NA,NA,NA,NA,NA,NA,NA,NA,NA,NA,NA,NA,NA,NA,NA,NA,NA,NA,NA,NA,NA,NA,NA,NA,NA,NA,NA,NA,NA,NA,NA,NA,NA,NA,NA,NA,NA,NA,NA,NA,NA,NA,NA,NA,NA,NA,NA,NA,NA,NA,NA,NA,NA,NA,NA,NA,NA,NA,NA,NA,NA,NA,NA,NA,NA,NA,NA,NA,NA,NA,NA,9100,NA,NA,NA,9800,NA,NA,10300,12400,NA,9000,NA,NA,7900,NA,NA,6000,NA,NA,NA,5500,NA,NA,NA,NA,NA,NA,NA,NA,NA,NA,NA,NA,NA,NA,NA,NA,NA,NA,NA,NA,NA,
203,P203,HELCOM,2018,Population trends and abundance of seals,HELCOM Indicators,Tech Memo,LPI,Grey seal,H. g. grypus ,H. g. grypus ,Phocidae,ISSN 2343-2543,,https://helcom.fi/wp-content/uploads/2019/08/Population-trends-and-abundance-of-seals-HELCOM-core-indicator-2018.pdf,Baltic Sea,Baltic Sea,0,1,58.377244,19.839595,yes,yes,Number of individuals,All Individuals,1,Ground,NA,NA,NA,NA,NA,NA,NA,NA,NA,NA,NA,NA,NA,NA,NA,NA,NA,NA,NA,NA,NA,NA,NA,NA,NA,NA,NA,NA,NA,NA,NA,NA,NA,NA,NA,NA,NA,NA,NA,NA,NA,NA,NA,NA,NA,NA,NA,NA,NA,NA,NA,NA,NA,NA,NA,NA,NA,NA,NA,NA,NA,NA,NA,NA,NA,NA,NA,NA,NA,NA,NA,NA,NA,NA,NA,NA,NA,NA,NA,NA,NA,NA,NA,NA,NA,NA,NA,NA,NA,NA,NA,NA,NA,NA,NA,NA,NA,NA,NA,NA,NA,NA,NA,15922,17610,18270,20692,22013,22306,20398,23187,23920,28249,29497,31918,30231,30010,30239,NA,38089,NA,NA,NA,NA,
161,P161,Ministry of Agriculture and Forestry,2007,Management Plan for the Finnish Seal Populations in the Baltic Sea,Ministry of Agriculture and Forestry,Tech memo,LPI,Grey seal,H. g. grypus ,H. g. grypus ,Phocidae,ISSN 1238-2531,,https://mmm.fi/documents/1410837/1721042/4b_Hylkeen_enkku_nettiin.pdf/aeb2abf7-d6f0-422e-8a6a-94ba8403df31,Finlands southwestern archipelago and Aland,Finlands southwestern archipelago and Aland,0,0,60.403002,21.058044,yes,no,Number of grey seals,All Individuals,0,Aerial,NA,NA,NA,NA,NA,NA,NA,NA,NA,NA,NA,NA,NA,NA,NA,NA,NA,NA,NA,NA,NA,NA,NA,NA,NA,NA,NA,NA,NA,NA,NA,NA,NA,NA,NA,NA,NA,NA,NA,NA,NA,NA,NA,NA,NA,NA,NA,NA,NA,NA,NA,NA,NA,NA,NA,NA,NA,NA,NA,NA,NA,NA,NA,NA,NA,NA,NA,NA,NA,NA,NA,NA,NA,NA,NA,NA,NA,NA,NA,NA,NA,NA,NA,NA,NA,NA,NA,NA,NA,NA,NA,494.26,828.41,NA,1496.65,NA,1671.1,1511.43,1912.28,2139.63,2954.26,3622.01,4650.1,6545.69,7266.89,NA,NA,NA,NA,NA,NA,NA,NA,NA,NA,NA,NA,NA,NA,NA,NA,NA,NA,NA,
238,P238,Harkonen et al,2007,Status of grey seals along mainland Europe from the Southwestern Baltic to France,NAMMCO Scientific publications,Journal Article,LPI,Grey seal,H. g. grypus ,H. g. grypus ,Phocidae,DOI:10.7557/3.2721,,https://www.researchgate.net/publication/40095792_Status_of_grey_seals_along_mainland_Europe_from_the_Southwestern_Baltic_to_France,"Rodand, ‚Oresund strait, Southwestern Baltic",,0,1,54.65111,11.73306,yes,no,Maximum number of seals,,,Direct counts,NA,NA,NA,NA,NA,NA,NA,NA,NA,NA,NA,NA,NA,NA,NA,NA,NA,NA,NA,NA,NA,NA,NA,NA,NA,NA,NA,NA,NA,NA,NA,NA,NA,NA,NA,NA,NA,NA,NA,NA,NA,NA,NA,NA,NA,NA,NA,NA,NA,NA,NA,NA,NA,NA,NA,NA,NA,NA,NA,NA,NA,NA,NA,NA,NA,NA,NA,NA,NA,NA,NA,NA,NA,NA,NA,NA,NA,NA,NA,NA,NA,NA,NA,NA,NA,1,3,5,10,15,8,7,10,16,12,14,0,4,8,11,8,18,18,18,NA,NA,NA,NA,NA,NA,NA,NA,NA,NA,NA,NA,NA,NA,NA,NA,NA,NA,NA,NA,
200,P200,Marine and Water Authority,2012,National management plan for gray seals in the Baltic Sea,Marine and Water Authority,Tech memo,LPI,Grey seal,H. g. grypus ,H. g. grypus ,Phocidae,NA,,https://www.havochvatten.se/data-kartor-och-rapporter/rapporter-och-andra-publikationer/publikationer/2012-09-28-nationell-forvaltningsplan-for-grasal-i-ostersjon.html,Estonian waters,,0,1,59.5,24.5,yes,no,Number of individuals,,,Direct counts from boats (2005-8) and aerial surveys (2009 onwards),NA,NA,NA,NA,NA,NA,NA,NA,NA,NA,NA,NA,NA,NA,NA,NA,NA,NA,NA,NA,NA,NA,NA,NA,NA,NA,NA,NA,NA,NA,NA,NA,NA,NA,NA,NA,NA,NA,NA,NA,NA,NA,NA,NA,NA,NA,NA,NA,NA,NA,NA,NA,NA,NA,NA,NA,NA,NA,NA,NA,NA,NA,NA,NA,NA,NA,NA,NA,NA,NA,NA,NA,NA,NA,NA,NA,NA,NA,NA,NA,NA,NA,NA,NA,NA,NA,NA,NA,NA,NA,NA,NA,NA,NA,NA,NA,NA,NA,NA,NA,NA,NA,NA,NA,NA,2506,2634,3036,3410,3602,3493,3521,NA,NA,NA,NA,NA,NA,NA,NA,NA,NA,NA,NA,
163,P163,Wikman,2010,Monitoring game abundance in Finland in 2010,"Game and Fisheries Research Institute, Helsinki 2010",Journal Article,LPI,Grey seal,H. g. grypus ,H. g. grypus ,Phocidae,ISSN 1796-8895,,https://jukuri.luke.fi/bitstream/handle/10024/530656/rks2010_21.pdf?sequence=1&isAllowed=y,Finnish waters,,,1,62,21,yes,no,Minimum number of individuals,,,Aerial surveys of molting seals  between late May and early June,NA,NA,NA,NA,NA,NA,NA,NA,NA,NA,NA,NA,NA,NA,NA,NA,NA,NA,NA,NA,NA,NA,NA,NA,NA,NA,NA,NA,NA,NA,NA,NA,NA,NA,NA,NA,NA,NA,NA,NA,NA,NA,NA,NA,NA,NA,NA,NA,NA,NA,NA,NA,NA,NA,NA,NA,NA,NA,NA,NA,NA,NA,NA,NA,NA,NA,NA,NA,NA,NA,NA,NA,NA,NA,NA,NA,NA,NA,NA,NA,NA,NA,NA,NA,NA,NA,NA,NA,NA,NA,NA,NA,NA,NA,NA,NA,NA,NA,NA,NA,5041,3706,5143,8796,8126,7816,10776,8997,9657,6991,9564,NA,NA,NA,NA,NA,NA,NA,NA,NA,NA,NA,NA,NA,
242,P242,Harkonen et al,2007,Status of grey seals along mainland Europe from the Southwestern Baltic to France,NAMMCO Scientific publications,Journal Article,LPI,Grey seal,H. g. atlantica,H. g. atlantica NE Atl,Phocidae,DOI:10.7557/3.2721,,https://www.researchgate.net/publication/40095792_Status_of_grey_seals_along_mainland_Europe_from_the_Southwestern_Baltic_to_France,Dutch Wadden Sea,,0,1,53.35,5.1,yes,no,Maximum number of seals,,,Boat surveys - direct counts,NA,NA,NA,NA,NA,NA,NA,NA,NA,NA,NA,NA,NA,NA,NA,NA,NA,NA,NA,NA,NA,NA,NA,NA,NA,NA,NA,NA,NA,NA,NA,NA,NA,NA,NA,NA,NA,NA,NA,NA,NA,NA,NA,NA,NA,NA,NA,NA,NA,NA,NA,NA,NA,NA,NA,NA,NA,NA,NA,NA,NA,NA,NA,NA,NA,NA,NA,NA,NA,NA,NA,NA,NA,NA,NA,NA,NA,NA,NA,0,3,7,17,30,40,57,57,63,60,77,87,117,177,217,213,273,313,320,347,547,380,553,937,1057,1107,NA,NA,NA,NA,NA,NA,NA,NA,NA,NA,NA,NA,NA,NA,NA,NA,NA,NA,NA,
202,P202,Michalsen,2004,Ocean Resources 2004,Institute of Marine Research,Tech memo,LPI,Grey seal,H. g. atlantica,H. g. atlantica NE Atl,Phocidae,ISSN 0802 - 0620,,https://imr.brage.unit.no/imr-xmlui/bitstream/handle/11250/114108/sn_2004_01.pdf?sequence=1&isAllowed=y,Norwegian coast,,0,1,65.730466,13.026697,yes,no,Minimum number of individuals,,,Population Estimate,NA,NA,NA,NA,NA,NA,NA,NA,NA,NA,NA,NA,NA,NA,NA,NA,NA,NA,NA,NA,NA,NA,NA,NA,NA,NA,NA,NA,NA,NA,NA,NA,NA,NA,NA,NA,NA,NA,NA,NA,NA,NA,NA,NA,NA,NA,NA,NA,NA,NA,NA,NA,NA,NA,NA,NA,NA,NA,NA,NA,NA,NA,NA,NA,NA,NA,NA,NA,NA,NA,NA,NA,NA,NA,NA,NA,NA,NA,NA,NA,NA,NA,NA,NA,NA,NA,NA,NA,NA,NA,NA,NA,NA,NA,NA,NA,NA,NA,4400,NA,NA,NA,NA,5500,NA,NA,NA,NA,NA,NA,NA,NA,NA,NA,NA,NA,NA,NA,NA,NA,NA,NA,NA,NA,
236,P236,Harding et al,2007,Status of Baltic Grey Seals: Population Assessment and Extinction Risk,NAMMCO Scientific publications,Journal Article,LPI,Grey seal,H. g. grypus ,H. g. grypus ,Phocidae,DOI:10.7557/3.2720,,https://www.researchgate.net/publication/254360307_Status_of_Baltic_Grey_Seals_Population_Assessment_and_Extinction_Risk,"Baltic coastline, Sweden",,0,1,59.6,18.75,yes,no,number of seals (maximum counts),,,direct counts,NA,NA,NA,NA,NA,NA,NA,NA,NA,NA,NA,NA,NA,NA,NA,NA,NA,NA,NA,NA,NA,NA,NA,NA,NA,NA,NA,NA,NA,NA,NA,NA,NA,NA,NA,NA,NA,NA,NA,NA,NA,NA,NA,NA,NA,NA,NA,NA,NA,NA,NA,NA,NA,NA,NA,NA,NA,NA,NA,NA,NA,NA,NA,NA,NA,NA,NA,NA,NA,NA,NA,NA,NA,NA,NA,NA,NA,NA,NA,NA,NA,NA,NA,NA,NA,NA,NA,NA,NA,NA,2108,NA,2360,NA,1693,2663,2713,2894,3083,3171,2777,4043,5257,5120,NA,NA,NA,NA,NA,NA,NA,NA,NA,NA,NA,NA,NA,NA,NA,NA,NA,NA,NA,NA,
237,P237,Harkonen et al,2007,Status of grey seals along mainland Europe from the Southwestern Baltic to France,NAMMCO Scientific publications,Journal Article,LPI,Grey seal,H. g. grypus ,H. g. grypus ,Phocidae,DOI:10.7557/3.2721,,https://www.researchgate.net/publication/40095792_Status_of_grey_seals_along_mainland_Europe_from_the_Southwestern_Baltic_to_France,"Maklappen, Southwestern Baltic",,0,1,55.01667,12.7,yes,no,Maximum number of seals,,,Direct counts,NA,NA,NA,NA,NA,NA,NA,NA,NA,NA,NA,NA,NA,NA,NA,NA,NA,NA,NA,NA,NA,NA,NA,NA,NA,NA,NA,NA,NA,NA,NA,NA,NA,NA,NA,NA,NA,NA,NA,NA,NA,NA,NA,NA,NA,NA,NA,NA,NA,NA,NA,NA,NA,NA,NA,NA,NA,NA,NA,NA,NA,NA,NA,NA,NA,NA,NA,NA,NA,NA,NA,NA,NA,NA,NA,NA,NA,20,29,31,30,28,32,40,16,30,55,40,50,40,40,35,43,NA,NA,NA,50,NA,35,NA,40,NA,80,42,NA,NA,NA,NA,NA,NA,NA,NA,NA,NA,NA,NA,NA,NA,NA,NA,NA,NA,NA,NA,
213,P213,Duck et al,2002,Scientific Advice on Matters Related to the Management of Seal Populations: 2002 (ANNEX II),Special Committee On Seals,Tech memo,LPI,Grey seal,H. g. atlantica,H. g. atlantica NE Atl,Phocidae,SCOS 02/2,,https://www.smru.st-andrews.ac.uk/scos/scos-reports/   https://www.smru.st-andrews.ac.uk/files/2016/08/SCOS-2002.pdf,Inner Hebrides,,0,1,56.5,-6.5,yes,no,(Total) pup production estimates for islands in the Inner Hebrides group,,,Counts from aerial survey photographs,NA,NA,NA,NA,NA,NA,NA,NA,NA,NA,NA,NA,NA,NA,NA,NA,NA,NA,NA,NA,NA,NA,NA,NA,NA,NA,NA,NA,NA,NA,NA,NA,NA,NA,NA,NA,NA,NA,NA,NA,NA,NA,NA,NA,NA,NA,NA,NA,NA,NA,NA,NA,NA,NA,NA,NA,NA,NA,NA,NA,NA,NA,NA,NA,NA,NA,NA,NA,NA,NA,NA,NA,NA,NA,NA,NA,NA,NA,NA,NA,NA,NA,NA,NA,1332,1190,1711,2002,1960,1956,2032,2411,2816,2923,2719,3050,3117,3076,3087,2787,3223,2938,NA,NA,NA,NA,NA,NA,NA,NA,NA,NA,NA,NA,NA,NA,NA,NA,NA,NA,NA,NA,NA,NA,
217,P217,Duck et al,2002,Scientific Advice on Matters Related to the Management of Seal Populations: 2002 (ANNEX II),Special Committee On Seals,Tech memo,LPI,Grey seal,H. g. atlantica,H. g. atlantica NE Atl,Phocidae,SCOS 02/2,,https://www.smru.st-andrews.ac.uk/scos/scos-reports/   https://www.smru.st-andrews.ac.uk/files/2016/08/SCOS-2002.pdf,Scotland and eastern England coast,,0,0,55.9325,-2.22167,yes,no,Total female population,,,Counts from aerial survey photographs,NA,NA,NA,NA,NA,NA,NA,NA,NA,NA,NA,NA,NA,NA,NA,NA,NA,NA,NA,NA,NA,NA,NA,NA,NA,NA,NA,NA,NA,NA,NA,NA,NA,NA,NA,NA,NA,NA,NA,NA,NA,NA,NA,NA,NA,NA,NA,NA,NA,NA,NA,NA,NA,NA,NA,NA,NA,NA,NA,NA,NA,NA,NA,NA,NA,NA,NA,NA,NA,NA,NA,NA,NA,NA,NA,NA,NA,NA,NA,NA,NA,NA,NA,NA,25824,27274,28983,30804,32674,34511,36363,38361,40570,42878,45349,47853,50561,53469,56497,59648,62905,66522,NA,NA,NA,NA,NA,NA,NA,NA,NA,NA,NA,NA,NA,NA,NA,NA,NA,NA,NA,NA,NA,NA,
218,P218,Duck et al,2002,Scientific Advice on Matters Related to the Management of Seal Populations: 2002 (ANNEX II),Special Committee On Seals,Tech memo,LPI,Grey seal,H. g. atlantica,H. g. atlantica NE Atl,Phocidae,SCOS 02/2,,https://www.smru.st-andrews.ac.uk/scos/scos-reports/   https://www.smru.st-andrews.ac.uk/files/2016/08/SCOS-2002.pdf,Scotland and eastern England coast,,0,1,55.9325,-2.22167,yes,no,Total population  ,,,Counts from aerial survey photographs,NA,NA,NA,NA,NA,NA,NA,NA,NA,NA,NA,NA,NA,NA,NA,NA,NA,NA,NA,NA,NA,NA,NA,NA,NA,NA,NA,NA,NA,NA,NA,NA,NA,NA,NA,NA,NA,NA,NA,NA,NA,NA,NA,NA,NA,NA,NA,NA,NA,NA,NA,NA,NA,NA,NA,NA,NA,NA,NA,NA,NA,NA,NA,NA,NA,NA,NA,NA,NA,NA,NA,NA,NA,NA,NA,NA,NA,NA,NA,NA,NA,NA,NA,NA,44489,46956,49923,53090,56332,59481,62622,66017,69795,73740,77982,82255,86895,91893,97082,102546,108027,114244,NA,NA,NA,NA,NA,NA,NA,NA,NA,NA,NA,NA,NA,NA,NA,NA,NA,NA,NA,NA,NA,NA,
224,P224,Duck et al,2002,Scientific Advice on Matters Related to the Management of Seal Populations: 2002 (ANNEX II),Special Committee On Seals,Tech memo,LPI,Grey seal,H. g. atlantica,H. g. atlantica NE Atl,Phocidae,SCOS 02/2,,https://www.smru.st-andrews.ac.uk/scos/scos-reports/   https://www.smru.st-andrews.ac.uk/files/2016/08/SCOS-2002.pdf,Orkney islands,,0,1,59,-3,yes,no,Total pup production estimates for islands in the Orkney group,,,Counts from aerial survey photographs,NA,NA,NA,NA,NA,NA,NA,NA,NA,NA,NA,NA,NA,NA,NA,NA,NA,NA,NA,NA,NA,NA,NA,NA,NA,NA,NA,NA,NA,NA,NA,NA,NA,NA,NA,NA,NA,NA,NA,NA,NA,NA,NA,NA,NA,NA,NA,NA,NA,NA,NA,NA,NA,NA,NA,NA,NA,NA,NA,NA,NA,NA,NA,NA,NA,NA,NA,NA,NA,NA,2535,2766,NA,2581,2700,2679,3247,3364,3778,3971,4476,5064,5241,NA,4741,5199,5796,6389,5948,6773,6982,8412,9608,10790,11593,12412,14195,14051,16231,15253,15993,17523,NA,NA,NA,NA,NA,NA,NA,NA,NA,NA,NA,NA,NA,NA,NA,NA,NA,NA,NA,NA,NA,NA,
235,P235,Duck et al,2002,Scientific Advice on Matters Related to the Management of Seal Populations: 2002 (ANNEX II),Special Committee On Seals,Tech memo,LPI,Grey seal,H. g. atlantica,H. g. atlantica NE Atl,Phocidae,SCOS 02/2,,https://www.smru.st-andrews.ac.uk/scos/scos-reports/   https://www.smru.st-andrews.ac.uk/files/2016/08/SCOS-2002.pdf,Outer Hebrides,,0,1,57.75,-7,yes,no,Total pup production estimates for islands in the Outer Hebrides group.,,,Counts from aerial survey photographs,NA,NA,NA,NA,NA,NA,NA,NA,NA,NA,NA,NA,NA,NA,NA,NA,NA,NA,NA,NA,NA,NA,NA,NA,NA,NA,NA,NA,NA,NA,NA,NA,NA,NA,NA,NA,NA,NA,NA,NA,NA,NA,NA,NA,NA,NA,NA,NA,NA,NA,NA,NA,NA,NA,NA,NA,NA,NA,NA,NA,NA,NA,NA,NA,NA,NA,NA,NA,NA,NA,5070,NA,4933,NA,6173,6946,7147,NA,6243,6670,8026,8086,7763,NA,7594,8165,8455,8777,8689,9275,9801,10617,12215,11915,12054,12713,13176,11946,12373,11683,13396,12325,NA,NA,NA,NA,NA,NA,NA,NA,NA,NA,NA,NA,NA,NA,NA,NA,NA,NA,NA,NA,NA,NA,
246,P246,Gerber et al,2001,Catastrophic events and recovery from low densities in populations of otariids: implications for risk of extinction,Mammal Review,Journal Article,LPI,Guadalupe fur seal,Arctocephalus townsendi,Arctocephalus townsendi,Otariidae,https://doi.org/10.1046/j.1365-2907.2001.00081.x,,https://onlinelibrary.wiley.com/doi/10.1046/j.1365-2907.2001.00081.x,"Guadalupe Island, Mexico",,0,1,29.03138493,-118.2793548,yes,no,Number of individuals,,,Estimate,NA,NA,NA,NA,NA,NA,NA,NA,NA,NA,NA,NA,NA,NA,NA,NA,NA,NA,NA,NA,NA,NA,NA,NA,NA,NA,NA,NA,NA,NA,NA,NA,NA,NA,NA,NA,NA,NA,NA,NA,NA,NA,NA,NA,NA,NA,NA,NA,NA,NA,NA,NA,NA,NA,NA,NA,NA,NA,NA,NA,NA,NA,NA,NA,NA,NA,NA,NA,NA,NA,NA,NA,NA,NA,NA,NA,NA,NA,NA,NA,NA,NA,NA,NA,NA,NA,NA,6000,NA,NA,NA,NA,NA,6443,7408,NA,NA,NA,NA,NA,NA,NA,NA,NA,NA,NA,NA,NA,NA,NA,NA,NA,NA,NA,NA,NA,NA,NA,NA,NA,NA,NA,NA,NA,
247,P247,NOAA,2000,GUADALUPE FUR SEAL (Arctocephalus townsendi),Southwest Fisheries Science Center,Tech memo,LPI,Guadalupe fur seal,Arctocephalus townsendi,Arctocephalus townsendi,Otariidae,NA,,https://media.fisheries.noaa.gov/dam-migration/po2000segf-mx_508.pdf,"Guadalupe Island, Mexico",,0,1,28.88333,-118.3,yes,no,Number of individuals,,,Counts,NA,NA,NA,NA,NA,NA,NA,NA,NA,NA,NA,NA,NA,NA,NA,NA,NA,NA,NA,NA,NA,NA,NA,NA,NA,NA,NA,NA,NA,NA,NA,NA,NA,NA,NA,NA,NA,NA,NA,NA,NA,NA,NA,NA,NA,NA,NA,NA,NA,NA,NA,NA,NA,NA,NA,NA,NA,NA,NA,NA,NA,NA,NA,NA,NA,NA,NA,NA,NA,NA,400,NA,NA,NA,NA,200,350,500,350,NA,NA,NA,900,1300,NA,2475,NA,NA,NA,NA,NA,4400,5300,NA,NA,NA,NA,NA,NA,NA,NA,NA,NA,NA,NA,NA,NA,NA,NA,NA,NA,NA,NA,NA,NA,NA,NA,NA,NA,NA,NA,NA,NA,NA,
248,P248,NOAA Fisheries,2020,"GUADALUPE FUR SEAL (Arctocephalus townsendi), Pacific SARS 2019 Binder1",NOAA,Tech memo,UW,Guadalupe fur seal,Arctocephalus townsendi,Arctocephalus townsendi,Otariidae,https://media.fisheries.noaa.gov/dam-migration/2019_sars_guadalupefurseal.pdf,,,Guadalupe Island,Guadalupe Island,0,1,29.06259951,-118.2958342,yes,yes,Pup counts,Pups,1,Combination,NA,NA,NA,NA,NA,NA,NA,NA,NA,NA,NA,NA,NA,NA,NA,NA,NA,NA,NA,NA,NA,NA,NA,NA,NA,NA,NA,NA,NA,NA,NA,NA,NA,NA,NA,NA,NA,NA,NA,NA,NA,NA,NA,NA,NA,NA,NA,NA,NA,NA,NA,NA,NA,NA,NA,NA,NA,NA,NA,NA,NA,NA,NA,NA,NA,NA,NA,NA,NA,NA,NA,NA,NA,NA,NA,NA,NA,NA,NA,NA,NA,NA,NA,NA,637,NA,NA,NA,1015,NA,NA,1212,888,1875,NA,NA,NA,NA,NA,NA,NA,NA,NA,NA,NA,NA,1895,NA,NA,2312,3183,NA,NA,4973,NA,NA,NA,NA,NA,NA,NA,NA,NA,NA,
249,P249,Danish Ministry of the Environment,2014,5th Danish Country Report To the Convention on Biological Diversity,Nature Agency,Tech Memo,LPI,Harbor seal,P. v. vitulina,P. v. vitulina,Phocidae,NA,,https://www.cbd.int/doc/world/dk/dk-nr-05-en.pdf,Danish waters,,0,1,56.33333,10,yes,no,Number of individuals,,,Aerial counts in August,NA,NA,NA,NA,NA,NA,NA,NA,NA,NA,NA,NA,NA,NA,NA,NA,NA,NA,NA,NA,NA,NA,NA,NA,NA,NA,NA,NA,NA,NA,NA,NA,NA,NA,NA,NA,NA,NA,NA,NA,NA,NA,NA,NA,NA,NA,NA,NA,NA,NA,NA,NA,NA,NA,NA,NA,NA,NA,NA,NA,NA,NA,NA,NA,NA,NA,NA,NA,NA,NA,NA,NA,NA,NA,NA,NA,2225,1921,2528,3236,4904,4803,4803,5966,6371,7129,7938,8697,5360,5258,5511,6674,6573,7180,7787,8646,9455,10719,11933,11427,10972,10871,10719,9101,9000,11275,11225,11831,13298,14360,15371,15472,NA,NA,NA,NA,NA,NA,NA,NA,NA,NA,NA,NA,
269,P269,NOAA Fisheries,2019,HARBOR SEAL (Phoca vitulina richardii): Alaska Stock,NOAA,Tech memo,UW,Harbor seal,P. v. richardii ,P. v. richardii ,Phocidae,https://media.fisheries.noaa.gov/dam-migration/2019_sars_alaska_harbor_seal.pdf,,,Aluetians,Aluetians,0,1,53.38940546,-168.2485198,no,yes,All Individuals,All Individuals,1,Aerial,NA,NA,NA,NA,NA,NA,NA,NA,NA,NA,NA,NA,NA,NA,NA,NA,NA,NA,NA,NA,NA,NA,NA,NA,NA,NA,NA,NA,NA,NA,NA,NA,NA,NA,NA,NA,NA,NA,NA,NA,NA,NA,NA,NA,NA,NA,NA,NA,NA,NA,NA,NA,NA,NA,NA,NA,NA,NA,NA,NA,NA,NA,NA,NA,NA,NA,NA,NA,NA,NA,NA,NA,NA,NA,NA,NA,NA,NA,NA,NA,NA,NA,NA,NA,NA,NA,NA,NA,NA,NA,NA,NA,NA,NA,NA,NA,6022,5854,5566,5279,5468,5609,5608,5463,5009,5508,5839,6076,6169,6239,6238,6260,6282,6257,6160,5920,5728,5393,5535,NA,NA,NA,NA,NA,
251,P251,Brown et al,1983,"ABUNDANCE, MOVEMENTS, AND FEEDING HABITS OF HARBOR SEALS, PHOCA VITULINA, AT NETARTS AND TILLAMOOK BAYS, OREGON",NOAA Fishery Bulletin,Journal Article,LPI,Harbor seal,P. v. richardii ,P. v. richardii ,Phocidae,"FISHERY BULLETIN: VOL. 81, NO.2, 1983.",,https://spo.nmfs.noaa.gov/content/abundance-movements-and-feeding-habits-harbor-seals-phoca-vitulina-netarts-and-tillamook,"Netarts Bay, Northern Oregon coast",,0,1,45.435,-123.945,yes,no,monthly mean number of seals hauled out in the bay,,,Visual census,NA,NA,NA,NA,NA,NA,NA,NA,NA,NA,NA,NA,NA,NA,NA,NA,NA,NA,NA,NA,NA,NA,NA,NA,NA,NA,NA,NA,NA,NA,NA,NA,NA,NA,NA,NA,NA,NA,NA,NA,NA,NA,NA,NA,NA,NA,NA,NA,NA,NA,NA,NA,NA,NA,NA,NA,NA,NA,NA,NA,NA,NA,NA,NA,NA,NA,NA,NA,NA,NA,NA,NA,NA,NA,NA,NA,NA,109,127,107,167,205,NA,NA,NA,NA,NA,NA,NA,NA,NA,NA,NA,NA,NA,NA,NA,NA,NA,NA,NA,NA,NA,NA,NA,NA,NA,NA,NA,NA,NA,NA,NA,NA,NA,NA,NA,NA,NA,NA,NA,NA,NA,NA,
252,P252,Brown et al,1983,"ABUNDANCE, MOVEMENTS, AND FEEDING HABITS OF HARBOR SEALS, PHOCA VITULINA, AT NETARTS AND TILLAMOOK BAYS, OREGON",NOAA Fishery Bulletin,Journal Article,LPI,Harbor seal,P. v. richardii ,P. v. richardii ,Phocidae,"FISHERY BULLETIN: VOL. 81, NO.2, 1983.",,https://spo.nmfs.noaa.gov/content/abundance-movements-and-feeding-habits-harbor-seals-phoca-vitulina-netarts-and-tillamook,"Tillamook Bay, Northern Oregon coast",,0,1,45.435,-123.945,yes,no,monthly mean number of seals hauled out in the bay,,,Visual census,NA,NA,NA,NA,NA,NA,NA,NA,NA,NA,NA,NA,NA,NA,NA,NA,NA,NA,NA,NA,NA,NA,NA,NA,NA,NA,NA,NA,NA,NA,NA,NA,NA,NA,NA,NA,NA,NA,NA,NA,NA,NA,NA,NA,NA,NA,NA,NA,NA,NA,NA,NA,NA,NA,NA,NA,NA,NA,NA,NA,NA,NA,NA,NA,NA,NA,NA,NA,NA,NA,NA,NA,NA,NA,NA,NA,NA,NA,375,485,435,414,NA,NA,NA,NA,NA,NA,NA,NA,NA,NA,NA,NA,NA,NA,NA,NA,NA,NA,NA,NA,NA,NA,NA,NA,NA,NA,NA,NA,NA,NA,NA,NA,NA,NA,NA,NA,NA,NA,NA,NA,NA,NA,
270,P270,NOAA Fisheries,2019,HARBOR SEAL (Phoca vitulina richardii): Alaska Stock,NOAA,Tech memo,UW,Harbor seal,P. v. richardii ,P. v. richardii ,Phocidae,https://media.fisheries.noaa.gov/dam-migration/2019_sars_alaska_harbor_seal.pdf,,,Bristol Bay,Bristol Bay,0,1,57.73305168,-160.5470176,no,yes,All Individuals,All Individuals,1,Aerial,NA,NA,NA,NA,NA,NA,NA,NA,NA,NA,NA,NA,NA,NA,NA,NA,NA,NA,NA,NA,NA,NA,NA,NA,NA,NA,NA,NA,NA,NA,NA,NA,NA,NA,NA,NA,NA,NA,NA,NA,NA,NA,NA,NA,NA,NA,NA,NA,NA,NA,NA,NA,NA,NA,NA,NA,NA,NA,NA,NA,NA,NA,NA,NA,NA,NA,NA,NA,NA,NA,NA,NA,NA,NA,NA,NA,NA,NA,NA,NA,NA,NA,NA,NA,NA,NA,NA,NA,NA,NA,NA,NA,NA,NA,NA,NA,36628,33544,31025,29699,29663,31389,32553,32861,37987,37729,34930,33267,29610,33880,34194,36484,37933,39091,40817,44242,40591,43166,45459,NA,NA,NA,NA,NA,
254,P254,Kinsinger ,1995,"Chapter: Marine mammals in Report: Our living resources: a report to the nation on the distribution, abundance, and health of U.S. plants, animals, and ecosystems. from http://biology.usgs.gov/s+t/noframe/c308.htm.""",US Department of the Interior: National Biological Service Our Living Resources,Tech memo,LPI,Harbor seal,P. v. richardii ,P. v. richardii ,Phocidae,https://doi.org/10.5962/bhl.title.4172,,https://ia902803.us.archive.org/32/items/ourlivingresourc00unit/ourlivingresourc00unit.pdf,California,,0,1,37.25028,-119.75028,yes,no,Number of individuals,,,Unknown,NA,NA,NA,NA,NA,NA,NA,NA,NA,NA,NA,NA,NA,NA,NA,NA,NA,NA,NA,NA,NA,NA,NA,NA,NA,NA,NA,NA,NA,NA,NA,NA,NA,NA,NA,NA,NA,NA,NA,NA,NA,NA,NA,NA,NA,NA,NA,NA,NA,NA,NA,NA,NA,NA,NA,NA,NA,NA,NA,NA,NA,NA,NA,NA,NA,NA,NA,NA,NA,NA,NA,NA,NA,NA,NA,NA,NA,NA,NA,NA,NA,NA,NA,NA,NA,14000,NA,NA,NA,NA,19000,NA,NA,NA,NA,24000,NA,NA,NA,NA,NA,NA,NA,NA,NA,NA,NA,NA,NA,NA,NA,NA,NA,NA,NA,NA,NA,NA,NA,NA,NA,NA,NA,NA,
271,P271,NOAA Fisheries,2019,HARBOR SEAL (Phoca vitulina richardii): Alaska Stock,NOAA,Tech memo,UW,Harbor seal,P. v. richardii ,P. v. richardii ,Phocidae,https://media.fisheries.noaa.gov/dam-migration/2019_sars_alaska_harbor_seal.pdf,,,Clarence Strait,Clarence Strait,0,1,55.91567666,-132.5319051,no,yes,All Individuals,All Individuals,1,Aerial,NA,NA,NA,NA,NA,NA,NA,NA,NA,NA,NA,NA,NA,NA,NA,NA,NA,NA,NA,NA,NA,NA,NA,NA,NA,NA,NA,NA,NA,NA,NA,NA,NA,NA,NA,NA,NA,NA,NA,NA,NA,NA,NA,NA,NA,NA,NA,NA,NA,NA,NA,NA,NA,NA,NA,NA,NA,NA,NA,NA,NA,NA,NA,NA,NA,NA,NA,NA,NA,NA,NA,NA,NA,NA,NA,NA,NA,NA,NA,NA,NA,NA,NA,NA,NA,NA,NA,NA,NA,NA,NA,NA,NA,NA,NA,NA,27127,27786,27323,27972,28058,29293,30619,30013,29606,29066,29260,28320,27446,25973,26700,25827,26620,26213,25339,24733,25726,26786,27579,NA,NA,NA,NA,NA,
272,P272,NOAA Fisheries,2019,HARBOR SEAL (Phoca vitulina richardii): Alaska Stock,NOAA,Tech memo,UW,Harbor seal,P. v. richardii ,P. v. richardii ,Phocidae,https://media.fisheries.noaa.gov/dam-migration/2019_sars_alaska_harbor_seal.pdf,,,Cook Inlet/Shelikof Strait,Cook Inlet/Shelikof Strait,0,1,58.85018638,-152.9812636,no,yes,All Individuals,All Individuals,1,Aerial,NA,NA,NA,NA,NA,NA,NA,NA,NA,NA,NA,NA,NA,NA,NA,NA,NA,NA,NA,NA,NA,NA,NA,NA,NA,NA,NA,NA,NA,NA,NA,NA,NA,NA,NA,NA,NA,NA,NA,NA,NA,NA,NA,NA,NA,NA,NA,NA,NA,NA,NA,NA,NA,NA,NA,NA,NA,NA,NA,NA,NA,NA,NA,NA,NA,NA,NA,NA,NA,NA,NA,NA,NA,NA,NA,NA,NA,NA,NA,NA,NA,NA,NA,NA,NA,NA,NA,NA,NA,NA,NA,NA,NA,NA,NA,NA,25135,26523,26437,25923,24811,23824,26586,28598,29612,30750,31635,31149,31199,30799,30686,30074,29837,30600,31236,31623,30512,30023,28663,NA,NA,NA,NA,NA,
257,P257,Mathews et al,2006,"DECLINES IN HARBOR SEAL (PHOCA VITULINA) NUMBERS IN GLACIER BAY NATIONAL PARK, ALASKA, 1992–2002",Marine Mammal Science,Journal Article,LPI,Harbor seal,P. v. richardii ,P. v. richardii ,Phocidae,https://doi.org/10.1111/j.1748-7692.2006.00011.x,,https://onlinelibrary.wiley.com/doi/abs/10.1111/j.1748-7692.2006.00011.x,"Glacier Bay National Park, Alaska",,0,1,58.84556,-136.8725,yes,no,minimal population estimate,,,aerial surveys,NA,NA,NA,NA,NA,NA,NA,NA,NA,NA,NA,NA,NA,NA,NA,NA,NA,NA,NA,NA,NA,NA,NA,NA,NA,NA,NA,NA,NA,NA,NA,NA,NA,NA,NA,NA,NA,NA,NA,NA,NA,NA,NA,NA,NA,NA,NA,NA,NA,NA,NA,NA,NA,NA,NA,NA,NA,NA,NA,NA,NA,NA,NA,NA,NA,NA,NA,NA,NA,NA,NA,NA,NA,NA,NA,NA,NA,NA,NA,NA,NA,NA,NA,NA,NA,NA,NA,NA,NA,NA,NA,NA,6189,NA,6249,5187,5551,4368,4182,3818,2861,2551,NA,NA,NA,NA,NA,NA,NA,NA,NA,NA,NA,NA,NA,NA,NA,NA,NA,NA,NA,NA,NA,NA,
273,P273,NOAA Fisheries,2019,HARBOR SEAL (Phoca vitulina richardii): Alaska Stock,NOAA,Tech memo,UW,Harbor seal,P. v. richardii ,P. v. richardii ,Phocidae,https://media.fisheries.noaa.gov/dam-migration/2019_sars_alaska_harbor_seal.pdf,,,Dixon/Cape Decision,Dixon/Cape Decision,0,1,55.98336542,-134.2398283,no,yes,All Individuals,All Individuals,1,Aerial,NA,NA,NA,NA,NA,NA,NA,NA,NA,NA,NA,NA,NA,NA,NA,NA,NA,NA,NA,NA,NA,NA,NA,NA,NA,NA,NA,NA,NA,NA,NA,NA,NA,NA,NA,NA,NA,NA,NA,NA,NA,NA,NA,NA,NA,NA,NA,NA,NA,NA,NA,NA,NA,NA,NA,NA,NA,NA,NA,NA,NA,NA,NA,NA,NA,NA,NA,NA,NA,NA,NA,NA,NA,NA,NA,NA,NA,NA,NA,NA,NA,NA,NA,NA,NA,NA,NA,NA,NA,NA,NA,NA,NA,NA,NA,NA,19260,18391,16478,18130,18739,18652,18565,17347,18826,19782,19956,20304,20043,21521,20478,22217,22215,22043,21869,21000,22043,23260,23521,NA,NA,NA,NA,NA,
274,P274,NOAA Fisheries,2019,HARBOR SEAL (Phoca vitulina richardii): Alaska Stock,NOAA,Tech memo,UW,Harbor seal,P. v. richardii ,P. v. richardii ,Phocidae,https://media.fisheries.noaa.gov/dam-migration/2019_sars_alaska_harbor_seal.pdf,,,Glacier Bay/Icy Strait,Glacier Bay/Icy Strait,0,1,58.23288887,-136.9056288,no,yes,All Individuals,All Individuals,1,Aerial,NA,NA,NA,NA,NA,NA,NA,NA,NA,NA,NA,NA,NA,NA,NA,NA,NA,NA,NA,NA,NA,NA,NA,NA,NA,NA,NA,NA,NA,NA,NA,NA,NA,NA,NA,NA,NA,NA,NA,NA,NA,NA,NA,NA,NA,NA,NA,NA,NA,NA,NA,NA,NA,NA,NA,NA,NA,NA,NA,NA,NA,NA,NA,NA,NA,NA,NA,NA,NA,NA,NA,NA,NA,NA,NA,NA,NA,NA,NA,NA,NA,NA,NA,NA,NA,NA,NA,NA,NA,NA,NA,NA,NA,NA,NA,NA,10807,9800,9169,9538,8907,8588,7707,7638,7194,7125,6745,6551,7420,6788,7282,7650,8894,8451,8632,7563,7120,6550,7356,NA,NA,NA,NA,NA,
260,P260,Williams et al,2007,"Distribution and abundance of marine mammals in the coastal waters of British Columbia, Canada",IWC Journal of Cetacean Research and Management,Journal Article,LPI,Harbor seal,P. v. richardii ,P. v. richardii ,Phocidae,DOI:10.47536/jcrm.v9i1.688,,https://www.researchgate.net/publication/228672624_Distribution_and_abundance_of_marine_mammals_in_the_coastal_waters_of_British_Columbia_Canada,"Inside Passage, between the British Columbia-Washington and the British Columbia-Alaska borders","Inside Passage, between the British Columbia-Washington and the British Columbia-Alaska borders",0,1,51.454007,-128.235855,no,no,Estimated density,,18305.34351,Systematic line transect survey carried out by boat recording visual observations,NA,NA,NA,NA,NA,NA,NA,NA,NA,NA,NA,NA,NA,NA,NA,NA,NA,NA,NA,NA,NA,NA,NA,NA,NA,NA,NA,NA,NA,NA,NA,NA,NA,NA,NA,NA,NA,NA,NA,NA,NA,NA,NA,NA,NA,NA,NA,NA,NA,NA,NA,NA,NA,NA,NA,NA,NA,NA,NA,NA,NA,NA,NA,NA,NA,NA,NA,NA,NA,NA,NA,NA,NA,NA,NA,NA,NA,NA,NA,NA,NA,NA,NA,NA,NA,NA,NA,NA,NA,NA,NA,NA,NA,NA,NA,NA,NA,NA,NA,NA,NA,NA,NA,NA,0.224,0.131,NA,NA,NA,NA,NA,NA,NA,NA,NA,NA,NA,NA,NA,NA,NA,NA,NA,NA,
261,P261,Davoren,2007,Effects of gill-net fishing on marine birds in a biological hotspot in the northwest Atlantic,Conservation Biology,Journal Article,LPI,Harbor seal,P. v. vitulina,P. v. vitulina,Phocidae,DOI: 10.1111/j.1523-1739.2007.00694.x,,https://pubmed.ncbi.nlm.nih.gov/17650253/,NE coast of Newfoundland,NE coast of Newfoundland,0,1,49.75,-53.183333,no,no,Total number/km,,0,Regional-scale survey using strip-transects,NA,NA,NA,NA,NA,NA,NA,NA,NA,NA,NA,NA,NA,NA,NA,NA,NA,NA,NA,NA,NA,NA,NA,NA,NA,NA,NA,NA,NA,NA,NA,NA,NA,NA,NA,NA,NA,NA,NA,NA,NA,NA,NA,NA,NA,NA,NA,NA,NA,NA,NA,NA,NA,NA,NA,NA,NA,NA,NA,NA,NA,NA,NA,NA,NA,NA,NA,NA,NA,NA,NA,NA,NA,NA,NA,NA,NA,NA,NA,NA,NA,NA,NA,NA,NA,NA,NA,NA,NA,NA,NA,NA,NA,NA,NA,NA,NA,NA,NA,NA,0.01,0,NA,0,NA,NA,NA,NA,NA,NA,NA,NA,NA,NA,NA,NA,NA,NA,NA,NA,NA,NA,NA,NA,
275,P275,NOAA Fisheries,2019,HARBOR SEAL (Phoca vitulina richardii): Alaska Stock,NOAA,Tech memo,UW,Harbor seal,P. v. richardii ,P. v. richardii ,Phocidae,https://media.fisheries.noaa.gov/dam-migration/2019_sars_alaska_harbor_seal.pdf,,,Lynn Canal/Stephens Passage,Lynn Canal/Stephens Passage,0,1,58.66518816,-135.0901761,no,yes,All Individuals,All Individuals,1,Aerial,NA,NA,NA,NA,NA,NA,NA,NA,NA,NA,NA,NA,NA,NA,NA,NA,NA,NA,NA,NA,NA,NA,NA,NA,NA,NA,NA,NA,NA,NA,NA,NA,NA,NA,NA,NA,NA,NA,NA,NA,NA,NA,NA,NA,NA,NA,NA,NA,NA,NA,NA,NA,NA,NA,NA,NA,NA,NA,NA,NA,NA,NA,NA,NA,NA,NA,NA,NA,NA,NA,NA,NA,NA,NA,NA,NA,NA,NA,NA,NA,NA,NA,NA,NA,NA,NA,NA,NA,NA,NA,NA,NA,NA,NA,NA,NA,14288,13711,13958,13711,13546,13628,13051,13298,13546,13381,12969,12309,11484,11649,13628,13876,13793,13546,13353,13216,12969,13072,13463,NA,NA,NA,NA,NA,
276,P276,NOAA Fisheries,2019,HARBOR SEAL (Phoca vitulina richardii): Alaska Stock,NOAA,Tech memo,UW,Harbor seal,P. v. richardii ,P. v. richardii ,Phocidae,https://media.fisheries.noaa.gov/dam-migration/2019_sars_alaska_harbor_seal.pdf,,,N Kodiak,N Kodiak,0,1,58.16143845,-151.830474,no,yes,All Individuals,All Individuals,1,Aerial,NA,NA,NA,NA,NA,NA,NA,NA,NA,NA,NA,NA,NA,NA,NA,NA,NA,NA,NA,NA,NA,NA,NA,NA,NA,NA,NA,NA,NA,NA,NA,NA,NA,NA,NA,NA,NA,NA,NA,NA,NA,NA,NA,NA,NA,NA,NA,NA,NA,NA,NA,NA,NA,NA,NA,NA,NA,NA,NA,NA,NA,NA,NA,NA,NA,NA,NA,NA,NA,NA,NA,NA,NA,NA,NA,NA,NA,NA,NA,NA,NA,NA,NA,NA,NA,NA,NA,NA,NA,NA,NA,NA,NA,NA,NA,NA,6358,6835,6895,6716,6359,5880,6537,6716,7134,7432,7432,7611,7671,8388,8268,8380,8149,8149,8089,8029,8447,8447,8686,NA,NA,NA,NA,NA,
277,P277,NOAA Fisheries,2019,HARBOR SEAL (Phoca vitulina richardii): Alaska Stock,NOAA,Tech memo,UW,Harbor seal,P. v. richardii ,P. v. richardii ,Phocidae,https://media.fisheries.noaa.gov/dam-migration/2019_sars_alaska_harbor_seal.pdf,,,Prince WIlliam Sound,Prince WIlliam Sound,0,1,60.56752644,-147.0335113,no,yes,All Individuals,All Individuals,1,Aerial,NA,NA,NA,NA,NA,NA,NA,NA,NA,NA,NA,NA,NA,NA,NA,NA,NA,NA,NA,NA,NA,NA,NA,NA,NA,NA,NA,NA,NA,NA,NA,NA,NA,NA,NA,NA,NA,NA,NA,NA,NA,NA,NA,NA,NA,NA,NA,NA,NA,NA,NA,NA,NA,NA,NA,NA,NA,NA,NA,NA,NA,NA,NA,NA,NA,NA,NA,NA,NA,NA,NA,NA,NA,NA,NA,NA,NA,NA,NA,NA,NA,NA,NA,NA,NA,NA,NA,NA,NA,NA,NA,NA,NA,NA,NA,NA,37710,37750,38433,37469,36265,31204,35301,34337,31927,35301,36746,37718,42530,41566,39638,46385,45180,48795,46385,52168,47108,44457,44480,NA,NA,NA,NA,NA,
278,P278,NOAA Fisheries,2019,HARBOR SEAL (Phoca vitulina richardii): Alaska Stock,NOAA,Tech memo,UW,Harbor seal,P. v. richardii ,P. v. richardii ,Phocidae,https://media.fisheries.noaa.gov/dam-migration/2019_sars_alaska_harbor_seal.pdf,,,Sitka/ChathamStrait,Sitka/ChathamStrait,0,1,55.39465628,-154.840608,no,yes,All Individuals,All Individuals,1,Aerial,NA,NA,NA,NA,NA,NA,NA,NA,NA,NA,NA,NA,NA,NA,NA,NA,NA,NA,NA,NA,NA,NA,NA,NA,NA,NA,NA,NA,NA,NA,NA,NA,NA,NA,NA,NA,NA,NA,NA,NA,NA,NA,NA,NA,NA,NA,NA,NA,NA,NA,NA,NA,NA,NA,NA,NA,NA,NA,NA,NA,NA,NA,NA,NA,NA,NA,NA,NA,NA,NA,NA,NA,NA,NA,NA,NA,NA,NA,NA,NA,NA,NA,NA,NA,NA,NA,NA,NA,NA,NA,NA,NA,NA,NA,NA,NA,12000,11928,11571,12428,12142,12500,12426,12508,12642,12429,11857,11142,10857,11285,12426,12857,12642,12501,12357,12422,12785,13142,13286,NA,NA,NA,NA,NA,
279,P279,NOAA Fisheries,2019,HARBOR SEAL (Phoca vitulina richardii): Alaska Stock,NOAA,Tech memo,UW,Harbor seal,P. v. richardii ,P. v. richardii ,Phocidae,https://media.fisheries.noaa.gov/dam-migration/2019_sars_alaska_harbor_seal.pdf,,,S Kodiak,S Kodiak,0,1,57.30968058,-134.7073662,no,yes,All Individuals,All Individuals,1,Aerial,NA,NA,NA,NA,NA,NA,NA,NA,NA,NA,NA,NA,NA,NA,NA,NA,NA,NA,NA,NA,NA,NA,NA,NA,NA,NA,NA,NA,NA,NA,NA,NA,NA,NA,NA,NA,NA,NA,NA,NA,NA,NA,NA,NA,NA,NA,NA,NA,NA,NA,NA,NA,NA,NA,NA,NA,NA,NA,NA,NA,NA,NA,NA,NA,NA,NA,NA,NA,NA,NA,NA,NA,NA,NA,NA,NA,NA,NA,NA,NA,NA,NA,NA,NA,NA,NA,NA,NA,NA,NA,NA,NA,NA,NA,NA,NA,13133,13079,14001,13958,13905,14344,15272,16199,15419,16108,16542,16976,16323,18343,18788,18247,18442,18150,18102,19756,21902,25757,25215,NA,NA,NA,NA,NA,
280,P280,NOAA Fisheries,2014,HARBOR SEAL (Phoca vitulina richardii): California Stock,NOAA,Tech memo,UW,Harbor seal,P. v. richardii ,P. v. richardii ,Phocidae,https://media.fisheries.noaa.gov/dam-migration/2019_sars_alaska_harbor_seal.pdf,,,Mainland and Channel Islands,Mainland and Channel Islands,0,1,33.88341793,-119.8912072,no,yes,All Individuals,All Individuals,1,Aerial,NA,NA,NA,NA,NA,NA,NA,NA,NA,NA,NA,NA,NA,NA,NA,NA,NA,NA,NA,NA,NA,NA,NA,NA,NA,NA,NA,NA,NA,NA,NA,NA,NA,NA,NA,NA,NA,NA,NA,NA,NA,NA,NA,NA,NA,NA,NA,NA,NA,NA,NA,NA,NA,NA,NA,NA,NA,NA,NA,NA,NA,NA,NA,NA,NA,NA,NA,NA,NA,NA,NA,NA,NA,NA,NA,NA,NA,NA,NA,NA,NA,NA,NA,NA,NA,NA,NA,NA,NA,NA,18560,22880,23000,18080,21440,23360,NA,NA,NA,NA,NA,NA,21560,NA,26240,NA,NA,NA,NA,19640,NA,NA,20120,NA,NA,NA,NA,NA,NA,NA,NA,NA,NA,NA,
281,P281,NOAA Fisheries,2013,HARBOR SEAL (Phoca vitulina richardii): Oregon/Washington Coast Stock,NOAA,Tech memo,UW,Harbor seal,P. v. richardii ,P. v. richardii ,Phocidae,https://media.fisheries.noaa.gov/dam-migration/2019_sars_alaska_harbor_seal.pdf,,,Oregon,Oregon,0,1,44.00028,-124.50028,no,yes,All Individuals,All Individuals,1,Aerial,NA,NA,NA,NA,NA,NA,NA,NA,NA,NA,NA,NA,NA,NA,NA,NA,NA,NA,NA,NA,NA,NA,NA,NA,NA,NA,NA,NA,NA,NA,NA,NA,NA,NA,NA,NA,NA,NA,NA,NA,NA,NA,NA,NA,NA,NA,NA,NA,NA,NA,NA,NA,NA,NA,NA,NA,NA,NA,NA,NA,NA,NA,NA,NA,NA,NA,NA,NA,NA,NA,NA,NA,NA,NA,NA,NA,NA,NA,NA,NA,NA,NA,NA,NA,NA,NA,NA,NA,NA,NA,4750,4515,5434,5142,4619,4153,4554,NA,5238,4311,4480,4361,5165,5334,NA,NA,NA,NA,NA,NA,NA,NA,NA,NA,NA,NA,NA,NA,NA,NA,NA,NA,NA,NA,
282,P282,NOAA Fisheries,2013,HARBOR SEAL (Phoca vitulina richardii): Oregon/Washington Coast Stock,NOAA,Tech memo,UW,Harbor seal,P. v. richardii ,P. v. richardii ,Phocidae,https://media.fisheries.noaa.gov/dam-migration/2019_sars_alaska_harbor_seal.pdf,,,Washington,Washington,0,1,46.70694,-124.10472,no,yes,All Individuals,All Individuals,1,Aerial,NA,NA,NA,NA,NA,NA,NA,NA,NA,NA,NA,NA,NA,NA,NA,NA,NA,NA,NA,NA,NA,NA,NA,NA,NA,NA,NA,NA,NA,NA,NA,NA,NA,NA,NA,NA,NA,NA,NA,NA,NA,NA,NA,NA,NA,NA,NA,NA,NA,NA,NA,NA,NA,NA,NA,NA,NA,NA,NA,NA,NA,NA,NA,NA,NA,NA,NA,NA,NA,NA,NA,NA,NA,NA,NA,NA,NA,NA,NA,NA,NA,NA,NA,NA,NA,NA,NA,NA,NA,NA,NA,12483,11931,11655,9310,11241,10413,11793,10413,NA,NA,NA,NA,NA,NA,NA,NA,NA,NA,NA,NA,NA,NA,NA,NA,NA,NA,NA,NA,NA,NA,NA,NA,NA,
283,P283,NOAA Fisheries,2013,"HARBOR SEAL (Phoca vitulina richardii): Washington Inland Waters Stocks: (Hood Canal, Southern Puget Sound, Washington Northern Inland Waters)",NOAA,Tech memo,UW,Harbor seal,P. v. richardii ,P. v. richardii ,Phocidae,https://media.fisheries.noaa.gov/dam-migration/2019_sars_alaska_harbor_seal.pdf,,,Washington Inland,Washington Inland,0,1,48.0111099,-122.673233,no,yes,All Individuals,All Individuals,1,Aerial,NA,NA,NA,NA,NA,NA,NA,NA,NA,NA,NA,NA,NA,NA,NA,NA,NA,NA,NA,NA,NA,NA,NA,NA,NA,NA,NA,NA,NA,NA,NA,NA,NA,NA,NA,NA,NA,NA,NA,NA,NA,NA,NA,NA,NA,NA,NA,NA,NA,NA,NA,NA,NA,NA,NA,NA,NA,NA,NA,NA,NA,NA,NA,NA,NA,NA,NA,NA,NA,NA,NA,NA,NA,NA,NA,NA,NA,NA,NA,NA,NA,NA,NA,NA,NA,NA,NA,NA,NA,NA,NA,NA,8707,8878,10402,9898,11763,10329,9571,8814,NA,NA,NA,NA,NA,NA,NA,NA,NA,NA,NA,NA,NA,NA,NA,NA,NA,NA,NA,NA,NA,NA,NA,NA,
259,P259,Williams et al,2007,"Distribution and abundance of marine mammals in the coastal waters of British Columbia, Canada",IWC Journal of Cetacean Research and Management,Journal Article,LPI,Harbor seal,P. v. richardii ,P. v. richardii ,Phocidae,DOI:10.47536/jcrm.v9i1.688,,https://www.researchgate.net/publication/228672624_Distribution_and_abundance_of_marine_mammals_in_the_coastal_waters_of_British_Columbia_Canada,British Columbia,British Columbia,0,1,50.89722,-127.35305,no,yes,Estimated abundance,All Individuals,1,Ship,NA,NA,NA,NA,NA,NA,NA,NA,NA,NA,NA,NA,NA,NA,NA,NA,NA,NA,NA,NA,NA,NA,NA,NA,NA,NA,NA,NA,NA,NA,NA,NA,NA,NA,NA,NA,NA,NA,NA,NA,NA,NA,NA,NA,NA,NA,NA,NA,NA,NA,NA,NA,NA,NA,NA,NA,NA,NA,NA,NA,NA,NA,NA,NA,NA,NA,NA,NA,NA,NA,NA,NA,NA,NA,NA,NA,NA,NA,NA,NA,NA,NA,NA,NA,NA,NA,NA,NA,NA,NA,NA,NA,NA,NA,NA,NA,NA,NA,NA,NA,NA,NA,NA,NA,4113,2398,NA,NA,NA,NA,NA,NA,NA,NA,NA,NA,NA,NA,NA,NA,NA,NA,NA,NA,
262,P262,"Granquist, S.M., and Hauksson, E. ",2020,"Population estimate, trends and current status of the Icelandic harbour seal (Phoca vitulina) population in 2018 ",Marine and Freshwater Research in Iceland,Tech memo,UW,Harbor seal,P. v. vitulina,P. v. vitulina concolor,Phocidae,2019-36,,https://www.hafogvatn.is/static/files/hv2019-36.pdf.,Iceland coast,Iceland coast,0,1,64.59707243,-22.93342442,yes,yes,All Individuals,All Individuals,1,Aerial,NA,NA,NA,NA,NA,NA,NA,NA,NA,NA,NA,NA,NA,NA,NA,NA,NA,NA,NA,NA,NA,NA,NA,NA,NA,NA,NA,NA,NA,NA,NA,NA,NA,NA,NA,NA,NA,NA,NA,NA,NA,NA,NA,NA,NA,NA,NA,NA,NA,NA,NA,NA,NA,NA,NA,NA,NA,NA,NA,NA,NA,NA,NA,NA,NA,NA,NA,NA,NA,NA,NA,NA,NA,NA,NA,NA,NA,NA,NA,NA,33327,NA,NA,NA,NA,27871,NA,NA,NA,15298,17026,NA,15731,NA,NA,13578,NA,NA,13887,NA,NA,NA,NA,9972,NA,NA,12122,NA,NA,NA,NA,11272,NA,NA,NA,NA,7652,NA,9434,NA,NA,NA,NA,NA,
299,P299,Bowen et al,2003,"Maternal and newborn life-history traits during periods of contrasting population trends: implications for explaining the decline of harbour seals (Phoca vitulina), on Sable Island",Zoological Society of London: Journal of Zoology,Journal Article,LPI,Harbor seal,P. v. vitulina,P. v. vitulina concolor,Phocidae,https://doi.org/10.1017/S0952836903004047,,https://zslpublications.onlinelibrary.wiley.com/doi/10.1017/S0952836903004047,"Sable Island, Nova Scotia","Sable Island, Nova Scotia",0,1,43.91667,-60,no,yes,Mean survey count,All Individuals,1,Ground,NA,NA,NA,NA,NA,NA,NA,NA,NA,NA,NA,NA,NA,NA,NA,NA,NA,NA,NA,NA,NA,NA,NA,NA,NA,NA,NA,NA,NA,NA,NA,NA,NA,NA,NA,NA,NA,NA,NA,NA,NA,NA,NA,NA,NA,NA,NA,NA,NA,NA,NA,NA,NA,NA,NA,NA,NA,NA,NA,NA,NA,NA,NA,NA,NA,NA,NA,NA,NA,NA,NA,NA,NA,NA,NA,NA,NA,NA,NA,NA,NA,NA,NA,NA,NA,NA,NA,NA,NA,NA,NA,564,512,316,351,291,109,88,90,NA,NA,NA,NA,NA,NA,NA,NA,NA,NA,NA,NA,NA,NA,NA,NA,NA,NA,NA,NA,NA,NA,NA,NA,NA,
255,P255,Central Bureau of Statistics,2020,"Common and gray seal in Wadden Sea and Delta area, 1960 - 2020",Compendium for the Living Environment,Tech memo,LPI,Harbor seal,P. v. vitulina,P. v. vitulina,Phocidae,NA,,https://www.clo.nl/indicatoren/nl123117-gewone-en-grijze-zeehond-in-waddenzee-en-deltagebied-1960-2020,Dutch Wadden Sea,Dutch Wadden Sea,0,1,53.35,5.1,no,yes,Number of individuals,All Individuals,1,Aerial,NA,NA,NA,NA,NA,NA,NA,NA,NA,NA,NA,NA,NA,NA,NA,NA,NA,NA,NA,NA,NA,NA,NA,NA,NA,NA,NA,NA,NA,NA,NA,NA,NA,NA,NA,NA,NA,NA,NA,NA,NA,NA,NA,NA,NA,NA,NA,NA,NA,NA,NA,NA,NA,NA,NA,NA,NA,NA,NA,NA,NA,NA,NA,NA,NA,NA,NA,NA,NA,NA,965,665,650,540,530,520,480,485,505,545,515,585,655,710,740,775,800,1055,975,535,560,750,960,1075,1230,1410,1590,2020,2280,2400,3330,3595,4465,2365,3194,3443,4065,4159,5975,6339,5848,7378,6529,7605,7086,7666,8160,8427,7925,7338,NA,NA,NA,NA,
256,P256,Central Bureau of Statistics,2020,"Common and gray seal in Wadden Sea and Delta area, 1960 - 2020",Compendium for the Living Environment,Tech memo,LPI,Harbor seal,P. v. vitulina,P. v. vitulina,Phocidae,NA,,https://www.clo.nl/indicatoren/nl123117-gewone-en-grijze-zeehond-in-waddenzee-en-deltagebied-1960-2020,South Holland Delta,South Holland Delta,0,1,51.631412,3.842009,no,yes,Number of individuals,All Individuals,1,Aerial,NA,NA,NA,NA,NA,NA,NA,NA,NA,NA,NA,NA,NA,NA,NA,NA,NA,NA,NA,NA,NA,NA,NA,NA,NA,NA,NA,NA,NA,NA,NA,NA,NA,NA,NA,NA,NA,NA,NA,NA,NA,NA,NA,NA,NA,NA,NA,NA,NA,NA,NA,NA,NA,NA,NA,NA,NA,NA,NA,NA,NA,NA,NA,NA,NA,NA,NA,NA,NA,NA,15,15,15,15,15,15,15,15,15,15,15,15,15,15,15,15,18,20,12,13,14,13,15,23,25,29,31,38,66,62,91,104,177,107,87,148,118,154,156,310,325,357,500,597,777,685,868,1184,NA,NA,NA,NA,NA,NA,
309,P309,Cox et al,2020,Population trends of harbour and grey seals in the Greater Thames Estuary,Mammal Communications,Journal Article,LPI,Harbor seal,P. v. vitulina,P. v. vitulina,Phocidae,ISSN 2056-872X,,https://www.researchgate.net/profile/Anna-Cucknell/publication/355172248_Population_trends_of_harbour_and_grey_seals_in_the_Greater_Thames_Estuary/links/61640b741eb5da761e79c152/Population-trends-of-harbour-and-grey-seals-in-the-Greater-Thames-Estuary.pdf,Greater Thames Estuary,Greater Thames Estuary,0,1,51.483164,0.936526,no,yes,Estimated population size,All Individuals,1,Aerial,NA,NA,NA,NA,NA,NA,NA,NA,NA,NA,NA,NA,NA,NA,NA,NA,NA,NA,NA,NA,NA,NA,NA,NA,NA,NA,NA,NA,NA,NA,NA,NA,NA,NA,NA,NA,NA,NA,NA,NA,NA,NA,NA,NA,NA,NA,NA,NA,NA,NA,NA,NA,NA,NA,NA,NA,NA,NA,NA,NA,NA,NA,NA,NA,NA,NA,NA,NA,NA,NA,NA,NA,NA,NA,NA,NA,NA,NA,NA,NA,NA,NA,NA,NA,NA,NA,NA,NA,NA,NA,NA,NA,NA,NA,NA,NA,NA,NA,NA,NA,NA,NA,NA,250,NA,NA,NA,NA,443,NA,526,NA,NA,654,679,626,964,1104,1026,932,NA,NA,NA,NA,
2501,P2501,Hassani et al,2010,A note on harbour seal ( Phoca vitulina ) distribution and abundance in France and Belgium,NAMMCO Scientific publications,Journal Article,LPI,Harbor seal,P. v. vitulina,P. v. vitulina,Phocidae,DOI:10.7557/3.2678,,https://www.researchgate.net/publication/269800634_A_note_on_harbour_seal_Phoca_vitulina_distribution_and_abundance_in_France_and_Belgium,Baie de Somme,Baie de Somme,0,1,50.23720104,1.553037149,no,yes,Number of individuals,All Individuals,1,Combination,NA,NA,NA,NA,NA,NA,NA,NA,NA,NA,NA,NA,NA,NA,NA,NA,NA,NA,NA,NA,NA,NA,NA,NA,NA,NA,NA,NA,NA,NA,NA,NA,NA,NA,NA,NA,NA,NA,NA,NA,NA,NA,NA,NA,NA,NA,NA,NA,NA,NA,NA,NA,NA,NA,NA,NA,NA,NA,NA,NA,NA,NA,NA,NA,NA,NA,NA,NA,NA,NA,NA,NA,NA,NA,NA,NA,NA,NA,NA,NA,NA,NA,NA,7,NA,NA,10,15,16,9,10,9,12,12,22,27,35,50,59,66,74,76,104,103,121,139,165,175,186,NA,NA,NA,NA,NA,NA,NA,NA,NA,NA,NA,NA,NA,NA,NA,
2502,P2502,Hassani et al,2010,A note on harbour seal ( Phoca vitulina ) distribution and abundance in France and Belgium,NAMMCO Scientific publications,Journal Article,LPI,Harbor seal,P. v. vitulina,P. v. vitulina,Phocidae,DOI:10.7557/3.2678,,https://www.researchgate.net/publication/269800634_A_note_on_harbour_seal_Phoca_vitulina_distribution_and_abundance_in_France_and_Belgium,Baie des Veys,Baie des Veys,0,1,49.47688179,-1.203935363,no,yes,Number of individuals,All Individuals,1,Combination,NA,NA,NA,NA,NA,NA,NA,NA,NA,NA,NA,NA,NA,NA,NA,NA,NA,NA,NA,NA,NA,NA,NA,NA,NA,NA,NA,NA,NA,NA,NA,NA,NA,NA,NA,NA,NA,NA,NA,NA,NA,NA,NA,NA,NA,NA,NA,NA,NA,NA,NA,NA,NA,NA,NA,NA,NA,NA,NA,NA,NA,NA,NA,NA,NA,NA,NA,NA,NA,NA,NA,NA,NA,NA,NA,NA,NA,NA,NA,NA,NA,NA,NA,0,NA,NA,0,5,6,5,5,5,5,4,8,7,12,17,23,26,25,27,32,30,34,52,58,66,71,NA,NA,NA,NA,NA,NA,NA,NA,NA,NA,NA,NA,NA,NA,NA,
2503,P2503,Hassani et al,2010,A note on harbour seal ( Phoca vitulina ) distribution and abundance in France and Belgium,NAMMCO Scientific publications,Journal Article,LPI,Harbor seal,P. v. vitulina,P. v. vitulina,Phocidae,DOI:10.7557/3.2678,,https://www.researchgate.net/publication/269800634_A_note_on_harbour_seal_Phoca_vitulina_distribution_and_abundance_in_France_and_Belgium,Baie du Mont Saint Michel,Baie du Mont Saint Michel,0,1,48.73912531,-1.776235223,no,yes,Number of individuals,All Individuals,1,Combination,NA,NA,NA,NA,NA,NA,NA,NA,NA,NA,NA,NA,NA,NA,NA,NA,NA,NA,NA,NA,NA,NA,NA,NA,NA,NA,NA,NA,NA,NA,NA,NA,NA,NA,NA,NA,NA,NA,NA,NA,NA,NA,NA,NA,NA,NA,NA,NA,NA,NA,NA,NA,NA,NA,NA,NA,NA,NA,NA,NA,NA,NA,NA,NA,NA,NA,NA,NA,NA,NA,NA,NA,NA,NA,NA,NA,NA,NA,NA,NA,NA,NA,NA,0,NA,NA,0,2,3,6,9,8,9,14,10,11,11,16,21,23,23,18,26,33,36,36,38,40,38,NA,NA,NA,NA,NA,NA,NA,NA,NA,NA,NA,NA,NA,NA,NA,
306,P306,HELCOM,2018,Population trends and abundance of seals,HELCOM Indicators,Tech Memo,LPI,Harbor seal,P. v. vitulina,P. v. vitulina,Phocidae,ISSN 2343-2543,,https://helcom.fi/wp-content/uploads/2019/08/Population-trends-and-abundance-of-seals-HELCOM-core-indicator-2018.pdf,Kalmarsund,Kalmarsund,0,1,56.699026,16.407629,no,yes,Number of individuals,All Individuals,1,Aerial,NA,NA,NA,NA,NA,NA,NA,NA,NA,NA,NA,NA,NA,NA,NA,NA,NA,NA,NA,NA,NA,NA,NA,NA,NA,NA,NA,NA,NA,NA,NA,NA,NA,NA,NA,NA,NA,NA,NA,NA,NA,NA,NA,NA,NA,NA,NA,NA,NA,NA,NA,NA,NA,NA,NA,NA,NA,NA,NA,NA,NA,NA,NA,NA,NA,NA,NA,NA,NA,NA,NA,NA,NA,NA,NA,NA,NA,NA,NA,NA,NA,NA,NA,NA,NA,NA,NA,NA,NA,NA,NA,NA,NA,NA,NA,NA,NA,NA,NA,NA,NA,NA,NA,385,389,498,478,637,589,671,755,800,966,892,1038,725,1099,NA,NA,NA,NA,NA,NA,NA,
308,P308,HELCOM,2018,Population trends and abundance of seals,HELCOM Indicators,Tech Memo,LPI,Harbor seal,P. v. vitulina,P. v. vitulina,Phocidae,ISSN 2343-2543,,https://helcom.fi/wp-content/uploads/2019/08/Population-trends-and-abundance-of-seals-HELCOM-core-indicator-2018.pdf,Southern Baltic Sea,Southern Baltic Sea,0,1,55.473272,16.363258,yes,yes,Number of individuals,All Individuals,1,Aerial,NA,NA,NA,NA,NA,NA,NA,NA,NA,NA,NA,NA,NA,NA,NA,NA,NA,NA,NA,NA,NA,NA,NA,NA,NA,NA,NA,NA,NA,NA,NA,NA,NA,NA,NA,NA,NA,NA,NA,NA,NA,NA,NA,NA,NA,NA,NA,NA,NA,NA,NA,NA,NA,NA,NA,NA,NA,NA,NA,NA,NA,NA,NA,NA,NA,NA,NA,NA,NA,NA,NA,NA,NA,NA,NA,NA,NA,NA,NA,NA,NA,NA,NA,NA,NA,NA,NA,NA,NA,NA,NA,NA,NA,NA,NA,NA,NA,NA,NA,NA,NA,NA,NA,400,490,559,446,509,734,583,712,780,732,890,842,913,967,NA,NA,NA,NA,NA,NA,NA,
322,P322,Lonergan et al,2007,Using sparse survey data to investigate the declining abundance of British harbour seals,Zoological Society of London: Animal Conservation,Journal Article,LPI,Harbor seal,P. v. vitulina,P. v. vitulina,Phocidae,DOI:10.1111/j.1469-7998.2007.00311.x,,https://www.researchgate.net/publication/229640422_Using_sparse_survey_data_to_investigate_the_declining_abundance_of_British_harbour_seals,"The Wash, Blakeney Point and Donna Nook, East England","The Wash, Blakeney Point and Donna Nook, East England",0,1,52.91944,0.0675,no,yes,Individuals,All Individuals,1,Aerial,NA,NA,NA,NA,NA,NA,NA,NA,NA,NA,NA,NA,NA,NA,NA,NA,NA,NA,NA,NA,NA,NA,NA,NA,NA,NA,NA,NA,NA,NA,NA,NA,NA,NA,NA,NA,NA,NA,NA,NA,NA,NA,NA,NA,NA,NA,NA,NA,NA,NA,NA,NA,NA,NA,NA,NA,NA,NA,NA,NA,NA,NA,NA,NA,NA,NA,NA,NA,NA,NA,NA,NA,NA,NA,NA,NA,NA,NA,NA,NA,NA,NA,NA,NA,NA,NA,NA,NA,3900,2009,1661,NA,1963,2114,2501,2578,2685,3021,3213,3354,3858,4199,4009,3127,3086,3076,2713,NA,NA,NA,NA,NA,NA,NA,NA,NA,NA,NA,NA,NA,NA,NA,NA,NA,
323,P323,Lonergan et al,2007,Using sparse survey data to investigate the declining abundance of British harbour seals,Zoological Society of London: Animal Conservation,Journal Article,LPI,Harbor seal,P. v. vitulina,P. v. vitulina,Phocidae,DOI:10.1111/j.1469-7998.2007.00311.x,,https://www.researchgate.net/publication/229640422_Using_sparse_survey_data_to_investigate_the_declining_abundance_of_British_harbour_seals,"Arisaig and Loch Nevis, West Scotland","Arisaig and Loch Nevis, West Scotland",0,1,56.84861,-5.77694,no,yes,Individuals,All Individuals,1,Aerial,NA,NA,NA,NA,NA,NA,NA,NA,NA,NA,NA,NA,NA,NA,NA,NA,NA,NA,NA,NA,NA,NA,NA,NA,NA,NA,NA,NA,NA,NA,NA,NA,NA,NA,NA,NA,NA,NA,NA,NA,NA,NA,NA,NA,NA,NA,NA,NA,NA,NA,NA,NA,NA,NA,NA,NA,NA,NA,NA,NA,NA,NA,NA,NA,NA,NA,NA,NA,NA,NA,NA,NA,NA,NA,NA,NA,NA,NA,NA,NA,NA,NA,NA,NA,NA,NA,NA,NA,486,567,NA,NA,NA,NA,NA,NA,288,NA,NA,NA,623,NA,NA,NA,NA,729,NA,NA,NA,NA,NA,NA,NA,NA,NA,NA,NA,NA,NA,NA,NA,NA,NA,NA,
324,P324,Lonergan et al,2007,Using sparse survey data to investigate the declining abundance of British harbour seals,Zoological Society of London: Animal Conservation,Journal Article,LPI,Harbor seal,P. v. vitulina,P. v. vitulina,Phocidae,DOI:10.1111/j.1469-7998.2007.00311.x,,https://www.researchgate.net/publication/229640422_Using_sparse_survey_data_to_investigate_the_declining_abundance_of_British_harbour_seals,"Firth of Tay, Eastern Scotland, UK","Firth of Tay, Eastern Scotland, UK",0,1,56.41528,-3.0175,no,yes,Individuals,All Individuals,1,Aerial,NA,NA,NA,NA,NA,NA,NA,NA,NA,NA,NA,NA,NA,NA,NA,NA,NA,NA,NA,NA,NA,NA,NA,NA,NA,NA,NA,NA,NA,NA,NA,NA,NA,NA,NA,NA,NA,NA,NA,NA,NA,NA,NA,NA,NA,NA,NA,NA,NA,NA,NA,NA,NA,NA,NA,NA,NA,NA,NA,NA,NA,NA,NA,NA,NA,NA,NA,NA,NA,NA,NA,NA,NA,NA,NA,NA,NA,NA,NA,NA,NA,NA,NA,NA,NA,NA,NA,NA,NA,NA,467,670,773,NA,575,NA,NA,633,NA,NA,700,NA,668,461,459,335,342,273,221,112,124,NA,NA,NA,NA,NA,NA,NA,NA,NA,NA,NA,NA,NA,
325,P325,Lonergan et al,2007,Using sparse survey data to investigate the declining abundance of British harbour seals,Zoological Society of London: Animal Conservation,Journal Article,LPI,Harbor seal,P. v. vitulina,P. v. vitulina,Phocidae,DOI:10.1111/j.1469-7998.2007.00311.x,,https://www.researchgate.net/publication/229640422_Using_sparse_survey_data_to_investigate_the_declining_abundance_of_British_harbour_seals,"Lismore, west coast of Scotland","Lismore, west coast of Scotland",0,1,56.47278,-5.5725,no,yes,Individuals,All Individuals,1,Aerial,NA,NA,NA,NA,NA,NA,NA,NA,NA,NA,NA,NA,NA,NA,NA,NA,NA,NA,NA,NA,NA,NA,NA,NA,NA,NA,NA,NA,NA,NA,NA,NA,NA,NA,NA,NA,NA,NA,NA,NA,NA,NA,NA,NA,NA,NA,NA,NA,NA,NA,NA,NA,NA,NA,NA,NA,NA,NA,NA,NA,NA,NA,NA,NA,NA,NA,NA,NA,NA,NA,NA,NA,NA,NA,NA,NA,NA,NA,NA,NA,NA,NA,NA,NA,NA,NA,NA,NA,NA,401,458,405,340,597,NA,NA,330,NA,NA,NA,457,NA,NA,NA,NA,293,NA,NA,NA,NA,NA,NA,NA,NA,NA,NA,NA,NA,NA,NA,NA,NA,NA,NA,
284,P284,NOAA,2005,HARBOR SEAL (Phoca vitulina richardsi): California Stock,Southwest Fisheries Science Center,Tech memo,LPI,Harbor seal,P. v. richardii ,P. v. richardii ,Phocidae,,,https://media.fisheries.noaa.gov/dam-migration/po2005sehr-ca_508.pdf,California,,0,1,37.25028,-119.75028,yes,no,Number of individuals,,,Direct observation counts,NA,NA,NA,NA,NA,NA,NA,NA,NA,NA,NA,NA,NA,NA,NA,NA,NA,NA,NA,NA,NA,NA,NA,NA,NA,NA,NA,NA,NA,NA,NA,NA,NA,NA,NA,NA,NA,NA,NA,NA,NA,NA,NA,NA,NA,NA,NA,NA,NA,NA,NA,NA,NA,NA,NA,NA,NA,NA,NA,NA,NA,NA,NA,NA,NA,NA,NA,NA,NA,NA,1875,NA,NA,NA,NA,4950,NA,NA,NA,6250,NA,NA,16930,14000,13750,15000,15625,19000,17780,20000,18750,23000,23000,17780,21250,23160,NA,NA,NA,NA,NA,NA,NA,21250,NA,26500,NA,NA,NA,NA,NA,NA,NA,NA,NA,NA,NA,NA,NA,NA,NA,NA,NA,NA,
285,P285,NOAA,2000,HARBOR SEAL (Phoca vitulina richardsi): Oregon/Washington Coast Stock,Northwest Fisheries Science Center,Tech memo,LPI,Harbor seal,P. v. richardii ,P. v. richardii ,Phocidae,NA,,https://media.fisheries.noaa.gov/dam-migration/po2000sehr-owco-_508.pdf,Oregon,,0,1,44.21631302,-124.4385398,yes,no,Number of individuals,,,Aerial survey,NA,NA,NA,NA,NA,NA,NA,NA,NA,NA,NA,NA,NA,NA,NA,NA,NA,NA,NA,NA,NA,NA,NA,NA,NA,NA,NA,NA,NA,NA,NA,NA,NA,NA,NA,NA,NA,NA,NA,NA,NA,NA,NA,NA,NA,NA,NA,NA,NA,NA,NA,NA,NA,NA,NA,NA,NA,NA,NA,NA,NA,NA,NA,NA,NA,NA,NA,NA,NA,NA,NA,NA,NA,NA,NA,NA,NA,NA,NA,NA,NA,NA,NA,NA,NA,NA,NA,NA,NA,NA,NA,NA,NA,NA,NA,NA,6421,5247,NA,5735,NA,NA,NA,NA,NA,NA,NA,NA,NA,NA,NA,NA,NA,NA,NA,NA,NA,NA,NA,NA,NA,NA,NA,NA,
286,P286,NOAA,2000,HARBOR SEAL (Phoca vitulina richardsi): Oregon/Washington Coast Stock,Northwest Fisheries Science Center,Tech memo,LPI,Harbor seal,P. v. richardii ,P. v. richardii ,Phocidae,NA,,https://media.fisheries.noaa.gov/dam-migration/po1998sehr-owco-_508.pdf       https://media.fisheries.noaa.gov/dam-migration/po2000sehr-owco-_508.pdf,Oregon/Washington Coast stock,,0,1,46.25806,-124.08806,yes,no,Number of individuals,,,Aerial Surves,NA,NA,NA,NA,NA,NA,NA,NA,NA,NA,NA,NA,NA,NA,NA,NA,NA,NA,NA,NA,NA,NA,NA,NA,NA,NA,NA,NA,NA,NA,NA,NA,NA,NA,NA,NA,NA,NA,NA,NA,NA,NA,NA,NA,NA,NA,NA,NA,NA,NA,NA,NA,NA,NA,NA,NA,NA,NA,NA,NA,NA,NA,NA,NA,NA,NA,NA,NA,NA,NA,NA,NA,NA,NA,NA,NA,NA,6389,NA,NA,NA,NA,NA,NA,NA,NA,NA,NA,NA,NA,NA,NA,18667,NA,NA,NA,NA,17711,NA,NA,NA,NA,NA,NA,NA,NA,NA,NA,NA,NA,NA,NA,NA,NA,NA,NA,NA,NA,NA,NA,NA,NA,NA,NA,
287,P287,NOAA,2000,HARBOR SEAL (Phoca vitulina richardsi): Oregon/Washington Coast Stock,Northwest Fisheries Science Center,Tech memo,LPI,Harbor seal,P. v. richardii ,P. v. richardii ,Phocidae,NA,,https://media.fisheries.noaa.gov/dam-migration/po1998sehr-owco-_508.pdf       https://media.fisheries.noaa.gov/dam-migration/po2000sehr-owco-_508.pdf,"Otter Island, Bering Sea, Alaska",,0,1,57.04583,-170.4,yes,no,Number of individuals,,,Aerial counts,NA,NA,NA,NA,NA,NA,NA,NA,NA,NA,NA,NA,NA,NA,NA,NA,NA,NA,NA,NA,NA,NA,NA,NA,NA,NA,NA,NA,NA,NA,NA,NA,NA,NA,NA,NA,NA,NA,NA,NA,NA,NA,NA,NA,NA,NA,NA,NA,NA,NA,NA,NA,NA,NA,NA,NA,NA,NA,NA,NA,NA,NA,NA,NA,NA,NA,NA,NA,NA,NA,NA,NA,NA,NA,1175,NA,NA,NA,NA,NA,NA,NA,NA,NA,NA,NA,NA,NA,NA,NA,NA,NA,NA,NA,NA,202,NA,NA,NA,NA,NA,NA,NA,NA,NA,NA,NA,NA,NA,NA,NA,NA,NA,NA,NA,NA,NA,NA,NA,NA,NA,NA,NA,NA,
326,P326,Lonergan et al,2007,Using sparse survey data to investigate the declining abundance of British harbour seals,Zoological Society of London: Animal Conservation,Journal Article,LPI,Harbor seal,P. v. vitulina,P. v. vitulina,Phocidae,DOI:10.1111/j.1469-7998.2007.00311.x,,https://www.researchgate.net/publication/229640422_Using_sparse_survey_data_to_investigate_the_declining_abundance_of_British_harbour_seals,"Moray Firth, Scotland","Moray Firth, Scotland",0,1,57.61056,-3.81611,no,yes,Individuals,All Individuals,1,Aerial,NA,NA,NA,NA,NA,NA,NA,NA,NA,NA,NA,NA,NA,NA,NA,NA,NA,NA,NA,NA,NA,NA,NA,NA,NA,NA,NA,NA,NA,NA,NA,NA,NA,NA,NA,NA,NA,NA,NA,NA,NA,NA,NA,NA,NA,NA,NA,NA,NA,NA,NA,NA,NA,NA,NA,NA,NA,NA,NA,NA,NA,NA,NA,NA,NA,NA,NA,NA,NA,NA,NA,NA,NA,NA,NA,NA,NA,NA,NA,NA,NA,NA,NA,NA,NA,NA,NA,NA,NA,NA,NA,NA,NA,NA,1227,NA,NA,1428,NA,NA,NA,NA,832,NA,NA,1647,1057,760,779,777,1200,NA,NA,NA,NA,NA,NA,NA,NA,NA,NA,NA,NA,NA,
289,P289,Hauksson et al,2010,Historical trend in harbour seal ( Phoca vitulina ) abundance in Iceland back to the year 1912,NAMMCO Scientific publications,Journal Article,LPI,Harbor seal,P. v. vitulina,P. v. vitulina,Phocidae,DOI:10.7557/3.2682,,https://www.researchgate.net/publication/272994174_Historical_trend_in_harbour_seal_Phoca_vitulina_abundance_in_Iceland_back_to_the_year_1912,Icelandic waters,,0,1,63.717958,-17.12354,yes,no,Estimated number of individuals,,,Aerial surveys,NA,NA,NA,NA,NA,NA,NA,NA,NA,NA,NA,NA,NA,NA,NA,NA,NA,NA,NA,NA,NA,NA,NA,NA,NA,NA,NA,NA,NA,NA,NA,NA,NA,NA,NA,NA,NA,NA,NA,NA,NA,NA,NA,NA,NA,NA,NA,NA,NA,NA,NA,NA,NA,NA,NA,NA,NA,NA,NA,NA,NA,NA,NA,NA,NA,NA,NA,NA,NA,NA,NA,NA,NA,NA,NA,NA,NA,NA,NA,NA,33327,NA,NA,NA,NA,27871,NA,NA,NA,15298,17026,NA,15731,NA,NA,13578,NA,NA,13887,NA,NA,NA,NA,9972,NA,NA,12122,NA,NA,NA,NA,NA,NA,NA,NA,NA,NA,NA,NA,NA,NA,NA,NA,NA,
290,P290,NOAA,1997,IMPACTS OF CALIFORNIA SEA LIONS AND PACIFIC HARBOR SEALS ON SALMONIDS AND WEST COAST ECOSYSTEMS,National Marine Fisheries Service,Tech memo,LPI,Harbor seal,P. v. richardii ,P. v. richardii ,Phocidae,NMFS-NWFSC-28.,,https://media.fisheries.noaa.gov/dam-migration/pinniped-rpt.pdf,Washington,,0,1,47.64847109,-124.5929311,yes,no,Number of individuals,,,Counts,NA,NA,NA,NA,NA,NA,NA,NA,NA,NA,NA,NA,NA,NA,NA,NA,NA,NA,NA,NA,NA,NA,NA,NA,NA,NA,NA,NA,NA,NA,NA,NA,NA,NA,NA,NA,NA,NA,NA,NA,NA,NA,NA,NA,NA,NA,NA,NA,NA,NA,NA,NA,NA,NA,NA,NA,NA,NA,NA,NA,NA,NA,NA,NA,NA,NA,NA,NA,NA,NA,NA,NA,NA,NA,NA,NA,NA,NA,7000,NA,NA,NA,NA,13000,14000,NA,NA,NA,17250,17300,NA,21150,21000,22250,NA,NA,NA,NA,NA,NA,NA,NA,NA,NA,NA,NA,NA,NA,NA,NA,NA,NA,NA,NA,NA,NA,NA,NA,NA,NA,NA,NA,NA,NA,
327,P327,Lonergan et al,2007,Using sparse survey data to investigate the declining abundance of British harbour seals,Zoological Society of London: Animal Conservation,Journal Article,LPI,Harbor seal,P. v. vitulina,P. v. vitulina,Phocidae,DOI:10.1111/j.1469-7998.2007.00311.x,,https://www.researchgate.net/publication/229640422_Using_sparse_survey_data_to_investigate_the_declining_abundance_of_British_harbour_seals,"Mull, West Scotland","Mull, West Scotland",0,1,56.38028,-6.02667,no,yes,Individuals,All Individuals,1,Aerial,NA,NA,NA,NA,NA,NA,NA,NA,NA,NA,NA,NA,NA,NA,NA,NA,NA,NA,NA,NA,NA,NA,NA,NA,NA,NA,NA,NA,NA,NA,NA,NA,NA,NA,NA,NA,NA,NA,NA,NA,NA,NA,NA,NA,NA,NA,NA,NA,NA,NA,NA,NA,NA,NA,NA,NA,NA,NA,NA,NA,NA,NA,NA,NA,NA,NA,NA,NA,NA,NA,NA,NA,NA,NA,NA,NA,NA,NA,NA,NA,NA,NA,NA,NA,NA,NA,NA,NA,607,940,1008,883,825,950,NA,NA,1059,NA,NA,NA,1616,NA,NA,NA,NA,NA,NA,NA,NA,NA,NA,NA,NA,NA,NA,NA,NA,NA,NA,NA,NA,NA,NA,NA,
328,P328,Lonergan et al,2007,Using sparse survey data to investigate the declining abundance of British harbour seals,Zoological Society of London: Animal Conservation,Journal Article,LPI,Harbor seal,P. v. vitulina,P. v. vitulina,Phocidae,DOI:10.1111/j.1469-7998.2007.00311.x,,https://www.researchgate.net/publication/229640422_Using_sparse_survey_data_to_investigate_the_declining_abundance_of_British_harbour_seals,"Orkney Island, North Scotland","Orkney Island, North Scotland",0,1,58.99722,-3.00028,no,yes,Individuals,All Individuals,1,Aerial,NA,NA,NA,NA,NA,NA,NA,NA,NA,NA,NA,NA,NA,NA,NA,NA,NA,NA,NA,NA,NA,NA,NA,NA,NA,NA,NA,NA,NA,NA,NA,NA,NA,NA,NA,NA,NA,NA,NA,NA,NA,NA,NA,NA,NA,NA,NA,NA,NA,NA,NA,NA,NA,NA,NA,NA,NA,NA,NA,NA,NA,NA,NA,NA,NA,NA,NA,NA,NA,NA,NA,NA,NA,NA,NA,NA,NA,NA,NA,NA,NA,NA,NA,NA,NA,NA,NA,NA,NA,7128,NA,NA,NA,7873,NA,NA,NA,8523,NA,NA,NA,7752,NA,NA,NA,NA,4256,3377,2842,2872,2708,NA,NA,NA,NA,NA,NA,NA,NA,NA,NA,NA,NA,NA,
293,P293,Jemison et al,2006,"Long-term trends in harbor seal numbers at Tugidak Island and Nanvak Bay, Alaska",Marine Mammal Science,Journal Article,LPI,Harbor seal,P. v. richardii ,P. v. richardii ,Phocidae,DOI:10.1111/j.1748-7692.2006.00021.x,,https://www.researchgate.net/publication/227602151_Long-term_trends_in_harbor_seal_numbers_at_Tugidak_Island_and_Nanvak_Bay_Alaska,"Nanvak Island, Alaska",,0,1,58.58333,-161.75,yes,no,number of seals,,,land-based counts,NA,NA,NA,NA,NA,NA,NA,NA,NA,NA,NA,NA,NA,NA,NA,NA,NA,NA,NA,NA,NA,NA,NA,NA,NA,NA,NA,NA,NA,NA,NA,NA,NA,NA,NA,NA,NA,NA,NA,NA,NA,NA,NA,NA,NA,NA,NA,NA,NA,NA,NA,NA,NA,NA,NA,NA,NA,NA,NA,NA,NA,NA,NA,NA,NA,NA,NA,NA,NA,NA,NA,NA,NA,NA,NA,NA,NA,NA,NA,NA,NA,NA,NA,NA,NA,NA,NA,NA,NA,NA,100,100,125,90,175,115,130,130,125,210,NA,NA,NA,NA,NA,NA,NA,NA,NA,NA,NA,NA,NA,NA,NA,NA,NA,NA,NA,NA,NA,NA,NA,NA,
294,P294,Jemison et al,2006,"Long-term trends in harbor seal numbers at Tugidak Island and Nanvak Bay, Alaska",Marine Mammal Science,Journal Article,LPI,Harbor seal,P. v. richardii ,P. v. richardii ,Phocidae,DOI:10.1111/j.1748-7692.2006.00021.x,,https://www.researchgate.net/publication/227602151_Long-term_trends_in_harbor_seal_numbers_at_Tugidak_Island_and_Nanvak_Bay_Alaska,"Tugidak Island, Alaska",,0,1,56.50667,-157.62833,yes,no,number of seals,,,land-based counts,NA,NA,NA,NA,NA,NA,NA,NA,NA,NA,NA,NA,NA,NA,NA,NA,NA,NA,NA,NA,NA,NA,NA,NA,NA,NA,NA,NA,NA,NA,NA,NA,NA,NA,NA,NA,NA,NA,NA,NA,NA,NA,NA,NA,NA,NA,NA,NA,NA,NA,NA,NA,NA,NA,NA,NA,NA,NA,NA,NA,NA,NA,NA,NA,NA,NA,NA,NA,NA,NA,NA,NA,NA,NA,NA,NA,NA,NA,NA,NA,NA,NA,NA,NA,NA,NA,NA,NA,NA,NA,NA,NA,NA,NA,500,680,780,700,950,900,1100,NA,NA,NA,NA,NA,NA,NA,NA,NA,NA,NA,NA,NA,NA,NA,NA,NA,NA,NA,NA,NA,NA,NA,
329,P329,Lonergan et al,2007,Using sparse survey data to investigate the declining abundance of British harbour seals,Zoological Society of London: Animal Conservation,Journal Article,LPI,Harbor seal,P. v. vitulina,P. v. vitulina,Phocidae,DOI:10.1111/j.1469-7998.2007.00311.x,,https://www.researchgate.net/publication/229640422_Using_sparse_survey_data_to_investigate_the_declining_abundance_of_British_harbour_seals,"Outer Hebrides, West Scotland","Outer Hebrides, West Scotland",0,1,57.74611,-7.15778,no,yes,Individuals,All Individuals,1,Aerial,NA,NA,NA,NA,NA,NA,NA,NA,NA,NA,NA,NA,NA,NA,NA,NA,NA,NA,NA,NA,NA,NA,NA,NA,NA,NA,NA,NA,NA,NA,NA,NA,NA,NA,NA,NA,NA,NA,NA,NA,NA,NA,NA,NA,NA,NA,NA,NA,NA,NA,NA,NA,NA,NA,NA,NA,NA,NA,NA,NA,NA,NA,NA,NA,NA,NA,NA,NA,NA,NA,NA,NA,NA,NA,NA,NA,NA,NA,NA,NA,NA,NA,NA,NA,NA,NA,NA,NA,NA,NA,NA,NA,2329,NA,NA,NA,2820,NA,NA,NA,2413,NA,NA,2098,NA,NA,NA,NA,1726,NA,NA,NA,NA,NA,NA,NA,NA,NA,NA,NA,NA,NA,NA,NA,
330,P330,Lonergan et al,2007,Using sparse survey data to investigate the declining abundance of British harbour seals,Zoological Society of London: Animal Conservation,Journal Article,LPI,Harbor seal,P. v. vitulina,P. v. vitulina,Phocidae,DOI:10.1111/j.1469-7998.2007.00311.x,,https://www.researchgate.net/publication/229640422_Using_sparse_survey_data_to_investigate_the_declining_abundance_of_British_harbour_seals,"Shetland Islands, North Scotland","Shetland Islands, North Scotland",0,1,60.47833,-1.23111,no,yes,Individuals,All Individuals,1,Aerial,NA,NA,NA,NA,NA,NA,NA,NA,NA,NA,NA,NA,NA,NA,NA,NA,NA,NA,NA,NA,NA,NA,NA,NA,NA,NA,NA,NA,NA,NA,NA,NA,NA,NA,NA,NA,NA,NA,NA,NA,NA,NA,NA,NA,NA,NA,NA,NA,NA,NA,NA,NA,NA,NA,NA,NA,NA,NA,NA,NA,NA,NA,NA,NA,NA,NA,NA,NA,NA,NA,NA,NA,NA,NA,NA,NA,NA,NA,NA,NA,NA,NA,NA,NA,NA,NA,NA,NA,NA,NA,NA,4797,NA,6224,NA,NA,NA,5991,NA,NA,NA,4883,NA,NA,NA,NA,3021,NA,NA,2976,NA,NA,NA,NA,NA,NA,NA,NA,NA,NA,NA,NA,NA,NA,
331,P331,Lonergan et al,2007,Using sparse survey data to investigate the declining abundance of British harbour seals,Zoological Society of London: Animal Conservation,Journal Article,LPI,Harbor seal,P. v. vitulina,P. v. vitulina,Phocidae,DOI:10.1111/j.1469-7998.2007.00311.x,,https://www.researchgate.net/publication/229640422_Using_sparse_survey_data_to_investigate_the_declining_abundance_of_British_harbour_seals,"Skye, West Scotland","Skye, West Scotland",0,1,57.51639,-6.43583,no,yes,Individuals,All Individuals,1,Aerial,NA,NA,NA,NA,NA,NA,NA,NA,NA,NA,NA,NA,NA,NA,NA,NA,NA,NA,NA,NA,NA,NA,NA,NA,NA,NA,NA,NA,NA,NA,NA,NA,NA,NA,NA,NA,NA,NA,NA,NA,NA,NA,NA,NA,NA,NA,NA,NA,NA,NA,NA,NA,NA,NA,NA,NA,NA,NA,NA,NA,NA,NA,NA,NA,NA,NA,NA,NA,NA,NA,NA,NA,NA,NA,NA,NA,NA,NA,NA,NA,NA,NA,NA,NA,NA,NA,NA,NA,1233,1269,NA,NA,1296,NA,NA,NA,1728,NA,NA,NA,2220,NA,NA,NA,NA,1899,NA,NA,NA,NA,NA,NA,NA,NA,NA,NA,NA,NA,NA,NA,NA,NA,NA,NA,
317,P317,Lyons,2004,"Summary of National Parks & Wildlife Service surveys for common (harbour) seals (Phoca vitulina) and grey seals (Halichoerus grypus), 1978 to 2005",National Parks & Wildlife Service,Tech memo,LPI,Harbor seal,P. v. vitulina,P. v. vitulina,Phocidae,ISSN 1393 - 6670,,https://www.npws.ie/sites/default/files/publications/pdf/IWM13.pdf,Galway Bay,Galway Bay,0,1,53.243988,-9.036776,no,yes,Number of individuals,All Individuals,1,Combination,NA,NA,NA,NA,NA,NA,NA,NA,NA,NA,NA,NA,NA,NA,NA,NA,NA,NA,NA,NA,NA,NA,NA,NA,NA,NA,NA,NA,NA,NA,NA,NA,NA,NA,NA,NA,NA,NA,NA,NA,NA,NA,NA,NA,NA,NA,NA,NA,NA,NA,NA,NA,NA,NA,NA,NA,NA,NA,NA,NA,NA,NA,NA,NA,NA,NA,NA,NA,NA,NA,NA,NA,NA,NA,NA,NA,NA,NA,103,142,NA,NA,93,NA,NA,NA,NA,NA,76,165,92,289,NA,NA,NA,NA,NA,NA,NA,NA,NA,NA,NA,217,NA,NA,NA,NA,NA,NA,NA,NA,NA,NA,NA,NA,NA,NA,NA,NA,NA,NA,NA,NA,
318,P318,Lyons,2004,"Summary of National Parks & Wildlife Service surveys for common (harbour) seals (Phoca vitulina) and grey seals (Halichoerus grypus), 1978 to 2006",National Parks & Wildlife Service,Tech memo,LPI,Harbor seal,P. v. vitulina,P. v. vitulina,Phocidae,ISSN 1393 - 6670,,https://www.npws.ie/sites/default/files/publications/pdf/IWM13.pdf,"Bantry Bay, County Cork","Bantry Bay, County Cork",0,1,51.683339,-9.564148,no,yes,Annual peak count,All Individuals,1,Combination,NA,NA,NA,NA,NA,NA,NA,NA,NA,NA,NA,NA,NA,NA,NA,NA,NA,NA,NA,NA,NA,NA,NA,NA,NA,NA,NA,NA,NA,NA,NA,NA,NA,NA,NA,NA,NA,NA,NA,NA,NA,NA,NA,NA,NA,NA,NA,NA,NA,NA,NA,NA,NA,NA,NA,NA,NA,NA,NA,NA,NA,NA,NA,NA,NA,NA,NA,NA,NA,NA,NA,NA,NA,NA,NA,NA,NA,NA,29,43,NA,NA,NA,NA,NA,117,NA,NA,NA,148,NA,149,159,193,146,NA,NA,NA,NA,NA,235,244,303,403,NA,NA,NA,NA,NA,NA,NA,NA,NA,NA,NA,NA,NA,NA,NA,NA,NA,NA,NA,NA,
300,P300,Frost et al,1999,"Monitoring the Trend of Harbor Seals in Prince William Sound, Alaska, after the Exxon Valdez Oil Spill",Marine Mammal Science,Journal Article,LPI,Harbor seal,P. v. richardii ,P. v. richardii ,Phocidae,DOI:10.1111/j.1748-7692.1999.tb00815.x,,https://onlinelibrary.wiley.com/doi/10.1111/j.1748-7692.1999.tb00815.x,"25 sites around eastern and central Prince William Sound, Alaska",,0,1,60.57667,-146.99111,yes,no,Adjusted Count of Individuals,,,Aerial Survey,NA,NA,NA,NA,NA,NA,NA,NA,NA,NA,NA,NA,NA,NA,NA,NA,NA,NA,NA,NA,NA,NA,NA,NA,NA,NA,NA,NA,NA,NA,NA,NA,NA,NA,NA,NA,NA,NA,NA,NA,NA,NA,NA,NA,NA,NA,NA,NA,NA,NA,NA,NA,NA,NA,NA,NA,NA,NA,NA,NA,NA,NA,NA,NA,NA,NA,NA,NA,NA,NA,NA,NA,NA,NA,NA,NA,NA,NA,NA,NA,NA,NA,NA,NA,NA,NA,NA,NA,NA,NA,1299,1215,1150,1140,996,1131,966,935,NA,NA,NA,NA,NA,NA,NA,NA,NA,NA,NA,NA,NA,NA,NA,NA,NA,NA,NA,NA,NA,NA,NA,NA,NA,NA,
301,P301,Hauksson,2010,Monitoring trends in the abundance of harbour seals (Phoca vitulina) in Icelandic waters,NAMMCO,Tech memo,UW,Harbor seal,P. v. vitulina,P. v. vitulina,Phocidae,NAMMCO Sci. Publ. 8:227-244,,https://septentrio.uit.no/index.php/NAMMCOSP/article/view/2687/2539,Iceland coast,,0,1,64.59707243,-22.93342442,yes,no,All Individuals,,,Aerial surveys,NA,NA,NA,NA,NA,NA,NA,NA,NA,NA,NA,NA,NA,NA,NA,NA,NA,NA,NA,NA,NA,NA,NA,NA,NA,NA,NA,NA,NA,NA,NA,NA,NA,NA,NA,NA,NA,NA,NA,NA,NA,NA,NA,NA,NA,NA,NA,NA,NA,NA,NA,NA,NA,NA,NA,NA,NA,NA,NA,NA,NA,NA,NA,NA,NA,NA,NA,NA,NA,NA,NA,NA,NA,NA,NA,NA,NA,NA,NA,NA,14807,NA,NA,NA,NA,12846,NA,NA,NA,7192,7653,7076,NA,NA,NA,6269,NA,NA,6381,NA,NA,NA,NA,4538,NA,NA,5461,NA,NA,NA,NA,NA,NA,NA,NA,NA,NA,NA,NA,NA,NA,NA,NA,NA,
319,P319,Lyons,2004,"Summary of National Parks & Wildlife Service surveys for common (harbour) seals (Phoca vitulina) and grey seals (Halichoerus grypus), 1978 to 2007",National Parks & Wildlife Service,Tech memo,LPI,Harbor seal,P. v. vitulina,P. v. vitulina,Phocidae,ISSN 1393 - 6670,,https://www.npws.ie/sites/default/files/publications/pdf/IWM13.pdf,"Kenmare River, County Derry","Kenmare River, County Derry",0,1,51.882888,-9.556795,no,yes,Population estimate,All Individuals,1,Combination,NA,NA,NA,NA,NA,NA,NA,NA,NA,NA,NA,NA,NA,NA,NA,NA,NA,NA,NA,NA,NA,NA,NA,NA,NA,NA,NA,NA,NA,NA,NA,NA,NA,NA,NA,NA,NA,NA,NA,NA,NA,NA,NA,NA,NA,NA,NA,NA,NA,NA,NA,NA,NA,NA,NA,NA,NA,NA,NA,NA,NA,NA,NA,NA,NA,NA,NA,NA,NA,NA,NA,NA,NA,NA,NA,NA,NA,NA,NA,NA,NA,NA,NA,NA,NA,NA,NA,NA,NA,NA,49,63,NA,NA,NA,NA,NA,NA,NA,NA,139,179,199,174,NA,NA,NA,NA,NA,NA,NA,NA,NA,NA,NA,NA,NA,NA,NA,NA,NA,NA,NA,NA,
303,P303,Reijnders et al,1997,Population development of harbour seals Phoca vitulina in the Wadden Sea after the 1988 virus epizootic,Journal of Sea Research,Journal Article,LPI,Harbor seal,P. v. vitulina,P. v. vitulina,Phocidae,https://doi.org/10.1016/S1385-1101(97)00031-2,,https://www.sciencedirect.com/science/article/abs/pii/S1385110197000312?via%3Dihub,"Niedersachsen coast, Germany",,0,1,53.82333,8.12333,yes,no,Annual maximum number of individuals,,,Direct count of hauled out individuals,NA,NA,NA,NA,NA,NA,NA,NA,NA,NA,NA,NA,NA,NA,NA,NA,NA,NA,NA,NA,NA,NA,NA,NA,NA,NA,NA,NA,NA,NA,NA,NA,NA,NA,NA,NA,NA,NA,NA,NA,NA,NA,NA,NA,NA,NA,NA,NA,NA,NA,NA,NA,NA,NA,NA,NA,NA,NA,NA,NA,NA,NA,NA,NA,NA,NA,NA,NA,NA,NA,NA,NA,NA,NA,NA,NA,NA,NA,NA,NA,NA,NA,NA,NA,NA,NA,NA,NA,NA,1446,1694,1979,2256,2212,3117,NA,NA,NA,NA,NA,NA,NA,NA,NA,NA,NA,NA,NA,NA,NA,NA,NA,NA,NA,NA,NA,NA,NA,NA,NA,NA,NA,NA,NA,
320,P320,Lyons,2004,"Summary of National Parks & Wildlife Service surveys for common (harbour) seals (Phoca vitulina) and grey seals (Halichoerus grypus), 1978 to 2008",National Parks & Wildlife Service,Tech memo,LPI,Harbor seal,P. v. vitulina,P. v. vitulina,Phocidae,ISSN 1393 - 6670,,https://www.npws.ie/sites/default/files/publications/pdf/IWM13.pdf,"Sligo Bay, including Ballysadare and Drumcliff Bays, County Sligo","Sligo Bay, including Ballysadare and Drumcliff Bays, County Sligo",0,1,54.307529,-8.609956,no,yes,Population estimate,All Individuals,1,Combination,NA,NA,NA,NA,NA,NA,NA,NA,NA,NA,NA,NA,NA,NA,NA,NA,NA,NA,NA,NA,NA,NA,NA,NA,NA,NA,NA,NA,NA,NA,NA,NA,NA,NA,NA,NA,NA,NA,NA,NA,NA,NA,NA,NA,NA,NA,NA,NA,NA,NA,NA,NA,NA,NA,NA,NA,NA,NA,NA,NA,NA,NA,NA,NA,NA,NA,NA,NA,NA,NA,NA,NA,NA,NA,NA,NA,NA,NA,114,198,NA,NA,NA,NA,NA,NA,NA,NA,NA,NA,261,NA,NA,171,180,200,200,NA,262,277,NA,277,NA,266,NA,NA,NA,NA,NA,NA,NA,NA,NA,NA,NA,NA,NA,NA,NA,NA,NA,NA,NA,NA,
305,P305,HELCOM,2018,Population trends and abundance of seals,HELCOM Indicators,Tech Memo,LPI,Harbor seal,P. v. vitulina,P. v. vitulina,Phocidae,ISSN 2343-2543,,https://helcom.fi/wp-content/uploads/2019/08/Population-trends-and-abundance-of-seals-HELCOM-core-indicator-2018.pdf,"Limfjord, Denmark",,0,1,56.869367,8.995204,yes,no,Number of individuals,,,Standardised counts,NA,NA,NA,NA,NA,NA,NA,NA,NA,NA,NA,NA,NA,NA,NA,NA,NA,NA,NA,NA,NA,NA,NA,NA,NA,NA,NA,NA,NA,NA,NA,NA,NA,NA,NA,NA,NA,NA,NA,NA,NA,NA,NA,NA,NA,NA,NA,NA,NA,NA,NA,NA,NA,NA,NA,NA,NA,NA,NA,NA,NA,NA,NA,NA,NA,NA,NA,NA,NA,NA,NA,NA,NA,NA,NA,NA,NA,NA,NA,NA,NA,NA,NA,NA,NA,NA,NA,NA,NA,NA,NA,NA,NA,NA,NA,NA,NA,NA,NA,NA,NA,NA,NA,803,963,779,870,770,1046,1171,867,NA,1538,1350,999,1344,930,NA,NA,NA,NA,NA,NA,NA,
288,P288,NOAA Fisheries,2021,HARBOR SEAL (Phoca vitulina vitulina): Western North Atlantic Stock,NOAA,Tech memo,UW,Harbor seal,P. v. vitulina,P. v. vitulina concolor,Phocidae,https://media.fisheries.noaa.gov/dam-migration/121_f2018_harborseal.pdf,,,Northeast US/Nova Scotia,Northeast US/Nova Scotia,0,1,43.28745688,-66.21478578,no,yes,All Individuals,All Individuals,1,Aerial,NA,NA,NA,NA,NA,NA,NA,NA,NA,NA,NA,NA,NA,NA,NA,NA,NA,NA,NA,NA,NA,NA,NA,NA,NA,NA,NA,NA,NA,NA,NA,NA,NA,NA,NA,NA,NA,NA,NA,NA,NA,NA,NA,NA,NA,NA,NA,NA,NA,NA,NA,NA,NA,NA,NA,NA,NA,NA,NA,NA,NA,NA,NA,NA,NA,NA,NA,NA,NA,NA,NA,NA,NA,NA,NA,NA,NA,NA,NA,NA,NA,NA,NA,NA,NA,NA,NA,NA,NA,NA,NA,NA,NA,NA,NA,NA,NA,NA,NA,NA,NA,NA,NA,NA,NA,NA,NA,NA,NA,NA,NA,NA,NA,NA,NA,NA,NA,NA,61336,NA,NA,NA,NA,NA,
307,P307,HELCOM,2018,Population trends and abundance of seals,HELCOM Indicators,Tech Memo,LPI,Harbor seal,P. v. vitulina,P. v. vitulina,Phocidae,ISSN 2343-2543,,https://helcom.fi/wp-content/uploads/2019/08/Population-trends-and-abundance-of-seals-HELCOM-core-indicator-2018.pdf,Kattegat,,0,1,56.842622,11.533228,yes,no,Number of individuals,,,Standardised counts,NA,NA,NA,NA,NA,NA,NA,NA,NA,NA,NA,NA,NA,NA,NA,NA,NA,NA,NA,NA,NA,NA,NA,NA,NA,NA,NA,NA,NA,NA,NA,NA,NA,NA,NA,NA,NA,NA,NA,NA,NA,NA,NA,NA,NA,NA,NA,NA,NA,NA,NA,NA,NA,NA,NA,NA,NA,NA,NA,NA,NA,NA,NA,NA,NA,NA,NA,NA,NA,NA,NA,NA,NA,NA,NA,NA,NA,NA,NA,NA,NA,NA,NA,NA,NA,NA,NA,NA,NA,NA,NA,NA,NA,NA,NA,NA,NA,NA,NA,NA,NA,NA,NA,4915,4430,5417,5435,5489,6260,6565,8143,7534,7928,9704,9022,9399,9381,NA,NA,NA,NA,NA,NA,NA,
311,P311,Normander et al,2009,State of biodiversity in the Nordic countries: An assessment of progress towards achieving the target of halting biodiversity loss by 2011,Norden,Tech memo,LPI,Harbor seal,P. v. vitulina,P. v. vitulina,Phocidae,ISBN 978-92-893-1825-9,,http://www.diva-portal.org/smash/get/diva2:702337/FULLTEXT01.pdf,Northern Sweden,Northern Sweden,0,1,63.30278,19.90361,yes,no,Number of Individuals,All Individuals,1,Unknown,NA,NA,NA,NA,NA,NA,NA,NA,NA,NA,NA,NA,NA,NA,NA,NA,NA,NA,NA,NA,NA,NA,NA,NA,NA,NA,NA,NA,NA,NA,NA,NA,NA,NA,NA,NA,NA,NA,NA,NA,NA,NA,NA,NA,NA,NA,NA,NA,NA,NA,NA,NA,NA,NA,NA,NA,NA,NA,NA,NA,NA,NA,NA,NA,NA,NA,NA,NA,NA,NA,NA,NA,NA,NA,NA,NA,NA,NA,NA,3015,3912,4027,4490,5011,5445,6486,7036,7556,8915,4550,4839,4174,5967,6025,7066,9090,10103,14960,14903,14903,14961,16031,17448,11405,13169,14904,14500,14037,NA,NA,NA,NA,NA,NA,NA,NA,NA,NA,NA,NA,NA,NA,NA,NA,
312,P312,Olsen et al,2013,Status of the harbour seal (Phoca vitulina) in Southern Scandinavia,NAMMCO Scientific publications,Journal Article,LPI,Harbor seal,P. v. vitulina,P. v. vitulina,Phocidae,DOI:10.7557/3.2674,,https://www.researchgate.net/publication/267334972_Status_of_the_harbour_seal_Phoca_vitulina_in_Southern_Scandinavia,Limfjord subpopulation,Limfjord subpopulation,0,1,56.875084,8.937781,yes,yes,Estimated number of individuals,All Individuals,1,Aerial,NA,NA,NA,NA,NA,NA,NA,NA,NA,NA,NA,NA,NA,NA,NA,NA,NA,NA,NA,NA,NA,NA,NA,NA,NA,NA,NA,NA,NA,NA,NA,NA,NA,NA,NA,NA,NA,NA,NA,NA,NA,NA,NA,NA,NA,NA,NA,NA,NA,NA,NA,NA,NA,NA,NA,NA,NA,NA,NA,NA,NA,NA,NA,NA,NA,NA,NA,NA,NA,NA,NA,NA,NA,NA,NA,NA,NA,NA,NA,NA,NA,NA,NA,NA,NA,NA,NA,NA,604,958,894,1196,1027,NA,1140,NA,1275,1677,1832,2533,1251,1499,2032,1407,1693,1369,NA,NA,NA,NA,NA,NA,NA,NA,NA,NA,NA,NA,NA,NA,NA,NA,NA,NA,
310,P310,Normander et al,2009,State of biodiversity in the Nordic countries: An assessment of progress towards achieving the target of halting biodiversity loss by 2010,Norden,Tech memo,LPI,Harbor seal,P. v. vitulina,P. v. vitulina,Phocidae,ISBN 978-92-893-1825-9,,http://www.diva-portal.org/smash/get/diva2:702337/FULLTEXT01.pdf,Denmark coastlines,,0,1,56.33333,10,yes,no,Number of Individuals,,,Unknown,NA,NA,NA,NA,NA,NA,NA,NA,NA,NA,NA,NA,NA,NA,NA,NA,NA,NA,NA,NA,NA,NA,NA,NA,NA,NA,NA,NA,NA,NA,NA,NA,NA,NA,NA,NA,NA,NA,NA,NA,NA,NA,NA,NA,NA,NA,NA,NA,NA,NA,NA,NA,NA,NA,NA,NA,NA,NA,NA,NA,NA,NA,NA,NA,NA,NA,NA,NA,NA,NA,NA,NA,NA,NA,NA,NA,2176,1916,2523,3304,4924,4808,4866,5994,6399,7122,7990,8597,5475,5663,5851,7152,6864,7326,7789,8888,10045,11202,12387,12359,11578,12359,10827,10220,9902,11753,NA,NA,NA,NA,NA,NA,NA,NA,NA,NA,NA,NA,NA,NA,NA,NA,NA,NA,
313,P313,Olsen et al,2013,Status of the harbour seal (Phoca vitulina) in Southern Scandinavia,NAMMCO Scientific publications,Journal Article,LPI,Harbor seal,P. v. vitulina,P. v. vitulina,Phocidae,DOI:10.7557/3.2674,,https://www.researchgate.net/publication/267334972_Status_of_the_harbour_seal_Phoca_vitulina_in_Southern_Scandinavia,"Skagerrak subpopulation (Kosteroarna, Vaderoarna, Lysekil, Marstrand)","Skagerrak subpopulation (Kosteroarna, Vaderoarna, Lysekil, Marstrand)",0,1,58.31451,11.288892,no,yes,Estimated number of individuals,All Individuals,1,Aerial,NA,NA,NA,NA,NA,NA,NA,NA,NA,NA,NA,NA,NA,NA,NA,NA,NA,NA,NA,NA,NA,NA,NA,NA,NA,NA,NA,NA,NA,NA,NA,NA,NA,NA,NA,NA,NA,NA,NA,NA,NA,NA,NA,NA,NA,NA,NA,NA,NA,NA,NA,NA,NA,NA,NA,NA,NA,NA,NA,NA,NA,NA,NA,NA,NA,NA,NA,NA,NA,NA,NA,NA,NA,NA,NA,NA,NA,NA,NA,996,1182,1244,1221,1863,1977,2344,2339,NA,1312,1854,1359,2070,1818,3351,3687,4444,4101,NA,5615,4743,NA,NA,NA,NA,NA,NA,NA,NA,NA,NA,NA,NA,NA,NA,NA,NA,NA,NA,NA,NA,NA,NA,NA,NA,
314,P314,Olsen et al,2013,Status of the harbour seal (Phoca vitulina) in Southern Scandinavia,NAMMCO Scientific publications,Journal Article,LPI,Harbor seal,P. v. vitulina,P. v. vitulina,Phocidae,DOI:10.7557/3.2674,,https://www.researchgate.net/publication/267334972_Status_of_the_harbour_seal_Phoca_vitulina_in_Southern_Scandinavia,"Kattegat subpopulation (Tistlarna, Varberg, Hallands Vadero, L‚àö¬∂so, Anholt, Hesselo, Sj‚àö¬∂llands Odde, Bosserne, Svanegrund, Mollegrund)","Kattegat subpopulation (Tistlarna, Varberg, Hallands Vadero, L‚àö¬∂so, Anholt, Hesselo, Sj‚àö¬∂llands Odde, Bosserne, Svanegrund, Mollegrund)",0,1,56.497608,11.528873,yes,yes,Estimated number of individuals,All Individuals,1,Aerial,NA,NA,NA,NA,NA,NA,NA,NA,NA,NA,NA,NA,NA,NA,NA,NA,NA,NA,NA,NA,NA,NA,NA,NA,NA,NA,NA,NA,NA,NA,NA,NA,NA,NA,NA,NA,NA,NA,NA,NA,NA,NA,NA,NA,NA,NA,NA,NA,NA,NA,NA,NA,NA,NA,NA,NA,NA,NA,NA,NA,NA,NA,NA,NA,NA,NA,NA,NA,NA,NA,NA,NA,NA,NA,NA,NA,NA,NA,NA,3116,3677,4186,2616,4354,4509,6947,7821,NA,3942,3820,3777,5067,5195,NA,6598,NA,7589,NA,10858,NA,10422,NA,NA,8587,8349,9518,9544,9620,NA,NA,NA,NA,NA,NA,NA,NA,NA,NA,NA,NA,NA,NA,NA,NA,
315,P315,Olsen et al,2013,Status of the harbour seal (Phoca vitulina) in Southern Scandinavia,NAMMCO Scientific publications,Journal Article,LPI,Harbor seal,P. v. vitulina,P. v. vitulina,Phocidae,DOI:10.7557/3.2674,,https://www.researchgate.net/publication/267334972_Status_of_the_harbour_seal_Phoca_vitulina_in_Southern_Scandinavia,"Western Baltic subpopulation (Saltholm, Maklappen, Bogestrom, Auno Fjord, Guldborgsund North, Rodsand, Vitten)","Western Baltic subpopulation (Saltholm, Maklappen, Bogestrom, Auno Fjord, Guldborgsund North, Rodsand, Vitten)",0,1,55.060284,13.148751,yes,no,Estimated number of individuals,All Individuals,1,Aerial,NA,NA,NA,NA,NA,NA,NA,NA,NA,NA,NA,NA,NA,NA,NA,NA,NA,NA,NA,NA,NA,NA,NA,NA,NA,NA,NA,NA,NA,NA,NA,NA,NA,NA,NA,NA,NA,NA,NA,NA,NA,NA,NA,NA,NA,NA,NA,NA,NA,NA,NA,NA,NA,NA,NA,NA,NA,NA,NA,NA,NA,NA,NA,NA,NA,NA,NA,NA,NA,NA,NA,NA,NA,NA,NA,NA,NA,NA,NA,NA,NA,NA,NA,NA,NA,NA,NA,NA,168,172,307,316,319,NA,317,NA,475,NA,508,NA,682,NA,456,704,866,982,785,896,1293,NA,NA,NA,NA,NA,NA,NA,NA,NA,NA,NA,NA,NA,NA,NA,
316,P316,Olsen et al,2013,Status of the harbour seal (Phoca vitulina) in Southern Scandinavia,NAMMCO Scientific publications,Journal Article,LPI,Harbor seal,P. v. vitulina,P. v. vitulina,Phocidae,DOI:10.7557/3.2674,,https://www.researchgate.net/publication/267334972_Status_of_the_harbour_seal_Phoca_vitulina_in_Southern_Scandinavia,"Skagerrak subpopulation (Oslo Fjord, Kosteroarna, Vaderoarna, Lysekil, Marstrand)","Skagerrak subpopulation (Oslo Fjord, Kosteroarna, Vaderoarna, Lysekil, Marstrand)",0,1,58.31451,11.288892,no,yes,Estimated number of individuals,All Individuals,1,Aerial,NA,NA,NA,NA,NA,NA,NA,NA,NA,NA,NA,NA,NA,NA,NA,NA,NA,NA,NA,NA,NA,NA,NA,NA,NA,NA,NA,NA,NA,NA,NA,NA,NA,NA,NA,NA,NA,NA,NA,NA,NA,NA,NA,NA,NA,NA,NA,NA,NA,NA,NA,NA,NA,NA,NA,NA,NA,NA,NA,NA,NA,NA,NA,NA,NA,NA,NA,NA,NA,NA,NA,NA,NA,NA,NA,NA,NA,NA,NA,NA,NA,NA,NA,NA,NA,NA,NA,NA,NA,NA,NA,NA,NA,NA,NA,NA,NA,NA,NA,NA,6981,10493,NA,4740,4723,6325,4832,4479,7767,NA,NA,NA,NA,NA,NA,NA,NA,NA,NA,NA,NA,NA,NA,NA,
295,P295,Reijnders,1980,"Management and conservation of the harbour seal, Phoca vitulina, population in the international wadden sea area ",Biological Conservation,Journal Article,LPI,Harbor seal,P. v. vitulina,P. v. vitulina,Phocidae,https://doi.org/10.1016/0006-3207(81)90036-7,,https://www.sciencedirect.com/science/article/pii/0006320781900367,Helgoland Island,Helgoland Island,0,1,54.15,7.86667,no,yes,Individuals,All Individuals,1,Aerial,NA,NA,NA,NA,NA,NA,NA,NA,NA,NA,NA,NA,NA,NA,NA,NA,NA,NA,NA,NA,NA,NA,NA,NA,NA,NA,NA,NA,NA,NA,NA,NA,NA,NA,NA,NA,NA,NA,NA,NA,NA,NA,NA,NA,NA,NA,NA,NA,NA,NA,NA,NA,NA,NA,NA,NA,NA,NA,NA,NA,NA,NA,NA,NA,NA,NA,NA,NA,NA,NA,25,25,30,25,25,25,25,25,25,NA,NA,NA,NA,NA,NA,NA,NA,NA,NA,NA,NA,NA,NA,NA,NA,NA,NA,NA,NA,NA,NA,NA,NA,NA,NA,NA,NA,NA,NA,NA,NA,NA,NA,NA,NA,NA,NA,NA,NA,NA,NA,NA,NA,NA,
296,P296,Reijnders,1980,"Management and conservation of the harbour seal, Phoca vitulina, population in the international wadden sea area ",Biological Conservation,Journal Article,LPI,Harbor seal,P. v. vitulina,P. v. vitulina,Phocidae,https://doi.org/10.1016/0006-3207(81)90036-7,,https://www.sciencedirect.com/science/article/pii/0006320781900367,Niedersachsen coast,Niedersachsen coast,0,1,53.75,8,yes,yes,Individuals,All Individuals,1,Aerial,NA,NA,NA,NA,NA,NA,NA,NA,NA,NA,NA,NA,NA,NA,NA,NA,NA,NA,NA,NA,NA,NA,NA,NA,NA,NA,NA,NA,NA,NA,NA,NA,NA,NA,NA,NA,NA,NA,NA,NA,NA,NA,NA,NA,NA,NA,NA,NA,NA,NA,NA,NA,NA,NA,NA,NA,NA,NA,NA,NA,NA,NA,NA,NA,NA,NA,NA,NA,NA,NA,1250,1200,1400,1300,900,1000,1100,1100,1150,NA,NA,NA,NA,NA,NA,NA,NA,NA,NA,NA,NA,NA,NA,NA,NA,NA,NA,NA,NA,NA,NA,NA,NA,NA,NA,NA,NA,NA,NA,NA,NA,NA,NA,NA,NA,NA,NA,NA,NA,NA,NA,NA,NA,NA,
297,P297,Reijnders,1980,"Management and conservation of the harbour seal, Phoca vitulina, population in the international wadden sea area ",Biological Conservation,Journal Article,LPI,Harbor seal,P. v. vitulina,P. v. vitulina,Phocidae,https://doi.org/10.1016/0006-3207(81)90036-7,,https://www.sciencedirect.com/science/article/pii/0006320781900367,Schleswig Holstein coast,Schleswig Holstein coast,1,0,54.5,8.5,no,yes,Individuals,All Individuals,1,Aerial,NA,NA,NA,NA,NA,NA,NA,NA,NA,NA,NA,NA,NA,NA,NA,NA,NA,NA,NA,NA,NA,NA,NA,NA,NA,NA,NA,NA,NA,NA,NA,NA,NA,NA,NA,NA,NA,NA,NA,NA,NA,NA,NA,NA,NA,NA,NA,NA,NA,NA,NA,NA,NA,NA,NA,NA,NA,NA,NA,NA,NA,NA,NA,NA,NA,NA,NA,NA,NA,NA,1500,1400,1500,1550,1500,1700,1600,1800,1750,NA,NA,NA,NA,NA,NA,NA,NA,NA,NA,NA,NA,NA,NA,NA,NA,NA,NA,NA,NA,NA,NA,NA,NA,NA,NA,NA,NA,NA,NA,NA,NA,NA,NA,NA,NA,NA,NA,NA,NA,NA,NA,NA,NA,NA,
298,P298,Reijnders,1980,"Management and conservation of the harbour seal, Phoca vitulina, population in the international wadden sea area ",Biological Conservation,Journal Article,LPI,Harbor seal,P. v. vitulina,P. v. vitulina,Phocidae,https://doi.org/10.1016/0006-3207(81)90036-7,,https://www.sciencedirect.com/science/article/pii/0006320781900367,"Northern Netherlands coast, Friesland and Groningen",Netherlands coast,1,0,53.5,6,no,yes,Individuals,All Individuals,1,Aerial,NA,NA,NA,NA,NA,NA,NA,NA,NA,NA,NA,NA,NA,NA,NA,NA,NA,NA,NA,NA,NA,NA,NA,NA,NA,NA,NA,NA,NA,NA,NA,NA,NA,NA,NA,NA,NA,NA,NA,NA,NA,NA,NA,NA,NA,NA,NA,NA,NA,NA,NA,NA,NA,NA,NA,NA,NA,NA,NA,NA,NA,NA,NA,NA,NA,NA,NA,NA,NA,NA,950,650,600,600,500,500,450,450,500,NA,NA,NA,NA,NA,NA,NA,NA,NA,NA,NA,NA,NA,NA,NA,NA,NA,NA,NA,NA,NA,NA,NA,NA,NA,NA,NA,NA,NA,NA,NA,NA,NA,NA,NA,NA,NA,NA,NA,NA,NA,NA,NA,NA,NA,
302,P302,Reijnders et al,1997,Population development of harbour seals Phoca vitulina in the Wadden Sea after the 1988 virus epizootic,Journal of Sea Research,Journal Article,LPI,Harbor seal,P. v. vitulina,P. v. vitulina,Phocidae,https://doi.org/10.1016/S1385-1101(97)00031-2,,https://www.sciencedirect.com/science/article/abs/pii/S1385110197000312?via%3Dihub,"Schleswig-Holstein coast, Germany",Schleswig Holstein coast,2,1,54.25417,8.7525,no,yes,Annual maximum number of individuals,All Individuals,1,Aerial,NA,NA,NA,NA,NA,NA,NA,NA,NA,NA,NA,NA,NA,NA,NA,NA,NA,NA,NA,NA,NA,NA,NA,NA,NA,NA,NA,NA,NA,NA,NA,NA,NA,NA,NA,NA,NA,NA,NA,NA,NA,NA,NA,NA,NA,NA,NA,NA,NA,NA,NA,NA,NA,NA,NA,NA,NA,NA,NA,NA,NA,NA,NA,NA,NA,NA,NA,NA,NA,NA,NA,NA,NA,NA,NA,NA,NA,NA,NA,NA,NA,NA,NA,NA,NA,NA,NA,NA,NA,1427,1788,2148,2622,3151,3099,NA,NA,NA,NA,NA,NA,NA,NA,NA,NA,NA,NA,NA,NA,NA,NA,NA,NA,NA,NA,NA,NA,NA,NA,NA,NA,NA,NA,NA,
304,P304,Reijnders et al,1997,Population development of harbour seals Phoca vitulina in the Wadden Sea after the 1988 virus epizootic,Journal of Sea Research,Journal Article,LPI,Harbor seal,P. v. vitulina,P. v. vitulina,Phocidae,https://doi.org/10.1016/S1385-1101(97)00031-2,,https://www.sciencedirect.com/science/article/abs/pii/S1385110197000312?via%3Dihub,Netherlands coast,Netherlands coast,2,1,53.2125,5.19556,no,yes,Annual maximum number of individuals,All Individuals,1,Aerial,NA,NA,NA,NA,NA,NA,NA,NA,NA,NA,NA,NA,NA,NA,NA,NA,NA,NA,NA,NA,NA,NA,NA,NA,NA,NA,NA,NA,NA,NA,NA,NA,NA,NA,NA,NA,NA,NA,NA,NA,NA,NA,NA,NA,NA,NA,NA,NA,NA,NA,NA,NA,NA,NA,NA,NA,NA,NA,NA,NA,NA,NA,NA,NA,NA,NA,NA,NA,NA,NA,NA,NA,NA,NA,NA,NA,NA,NA,NA,NA,NA,NA,NA,NA,NA,NA,NA,NA,NA,530,598,567,885,952,1187,NA,NA,NA,NA,NA,NA,NA,NA,NA,NA,NA,NA,NA,NA,NA,NA,NA,NA,NA,NA,NA,NA,NA,NA,NA,NA,NA,NA,NA,
321,P321,Carretta et al,2005,"U.S. Pacific marine mammal stock assessments, 2005",Southwest Fisheries Science Center,Tech memo,LPI,Harbor seal,P. v. richardii ,P. v. richardii ,Phocidae,NOAA-TM-NMFS-SWFSC-388,,https://repository.library.noaa.gov/view/noaa/3480,Washington inland waters,,0,1,48.18333,-123.4,yes,no,Total count,,,Aerial surveys,NA,NA,NA,NA,NA,NA,NA,NA,NA,NA,NA,NA,NA,NA,NA,NA,NA,NA,NA,NA,NA,NA,NA,NA,NA,NA,NA,NA,NA,NA,NA,NA,NA,NA,NA,NA,NA,NA,NA,NA,NA,NA,NA,NA,NA,NA,NA,NA,NA,NA,NA,NA,NA,NA,NA,NA,NA,NA,NA,NA,NA,NA,NA,NA,NA,NA,NA,NA,NA,NA,NA,NA,NA,3000,NA,NA,NA,NA,NA,NA,NA,NA,NA,5200,NA,5800,6000,6200,NA,7800,NA,8900,9000,10000,9800,10900,12000,10400,9800,9700,NA,NA,NA,NA,NA,NA,NA,NA,NA,NA,NA,NA,NA,NA,NA,NA,NA,NA,NA,NA,NA,NA,NA,NA,
258,P258,Robillard et al,2005,"Distribution and abundance of harbour seals (Phoca vitulina concolor) and grey seals (Halichoerus grypus) in the Estuary and Gulf of St. Lawrence, 1994–2001",Canadian Technical Report of Fisheries and Aquatic Sciences,Tech memo,LPI,Harbor seal,P. v. vitulina,P. v. vitulina concolor,Phocidae,ISSN 0706-6457,,https://publications.gc.ca/site/archivee-archived.html?url=https://publications.gc.ca/collections/collection_2012/mpo-dfo/Fs97-6-2474-eng.pdf,"St. Lawrence Estuary and Saguenay River, Quebec","St. Lawrence Estuary and Saguenay River, Quebec",0,1,48.077602,-69.555988,no,yes,Estimated total number of individuals,All Individuals,1,Aerial,NA,NA,NA,NA,NA,NA,NA,NA,NA,NA,NA,NA,NA,NA,NA,NA,NA,NA,NA,NA,NA,NA,NA,NA,NA,NA,NA,NA,NA,NA,NA,NA,NA,NA,NA,NA,NA,NA,NA,NA,NA,NA,NA,NA,NA,NA,NA,NA,NA,NA,NA,NA,NA,NA,NA,NA,NA,NA,NA,NA,NA,NA,NA,NA,NA,NA,NA,NA,NA,NA,NA,NA,NA,NA,NA,NA,NA,NA,NA,NA,NA,NA,NA,NA,NA,NA,NA,NA,NA,NA,NA,NA,NA,NA,389,578,627,659,NA,NA,NA,NA,NA,NA,NA,NA,NA,NA,NA,NA,NA,NA,NA,NA,NA,NA,NA,NA,NA,NA,NA,NA,NA,NA,
332,P332,Seuront et al,2005,"Vulnerability of harbour seals, Phoca vitulina, to transient industrial activities in the Strait of Dover",Journal of the Marine Biological Association of the United Kingdom,Journal Article,LPI,Harbor seal,P. v. vitulina,P. v. vitulina,Phocidae,doi:10.1017/S0025315405012063,,https://www.cambridge.org/core/journals/journal-of-the-marine-biological-association-of-the-united-kingdom/article/abs/vulnerability-of-harbour-seals-phoca-vitulina-to-transient-industrial-activities-in-the-strait-of-dover/2E1A9693FEF2C477894F88F58668B2B5,Tidal bar in the Strait of Dover,Tidal bar in the Strait of Dover,0,1,50.99444,1.91528,no,yes,Mean number of seals hauled out,All Individuals,1,Aerial,NA,NA,NA,NA,NA,NA,NA,NA,NA,NA,NA,NA,NA,NA,NA,NA,NA,NA,NA,NA,NA,NA,NA,NA,NA,NA,NA,NA,NA,NA,NA,NA,NA,NA,NA,NA,NA,NA,NA,NA,NA,NA,NA,NA,NA,NA,NA,NA,NA,NA,NA,NA,NA,NA,NA,NA,NA,NA,NA,NA,NA,NA,NA,NA,NA,NA,NA,NA,NA,NA,NA,NA,NA,NA,NA,NA,NA,NA,NA,NA,NA,NA,NA,NA,NA,NA,NA,NA,NA,NA,NA,NA,NA,NA,NA,NA,NA,NA,NA,5.2,2.5,3,5.75,0.8,0.5,NA,NA,NA,NA,NA,NA,NA,NA,NA,NA,NA,NA,NA,NA,NA,NA,NA,NA,NA,
263,P263,Teilmann et al,2006,Final report on aerial monitoring of seals near Nysted Offshore Wind Farm,Ministry of the Environment ,Tech memo,LPI,Harbor seal,P. v. vitulina,P. v. vitulina,Phocidae,NA,,https://tethys.pnnl.gov/sites/default/files/publications/Teilmann-et-al-2006.pdf,Avno,Avno,0,1,55.072274,11.755371,yes,yes,Average number of seals on land,All Individuals,1,Aerial,NA,NA,NA,NA,NA,NA,NA,NA,NA,NA,NA,NA,NA,NA,NA,NA,NA,NA,NA,NA,NA,NA,NA,NA,NA,NA,NA,NA,NA,NA,NA,NA,NA,NA,NA,NA,NA,NA,NA,NA,NA,NA,NA,NA,NA,NA,NA,NA,NA,NA,NA,NA,NA,NA,NA,NA,NA,NA,NA,NA,NA,NA,NA,NA,NA,NA,NA,NA,NA,NA,NA,NA,NA,NA,NA,NA,NA,NA,NA,NA,NA,NA,NA,NA,NA,NA,NA,NA,NA,NA,25.74,25.05,25.76,NA,37.07,NA,24.75,NA,36.41,47.71,60.06,NA,74.19,132.73,122.52,124.64,NA,NA,NA,NA,NA,NA,NA,NA,NA,NA,NA,NA,NA,NA,NA,NA,NA,NA,
264,P264,Teilmann et al,2006,Final report on aerial monitoring of seals near Nysted Offshore Wind Farm,Ministry of the Environment ,Tech memo,LPI,Harbor seal,P. v. vitulina,P. v. vitulina,Phocidae,NA,,https://tethys.pnnl.gov/sites/default/files/publications/Teilmann-et-al-2006.pdf,Bogestrommen ,Bogestrommen ,0,1,55.070898,12.189674,yes,yes,Average number of seals on land,All Individuals,1,Aerial,NA,NA,NA,NA,NA,NA,NA,NA,NA,NA,NA,NA,NA,NA,NA,NA,NA,NA,NA,NA,NA,NA,NA,NA,NA,NA,NA,NA,NA,NA,NA,NA,NA,NA,NA,NA,NA,NA,NA,NA,NA,NA,NA,NA,NA,NA,NA,NA,NA,NA,NA,NA,NA,NA,NA,NA,NA,NA,NA,NA,NA,NA,NA,NA,NA,NA,NA,NA,NA,NA,NA,NA,NA,NA,NA,NA,NA,NA,NA,NA,NA,NA,NA,NA,NA,NA,NA,NA,NA,NA,25.39,14.82,9.9,NA,20.5,NA,32.51,NA,7.85,33.95,27.97,NA,19.89,6.85,12.15,14.28,NA,NA,NA,NA,NA,NA,NA,NA,NA,NA,NA,NA,NA,NA,NA,NA,NA,NA,
265,P265,Teilmann et al,2006,Final report on aerial monitoring of seals near Nysted Offshore Wind Farm,Ministry of the Environment ,Tech memo,LPI,Harbor seal,P. v. vitulina,P. v. vitulina,Phocidae,NA,,https://tethys.pnnl.gov/sites/default/files/publications/Teilmann-et-al-2006.pdf,Rodstand,Rodstand,0,1,55.472627,12.843018,yes,yes,Average number of seals on land,All Individuals,1,Aerial,NA,NA,NA,NA,NA,NA,NA,NA,NA,NA,NA,NA,NA,NA,NA,NA,NA,NA,NA,NA,NA,NA,NA,NA,NA,NA,NA,NA,NA,NA,NA,NA,NA,NA,NA,NA,NA,NA,NA,NA,NA,NA,NA,NA,NA,NA,NA,NA,NA,NA,NA,NA,NA,NA,NA,NA,NA,NA,NA,NA,NA,NA,NA,NA,NA,NA,NA,NA,NA,NA,NA,NA,NA,NA,NA,NA,NA,NA,NA,NA,NA,NA,NA,NA,NA,NA,NA,NA,NA,NA,34.91,57.48,74.77,NA,51.88,NA,98.44,NA,101.64,111.88,120.35,NA,89,104.87,147.9,168.01,NA,NA,NA,NA,NA,NA,NA,NA,NA,NA,NA,NA,NA,NA,NA,NA,NA,NA,
266,P266,Teilmann et al,2006,Final report on aerial monitoring of seals near Nysted Offshore Wind Farm,Ministry of the Environment ,Tech memo,LPI,Harbor seal,P. v. vitulina,P. v. vitulina,Phocidae,NA,,https://tethys.pnnl.gov/sites/default/files/publications/Teilmann-et-al-2006.pdf,Saltholm,Saltholm,0,1,55.627996,12.759247,yes,yes,Average number of seals on land,All Individuals,1,Aerial,NA,NA,NA,NA,NA,NA,NA,NA,NA,NA,NA,NA,NA,NA,NA,NA,NA,NA,NA,NA,NA,NA,NA,NA,NA,NA,NA,NA,NA,NA,NA,NA,NA,NA,NA,NA,NA,NA,NA,NA,NA,NA,NA,NA,NA,NA,NA,NA,NA,NA,NA,NA,NA,NA,NA,NA,NA,NA,NA,NA,NA,NA,NA,NA,NA,NA,NA,NA,NA,NA,NA,NA,NA,NA,NA,NA,NA,NA,NA,NA,NA,NA,NA,NA,NA,NA,NA,NA,NA,NA,6.7,9.18,13.42,NA,18.73,NA,12.41,NA,32.89,13.15,32.2,NA,29.41,23.42,13.56,32.97,NA,NA,NA,NA,NA,NA,NA,NA,NA,NA,NA,NA,NA,NA,NA,NA,NA,NA,
267,P267,Teilmann et al,2006,Final report on aerial monitoring of seals near Nysted Offshore Wind Farm,Ministry of the Environment ,Tech memo,LPI,Harbor seal,P. v. vitulina,P. v. vitulina,Phocidae,NA,,https://tethys.pnnl.gov/sites/default/files/publications/Teilmann-et-al-2006.pdf,Vitten,Vitten,0,1,54.622978,11.524658,yes,yes,Average number of seals on land,All Individuals,1,Aerial,NA,NA,NA,NA,NA,NA,NA,NA,NA,NA,NA,NA,NA,NA,NA,NA,NA,NA,NA,NA,NA,NA,NA,NA,NA,NA,NA,NA,NA,NA,NA,NA,NA,NA,NA,NA,NA,NA,NA,NA,NA,NA,NA,NA,NA,NA,NA,NA,NA,NA,NA,NA,NA,NA,NA,NA,NA,NA,NA,NA,NA,NA,NA,NA,NA,NA,NA,NA,NA,NA,NA,NA,NA,NA,NA,NA,NA,NA,NA,NA,NA,NA,NA,NA,NA,NA,NA,NA,NA,NA,NA,NA,NA,NA,NA,NA,NA,NA,NA,NA,30.97,NA,4.02,27.66,24.67,37.02,NA,NA,NA,NA,NA,NA,NA,NA,NA,NA,NA,NA,NA,NA,NA,NA,NA,NA,
268,P268,Teilmann et al,2006,Final report on aerial monitoring of seals near Nysted Offshore Wind Farm,Ministry of the Environment ,Tech memo,LPI,Harbor seal,P. v. vitulina,P. v. vitulina,Phocidae,NA,,https://tethys.pnnl.gov/sites/default/files/publications/Teilmann-et-al-2006.pdf,Falsterbo,Falsterbo,0,1,55.472627,12.843018,yes,yes,Average number of seals on land,All Individuals,1,Aerial,NA,NA,NA,NA,NA,NA,NA,NA,NA,NA,NA,NA,NA,NA,NA,NA,NA,NA,NA,NA,NA,NA,NA,NA,NA,NA,NA,NA,NA,NA,NA,NA,NA,NA,NA,NA,NA,NA,NA,NA,NA,NA,NA,NA,NA,NA,NA,NA,NA,NA,NA,NA,NA,NA,NA,NA,NA,NA,NA,NA,NA,NA,NA,NA,NA,NA,NA,NA,NA,NA,NA,NA,NA,NA,NA,NA,NA,NA,NA,NA,NA,NA,NA,NA,NA,NA,NA,NA,NA,NA,64.17,NA,51.85,NA,44.83,NA,82.58,NA,98.47,114.35,90.73,NA,33.28,78.43,120.4,124.64,NA,NA,NA,NA,NA,NA,NA,NA,NA,NA,NA,NA,NA,NA,NA,NA,NA,NA,
253,P253,Thompson et al,2007,Assessing the potential impact of salmon fisheries management on the conservation status of harbour seals (Phoca vitulina) in north-east Scotland,Zoological Society of London: Animal Conservation,Journal Article,LPI,Harbor seal,P. v. vitulina,P. v. vitulina,Phocidae,https://doi.org/10.1111/j.1469-1795.2006.00066.x,,https://research-portal.st-andrews.ac.uk/en/publications/assessing-the-potential-impact-of-salmon-fisheries-management-on-,"Dornoch Firth, Loch Fleet, Beauly Firth, Cromarty Firth and Inverness Firth","Dornoch Firth, Loch Fleet, Beauly Firth, Cromarty Firth and Inverness Firth",0,1,,,no,yes,NA,All Individuals,1,Ground,NA,NA,NA,NA,NA,NA,NA,NA,NA,NA,NA,NA,NA,NA,NA,NA,NA,NA,NA,NA,NA,NA,NA,NA,NA,NA,NA,NA,NA,NA,NA,NA,NA,NA,NA,NA,NA,NA,NA,NA,NA,NA,NA,NA,NA,NA,NA,NA,NA,NA,NA,NA,NA,NA,NA,NA,NA,NA,NA,NA,NA,NA,NA,NA,NA,NA,NA,NA,NA,NA,NA,NA,NA,NA,NA,NA,NA,NA,NA,NA,NA,NA,NA,NA,NA,NA,NA,NA,NA,NA,NA,NA,NA,NA,NA,NA,NA,NA,NA,NA,NA,NA,NA,NA,NA,NA,NA,NA,NA,NA,NA,NA,NA,NA,NA,NA,NA,NA,NA,NA,NA,NA,NA,NA,
291,P291,Thompson et al,2001,Local declines in the abundance of harbour seals: implications for the designation and monitoring of protected areas,British Ecological Society: Journal of Applied Ecology,Journal Article,LPI,Harbor seal,P. v. vitulina,P. v. vitulina,Phocidae,https://doi.org/10.1046/j.1365-2664.2001.00571.x,,https://besjournals.onlinelibrary.wiley.com/doi/10.1046/j.1365-2664.2001.00571.x,"Fint, Eynhallow, Orkney","Fint, Eynhallow, Orkney",0,1,59.13333,-3.11667,no,yes,Mean annual count,All Individuals,1,Ground,NA,NA,NA,NA,NA,NA,NA,NA,NA,NA,NA,NA,NA,NA,NA,NA,NA,NA,NA,NA,NA,NA,NA,NA,NA,NA,NA,NA,NA,NA,NA,NA,NA,NA,NA,NA,NA,NA,NA,NA,NA,NA,NA,NA,NA,NA,NA,NA,NA,NA,NA,NA,NA,NA,NA,NA,NA,NA,NA,NA,NA,NA,NA,NA,NA,NA,NA,NA,NA,NA,NA,NA,NA,NA,NA,NA,NA,NA,NA,NA,NA,NA,NA,NA,NA,95,NA,NA,NA,NA,NA,NA,NA,NA,NA,NA,NA,NA,40,NA,NA,NA,NA,NA,NA,NA,NA,NA,NA,NA,NA,NA,NA,NA,NA,NA,NA,NA,NA,NA,NA,NA,NA,NA,
292,P292,Thompson et al,2001,Local declines in the abundance of harbour seals: implications for the designation and monitoring of protected areas,British Ecological Society: Journal of Applied Ecology,Journal Article,LPI,Harbor seal,P. v. vitulina,P. v. vitulina,Phocidae,https://doi.org/10.1046/j.1365-2664.2001.00571.x,,https://besjournals.onlinelibrary.wiley.com/doi/10.1046/j.1365-2664.2001.00571.x,"Sheep Skerry, Eynhallow, Orkney","Sheep Skerry, Eynhallow, Orkney",0,1,58.78333,-3.28333,no,yes,Mean annual count,All Individuals,1,Ground,NA,NA,NA,NA,NA,NA,NA,NA,NA,NA,NA,NA,NA,NA,NA,NA,NA,NA,NA,NA,NA,NA,NA,NA,NA,NA,NA,NA,NA,NA,NA,NA,NA,NA,NA,NA,NA,NA,NA,NA,NA,NA,NA,NA,NA,NA,NA,NA,NA,NA,NA,NA,NA,NA,NA,NA,NA,NA,NA,NA,NA,NA,NA,NA,NA,NA,NA,NA,NA,NA,NA,NA,NA,NA,NA,NA,NA,NA,NA,NA,NA,NA,NA,NA,180,170,205,195,NA,NA,NA,NA,NA,NA,NA,NA,NA,NA,50,NA,NA,NA,NA,NA,NA,NA,NA,NA,NA,NA,NA,NA,NA,NA,NA,NA,NA,NA,NA,NA,NA,NA,NA,NA,
333,P333,Davoren,2007,Effects of gill-net fishing on marine birds in a biological hotspot in the northwest Atlantic,Conservation Biology,Journal Article,LPI,Harp seal,Pagophilus groenlandicus,Pagophilus groenlandicus,Phocidae,https://doi.org/10.1111/j.1523-1739.2007.00694.x,,https://conbio.onlinelibrary.wiley.com/doi/10.1111/j.1523-1739.2007.00694.x,NE coast of Newfoundland,,0,1,49.36667,-53.75,yes,no,Total number/km¬¨‚â§,,,Regional-scale survey using strip-transects,NA,NA,NA,NA,NA,NA,NA,NA,NA,NA,NA,NA,NA,NA,NA,NA,NA,NA,NA,NA,NA,NA,NA,NA,NA,NA,NA,NA,NA,NA,NA,NA,NA,NA,NA,NA,NA,NA,NA,NA,NA,NA,NA,NA,NA,NA,NA,NA,NA,NA,NA,NA,NA,NA,NA,NA,NA,NA,NA,NA,NA,NA,NA,NA,NA,NA,NA,NA,NA,NA,NA,NA,NA,NA,NA,NA,NA,NA,NA,NA,NA,NA,NA,NA,NA,NA,NA,NA,NA,NA,NA,NA,NA,NA,NA,NA,NA,NA,NA,NA,0.1,0,NA,0,NA,NA,NA,NA,NA,NA,NA,NA,NA,NA,NA,NA,NA,NA,NA,NA,NA,NA,NA,NA,
334,P334,Harris et al,2006,Harp seal populations in the northwestern Atlantic: modelling populations with uncertainty,Interantional Fund for Animal Welfare,Research Article,LPI,Harp seal,Pagophilus groenlandicus,Pagophilus groenlandicus,Phocidae,NA,,https://research-information.bris.ac.uk/en/publications/harp-seal-populations-in-the-northwestern-atlantic-modelling-popu,NW Atlantic,,0,1,55,-50,yes,no,Pup production (estimated number of pups),,,Capture-mark-recapture,NA,NA,NA,NA,NA,NA,NA,NA,NA,NA,NA,NA,NA,NA,NA,NA,NA,NA,NA,NA,NA,NA,NA,NA,NA,NA,NA,NA,NA,NA,NA,NA,NA,NA,NA,NA,NA,NA,NA,NA,NA,NA,NA,NA,NA,NA,NA,NA,NA,NA,NA,NA,NA,NA,NA,NA,NA,NA,NA,NA,NA,NA,NA,NA,NA,NA,NA,NA,NA,NA,NA,NA,NA,NA,NA,NA,NA,NA,497000,478000,475000,NA,NA,534000,NA,NA,NA,NA,NA,NA,NA,NA,NA,NA,NA,NA,NA,NA,NA,NA,NA,NA,NA,NA,NA,NA,NA,NA,NA,NA,NA,NA,NA,NA,NA,NA,NA,NA,NA,NA,NA,NA,NA,NA,
335,P335,Harris et al,2006,Harp seal populations in the northwestern Atlantic: modelling populations with uncertainty,Interantional Fund for Animal Welfare,Research Article,LPI,Harp seal,Pagophilus groenlandicus,Pagophilus groenlandicus,Phocidae,NA,,https://research-information.bris.ac.uk/en/publications/harp-seal-populations-in-the-northwestern-atlantic-modelling-popu,NW Atlantic,,0,1,55,-50,yes,no,Pup production (estimated number of pups),,,Visual/Photography surveys,NA,NA,NA,NA,NA,NA,NA,NA,NA,NA,NA,NA,NA,NA,NA,NA,NA,NA,NA,NA,NA,NA,NA,NA,NA,NA,NA,NA,NA,NA,NA,NA,NA,NA,NA,NA,NA,NA,NA,NA,NA,NA,NA,NA,NA,NA,NA,NA,NA,NA,NA,NA,NA,NA,NA,NA,NA,NA,NA,NA,NA,NA,NA,NA,NA,NA,NA,NA,NA,NA,NA,NA,NA,NA,NA,NA,NA,NA,NA,NA,NA,NA,NA,NA,NA,NA,NA,NA,NA,NA,577900,NA,NA,NA,708400,NA,NA,NA,NA,997900,NA,NA,NA,NA,991400,NA,NA,NA,1644500,NA,NA,NA,815900,NA,NA,NA,NA,746500,NA,NA,NA,NA,NA,NA,
336,P336,Stenson et al.,2020,Harp Seals: Monitors of Change in Differing Ecosystems,Marine Science,Journal Article,UW,Harp seal,Pagophilus groenlandicus,Pagophilus groenlandicus,Phocidae,https://doi.org/10.3389/fmars.2020.569258,,https://doi.org/10.3389/fmars.2020.569259,Greenland sea,,0,1,77.08436014,-6.828115159,yes,no,All individuals (estimated with assessment model),,,Aerial surveys,NA,NA,NA,NA,NA,NA,NA,NA,NA,NA,NA,NA,NA,NA,NA,NA,NA,NA,NA,NA,NA,NA,NA,NA,NA,NA,NA,NA,NA,NA,NA,NA,NA,NA,NA,NA,NA,NA,NA,NA,NA,NA,NA,NA,NA,NA,370248,383471,376860,348209,NA,341598,NA,306336,303030,300826,292011,NA,300826,NA,NA,262259,260055,251240,NA,264463,NA,250138,NA,245730,256749,256749,263361,NA,271074,271074,283196,NA,NA,NA,280992,283196,NA,285399,NA,NA,303030,309642,NA,301928,308540,316253,319559,316253,320661,319559,NA,317355,NA,NA,331680,325069,NA,330579,329477,323967,NA,322865,319559,319559,314050,NA,315152,319559,319559,322865,NA,NA,354821,NA,NA,NA,NA,NA,
337,P337,Stenson et al.,2020,Harp Seals: Monitors of Change in Differing Ecosystems,Marine Science,Journal Article,UW,Harp seal,Pagophilus groenlandicus,Pagophilus groenlandicus,Phocidae,https://doi.org/10.3389/fmars.2020.569258,,https://doi.org/10.3389/fmars.2020.569259,White Sea/Barents Sea,,0,1,71.10668419,39.87541447,yes,no,All individuals,,,Aerial surveys,NA,NA,NA,NA,NA,NA,NA,NA,NA,NA,NA,NA,NA,NA,NA,NA,NA,NA,NA,NA,NA,NA,NA,NA,NA,NA,NA,NA,NA,NA,NA,NA,NA,NA,NA,NA,NA,NA,NA,NA,NA,NA,NA,NA,NA,NA,NA,NA,NA,NA,NA,NA,NA,NA,1735294,1705882,1617647,1588235,1558823,1529411,1470588,1470588,1441176,1382352,1382352,1382352,1411764,1470588,1470588,1529411,1558823,1588235,1647058,1676470,1647058,1647058,1676470,1705882,1705882,1735294,1735294,1735294,1705882,1705882,1676470,1676470,1647058,1617647,1558823,1529411,1499999,1470588,1441176,1441176,1410000,1382352,1382352,1352941,1352941,1323529,1323529,1294117,1294117,1264705,1265218,1235294,1205882,1205882,1235294,1235294,1264705,1235294,1294117,1323529,1352941,1382352,1414783,1411760,1470588,1529411,NA,NA,NA,NA,
338,P338,ICES,2019,ICES/NAFO/NAMMCO WORKING GROUP ON HARP AND HOODED SEALS (WGHARP),ICES,Tech memo,UW,Harp seal,Pagophilus groenlandicus,Pagophilus groenlandicus,Phocidae,http://doi.org/10.17895/ices.pub.5617,,https://ices-library.figshare.com/articles/report/ICES_NAFO_NAMMCO_Working_group_on_harp_and_HOoded_Seals_WGHARP_/18620666?file=33399128,Greenland sea,Greenland sea,0,1,77.08436014,-6.828115159,yes,yes,Estimated Number of Pups from survey,Pups,1,Combination,NA,NA,NA,NA,NA,NA,NA,NA,NA,NA,NA,NA,NA,NA,NA,NA,NA,NA,NA,NA,NA,NA,NA,NA,NA,NA,NA,NA,NA,NA,NA,NA,NA,NA,NA,NA,NA,NA,NA,NA,NA,NA,NA,NA,NA,NA,NA,NA,NA,NA,NA,NA,NA,NA,NA,NA,NA,NA,NA,NA,NA,NA,NA,NA,NA,NA,NA,NA,NA,NA,NA,NA,NA,NA,NA,NA,NA,NA,NA,NA,NA,NA,NA,58539,103250,111084,NA,49970,58697,110614,55625,67271,NA,NA,NA,NA,NA,NA,NA,NA,NA,NA,98099,NA,NA,NA,NA,110530,NA,NA,NA,NA,89590,NA,NA,NA,NA,NA,54181,NA,NA,NA,92769,NA,
339,P339,ICES,2019,ICES/NAFO/NAMMCO WORKING GROUP ON HARP AND HOODED SEALS (WGHARP),ICES,Tech memo,UW,Harp seal,Pagophilus groenlandicus,Pagophilus groenlandicus,Phocidae,http://doi.org/10.17895/ices.pub.5617,,https://ices-library.figshare.com/articles/report/ICES_NAFO_NAMMCO_Working_group_on_harp_and_HOoded_Seals_WGHARP_/18620666?file=33399128,White Sea/Barents Sea,White Sea/Barents Sea,0,1,71.10668419,39.87541447,yes,yes,Estimated Number of Pups from survey,Pups,1,Aerial,NA,NA,NA,NA,NA,NA,NA,NA,NA,NA,NA,NA,NA,NA,NA,NA,NA,NA,NA,NA,NA,NA,NA,NA,NA,NA,NA,NA,NA,NA,NA,NA,NA,NA,NA,NA,NA,NA,NA,NA,NA,NA,NA,NA,NA,NA,NA,NA,NA,NA,NA,NA,NA,NA,NA,NA,NA,NA,NA,NA,NA,NA,NA,NA,NA,NA,NA,NA,NA,NA,NA,NA,NA,NA,NA,NA,NA,NA,NA,NA,NA,NA,NA,NA,NA,NA,NA,NA,NA,NA,NA,NA,NA,NA,NA,NA,NA,NA,286260,NA,322474,NA,330000,328000,231811,122658,NA,NA,123104,157000,163032,NA,NA,128786,NA,NA,NA,NA,NA,NA,NA,NA,NA,NA,
340,P340,Michalsen et al,2004,Ocean Resources 2004,Institute of Marine Research,Tech memo,LPI,Harp seal,Pagophilus groenlandicus,Pagophilus groenlandicus,Phocidae,ISSN 0802 0620,,https://imr.brage.unit.no/imr-xmlui/bitstream/handle/11250/114108/sn_2004_01.pdf?sequence=1&isAllowed=y,"Vesterisen (West Ice), Greenland Sea",,0,1,62,10,yes,no,Number of offspring,,,Cub production,NA,NA,NA,NA,NA,NA,NA,NA,NA,NA,NA,NA,NA,NA,NA,NA,NA,NA,NA,NA,NA,NA,NA,NA,NA,NA,NA,NA,NA,NA,NA,NA,NA,NA,NA,NA,NA,NA,NA,NA,NA,NA,NA,NA,NA,NA,NA,NA,NA,NA,NA,NA,NA,NA,NA,NA,NA,NA,NA,NA,NA,NA,NA,NA,NA,NA,NA,NA,NA,NA,NA,NA,NA,NA,NA,NA,NA,NA,NA,NA,NA,NA,NA,58539,103250,111084,NA,49970,58697,110614,55625,67271,NA,NA,NA,NA,NA,NA,NA,NA,NA,NA,98099,NA,NA,NA,NA,NA,NA,NA,NA,NA,NA,NA,NA,NA,NA,NA,NA,NA,NA,NA,NA,NA,
341,P341,DFO,2005,STOCK ASSESSMENT OF NORTHWEST ATLANTIC HARP SEALS (Pagophilus groenlandicus),Canadian Science Advisory Secretariat,Tech memo,LPI,Harp seal,Pagophilus groenlandicus,Pagophilus groenlandicus,Phocidae,ISSN 1480-4913,,https://waves-vagues.dfo-mpo.gc.ca/library-bibliotheque/316459.pdf,Northwest Atlantic,,0,1,53.5,-50,yes,no,Population,,,Population model based on pup production reproductive rates and human induced mortality,NA,NA,NA,NA,NA,NA,NA,NA,NA,NA,NA,NA,NA,NA,NA,NA,NA,NA,NA,NA,NA,NA,NA,NA,NA,NA,NA,NA,NA,NA,NA,NA,NA,NA,NA,NA,NA,NA,NA,NA,NA,NA,NA,NA,NA,NA,NA,NA,NA,NA,NA,NA,NA,NA,NA,NA,NA,NA,NA,NA,NA,NA,NA,NA,NA,NA,NA,NA,NA,NA,1800000,1750000,1800000,1950000,2100000,2200000,2250000,2300000,2400000,2500000,2600000,2700000,2800000,2900000,3.00E+06,3250000,3500000,3700000,3750000,3800000,4100000,4250000,4500000,4600000,4800000,5100000,5300000,5400000,5450000,5500000,5550000,5600000,5750000,5800000,5850000,5900000,5800000,5700000,5700000,5900000,NA,NA,NA,NA,NA,NA,NA,NA,NA,NA,NA,NA,NA,NA,
342,P342,Hammill et al,2021,"Trends in abundance of harp seals, Pagophilus groenlandicus, in the Northwest Atlantic, 1952-2019",Fisheries and Oceans Canada,Journal Article,UW,Harp seal,Pagophilus groenlandicus,Pagophilus groenlandicus,Phocidae,ISSN 1919-5044,,https://urldefense.com/v3/__https://epe.lac-bac.gc.ca/100/201/301/weekly_acquisitions_list-ef/2021/21-17/publications.gc.ca/collections/collection_2021/mpo-dfo/fs70-5/Fs70-5-2021-006-eng.pdf__;!!K-Hz7m0Vt54!kRaMuH0jDta-5aO6pbt_jDTFrFh1K-4j3zKs0LBUl1vcX1cL33la7NqNQaUSWXr-84B9mp4d4xj38g$,Newfoundland and Devis strait,,0,1,65.04261413,-58.39500964,yes,no,All individuals,,,Aerial surveys,NA,NA,NA,NA,NA,NA,NA,NA,NA,NA,NA,NA,NA,NA,NA,NA,NA,NA,NA,NA,NA,NA,NA,NA,NA,NA,NA,NA,NA,NA,NA,NA,NA,NA,NA,NA,NA,NA,NA,NA,NA,NA,NA,NA,NA,NA,NA,NA,NA,NA,NA,NA,NA,NA,2095744,2058510,2021276,1946808,1946808,1872340,1760638,1686170,1760638,1648936,1537234,1462765,1462765,1388297,1276595,1313829,1202127,1127659,1164893,1239361,1323829,1351063,1425531,1500000,1537234,1574468,1723404,1760638,1686170,1797872,2021276,2281914,2468085,2728723,2989361,3212765,3547872,3845744,4143617,4478723,5000078,5297872,5595744,5744680,5856382,5893617,6265957,6377659,6563829,6787234,6749999,7122340,7234042,7606382,7792553,7718085,7494680,7271276,7420212,7420212,7382929,7122340,NA,NA,NA,NA,NA,NA,NA,NA,
3432,P3432,Roff and Bowen,1986,Further Analysis of Population Trends in the Northwest Atlantic Harp Seal (Phoca groenlandica) from 1967 to 1985,Canadian Journal of Fisheries and Aquatic Sciences,Journal Article,UW,Harp seal,Pagophilus groenlandicus,Pagophilus groenlandicus,Phocidae,doi/10.1139/f86-066,,https://cdnsciencepub.com/doi/10.1139/f86-066,Newfoundland and Davis strait,Newfoundland and Davis strait,1,0,65.04261413,-58.39500964,yes,yes,,Pups,1,CMR,NA,NA,NA,NA,NA,NA,NA,NA,NA,NA,NA,NA,NA,NA,NA,NA,NA,NA,NA,NA,NA,NA,NA,NA,NA,NA,NA,NA,NA,NA,NA,NA,NA,NA,NA,NA,NA,NA,NA,NA,NA,NA,NA,NA,NA,NA,NA,NA,NA,NA,NA,NA,NA,NA,NA,NA,NA,NA,NA,NA,NA,NA,NA,NA,NA,NA,NA,NA,NA,NA,NA,NA,NA,NA,NA,NA,NA,NA,497000,478000,475000,NA,NA,534000,NA,NA,NA,NA,NA,NA,NA,NA,NA,NA,NA,NA,NA,NA,NA,NA,NA,NA,NA,NA,NA,NA,NA,NA,NA,NA,NA,NA,NA,NA,NA,NA,NA,NA,NA,NA,NA,NA,NA,NA,
343,P343,Hammill et al,2021,"Trends in abundance of harp seals, Pagophilus groenlandicus, in the Northwest Atlantic, 1952-2019",Fisheries and Oceans Canada,Journal Article,UW,Harp seal,Pagophilus groenlandicus,Pagophilus groenlandicus,Phocidae,ISSN 1919-5044,,https://urldefense.com/v3/__https://epe.lac-bac.gc.ca/100/201/301/weekly_acquisitions_list-ef/2021/21-17/publications.gc.ca/collections/collection_2021/mpo-dfo/fs70-5/Fs70-5-2021-006-eng.pdf__;!!K-Hz7m0Vt54!kRaMuH0jDta-5aO6pbt_jDTFrFh1K-4j3zKs0LBUl1vcX1cL33la7NqNQaUSWXr-84B9mp4d4xj38g$,Newfoundland and Davis strait,Newfoundland and Davis strait,2,1,65.04261413,-58.39500964,yes,yes,Pup production,Pups,1,Aerial,NA,NA,NA,NA,NA,NA,NA,NA,NA,NA,NA,NA,NA,NA,NA,NA,NA,NA,NA,NA,NA,NA,NA,NA,NA,NA,NA,NA,NA,NA,NA,NA,NA,NA,NA,NA,NA,NA,NA,NA,NA,NA,NA,NA,NA,NA,NA,NA,NA,NA,NA,645000,NA,NA,NA,NA,NA,NA,NA,NA,235000,NA,NA,NA,NA,NA,NA,NA,NA,NA,NA,NA,NA,NA,NA,NA,NA,NA,NA,NA,NA,NA,NA,NA,NA,NA,NA,NA,NA,NA,577900,NA,NA,NA,702900,NA,NA,NA,NA,997900,NA,NA,NA,NA,991400,NA,NA,NA,1644500,NA,NA,NA,815900,NA,NA,NA,NA,746500,NA,NA,NA,NA,NA,NA,
344,P344,Baker et al,2016,Estimating Hawaiian monk seal range-wide abundance and associated uncertainty,Endangered Species Research,Journal Article,UW,Hawaiian monk seal,Monachus schauinslandi,Monachus schauinslandi,Phocidae,DOI:10.3354/esr00782,,https://www.researchgate.net/publication/309542705_Estimating_Hawaiian_monk_seal_range-wide_abundance_and_associated_uncertainty,Hawaii,,0,1,21.45747107,-159.0723526,yes,no,All Individuals,,,Land survey,NA,NA,NA,NA,NA,NA,NA,NA,NA,NA,NA,NA,NA,NA,NA,NA,NA,NA,NA,NA,NA,NA,NA,NA,NA,NA,NA,NA,NA,NA,NA,NA,NA,NA,NA,NA,NA,NA,NA,NA,NA,NA,NA,NA,NA,NA,NA,NA,NA,NA,NA,NA,NA,NA,NA,NA,NA,NA,NA,NA,NA,NA,NA,NA,NA,NA,NA,NA,NA,NA,NA,NA,NA,NA,NA,NA,NA,NA,NA,NA,NA,NA,NA,NA,NA,NA,NA,NA,NA,NA,NA,NA,NA,NA,NA,NA,NA,NA,NA,NA,NA,NA,NA,NA,NA,NA,NA,NA,NA,NA,NA,NA,NA,1291,1309,1324,NA,NA,NA,NA,NA,NA,NA,NA,
345,P345,"MMC, M. M. C",2000,Hawaiian monk seal (Monachus schauinslandi)," Species of Special Concern, Annual report to congress",Tech memo,LPI,Hawaiian monk seal,Monachus schauinslandi,Monachus schauinslandi,Phocidae,NA,,,"All major breeding colonies, Hawaiian Islands",,0,1,28.41667,-178.33333,yes,no,Annual total of mean beach counts,,,Land survey,NA,NA,NA,NA,NA,NA,NA,NA,NA,NA,NA,NA,NA,NA,NA,NA,NA,NA,NA,NA,NA,NA,NA,NA,NA,NA,NA,NA,NA,NA,NA,NA,NA,NA,NA,NA,NA,NA,NA,NA,NA,NA,NA,NA,NA,NA,NA,NA,NA,NA,NA,NA,NA,NA,NA,NA,NA,NA,NA,NA,NA,NA,NA,NA,NA,NA,NA,NA,NA,NA,NA,NA,NA,NA,NA,NA,NA,NA,NA,NA,NA,NA,NA,NA,NA,500,570,530,480,500,430,390,410,350,NA,380,380,360,380,380,NA,NA,NA,NA,NA,NA,NA,NA,NA,NA,NA,NA,NA,NA,NA,NA,NA,NA,NA,NA,NA,NA,NA,NA,
346,P346,NOAA ,2022,"Hawaiian Monk Seal Population Surpasses 1,500!",Pacific Islands Fisheries Science Center,Tech memo,UW,Hawaiian monk seal,Monachus schauinslandi,Monachus schauinslandi,Phocidae,https://www.fisheries.noaa.gov/s3/2023-08/Monk-Seal-2022.pdf,,,Main hawaiian islands,Main hawaiian islands,0,1,20.55225293,-156.8778486,yes,yes,All Individuals,All Individuals,1,Ground,NA,NA,NA,NA,NA,NA,NA,NA,NA,NA,NA,NA,NA,NA,NA,NA,NA,NA,NA,NA,NA,NA,NA,NA,NA,NA,NA,NA,NA,NA,NA,NA,NA,NA,NA,NA,NA,NA,NA,NA,NA,NA,NA,NA,NA,NA,NA,NA,NA,NA,NA,NA,NA,NA,NA,NA,NA,NA,NA,NA,NA,NA,NA,NA,NA,NA,NA,NA,NA,NA,NA,NA,NA,NA,NA,NA,NA,NA,NA,NA,NA,NA,NA,NA,NA,NA,NA,NA,NA,NA,NA,NA,NA,NA,NA,NA,NA,NA,NA,NA,NA,NA,NA,NA,NA,NA,NA,NA,NA,221,NA,NA,NA,292,272,243,287,275,304,346,377,380,NA,NA,
347,P347,NOAA ,2022,"Hawaiian Monk Seal Population Surpasses 1,500!",Pacific Islands Fisheries Science Center,Tech memo,UW,Hawaiian monk seal,Monachus schauinslandi,Monachus schauinslandi,Phocidae,"https://www.fisheries.noaa.gov/feature-story/hawaiian-monk-seal-population-surpasses-1500#:~:text=Now%20the%20numbers%20are%20in,in%20more%20than%202%20decades.",,,North western hawaiian islands,North western hawaiian islands,0,1,23.53200523,-164.3799902,yes,yes,All Individuals,All Individuals,1,Ground,NA,NA,NA,NA,NA,NA,NA,NA,NA,NA,NA,NA,NA,NA,NA,NA,NA,NA,NA,NA,NA,NA,NA,NA,NA,NA,NA,NA,NA,NA,NA,NA,NA,NA,NA,NA,NA,NA,NA,NA,NA,NA,NA,NA,NA,NA,NA,NA,NA,NA,NA,NA,NA,NA,NA,NA,NA,NA,NA,NA,NA,NA,NA,NA,NA,NA,NA,NA,NA,NA,NA,NA,NA,NA,NA,NA,NA,NA,NA,NA,NA,NA,NA,NA,NA,NA,NA,NA,NA,NA,NA,NA,NA,NA,NA,NA,NA,1395,1465,1529,1473,1341,1264,1285,1293,1223,1146,1119,1119,1078,1078,1057,1065,1002,1045,1094,1137,1088,1138,1096,NA,1203,NA,NA,
348,P348,Henderson et al,1990,Population monitoring of the Hawaiian monk seal Monachus schauschauinslandi and captive maintenance project at Kure Atoll,Southwest Fisheries Science Center,Tech memo,LPI,Hawaiian monk seal,Monachus schauinslandi,Monachus schauinslandi,Phocidae,NOM-TM-NMFS-SWFSC-150,,https://swfsc-publications.fisheries.noaa.gov/publications/TM/SWFSC/NOAA-TM-NMFS-SWFSC-150.PDF,Kure Atoll,,0,1,28.416667,-178.333333,yes,no,Mean number of seals,,,Land survey,NA,NA,NA,NA,NA,NA,NA,NA,NA,NA,NA,NA,NA,NA,NA,NA,NA,NA,NA,NA,NA,NA,NA,NA,NA,NA,NA,NA,NA,NA,NA,NA,NA,NA,NA,NA,NA,NA,NA,NA,NA,NA,NA,NA,NA,NA,NA,NA,NA,NA,NA,NA,NA,NA,NA,NA,NA,NA,NA,NA,NA,NA,NA,NA,NA,NA,NA,NA,NA,NA,NA,NA,NA,NA,NA,NA,NA,NA,NA,NA,NA,22.0922,24.1122,22.8975,24.1221,24.5513,28.5335,27.1597,30.5587,NA,NA,NA,NA,NA,NA,NA,NA,NA,NA,NA,NA,NA,NA,NA,NA,NA,NA,NA,NA,NA,NA,NA,NA,NA,NA,NA,NA,NA,NA,NA,NA,NA,NA,NA,
349,P349,NOAA,2006,Recovery Plan for the Hawaiian Monk Seal (Monachus schauinslandi),NOAA National Marine Fisheries Service,Tech memo,LPI,Hawaiian monk seal,Monachus schauinslandi,Monachus schauinslandi,Phocidae,NA,,https://repository.library.noaa.gov/view/noaa/3521,Hawaii,,0,1,20.75028,-156.50028,yes,no,Number of individuals,,,Land survey,NA,NA,NA,NA,NA,NA,NA,NA,NA,NA,NA,NA,NA,NA,NA,NA,NA,NA,NA,NA,NA,NA,NA,NA,NA,NA,NA,NA,NA,NA,NA,NA,NA,NA,NA,NA,NA,NA,NA,NA,NA,NA,NA,NA,NA,NA,NA,NA,NA,NA,NA,NA,NA,NA,NA,NA,NA,NA,NA,NA,NA,NA,NA,NA,NA,NA,NA,NA,NA,NA,NA,NA,NA,NA,NA,NA,NA,NA,NA,NA,NA,NA,NA,NA,NA,500,575,550,485,423,400,415,380,398,398,390,395,394,400,NA,350,350,345,NA,NA,NA,NA,NA,NA,NA,NA,NA,NA,NA,NA,NA,NA,NA,NA,NA,NA,NA,NA,NA,
350,P350,Reijnders et al,1993,"Seals, Fur Seals, Sea Lions and Walrus. Status Survey and Conservation Action Plan. ",IUCN/SSC Seal Specialist Group,Tech memo,LPI,Hawaiian monk seal,Monachus schauinslandi,Monachus schauinslandi,Phocidae,ISBN: 978-2-8317-0141-7,,https://portals.iucn.org/library/node/6690,Total,,0,1,30,-170,yes,no,Number of individuals,,,Land survey,NA,NA,NA,NA,NA,NA,NA,NA,NA,NA,NA,NA,NA,NA,NA,NA,NA,NA,NA,NA,NA,NA,NA,NA,NA,NA,NA,NA,NA,NA,NA,NA,NA,NA,NA,NA,NA,NA,NA,NA,NA,NA,NA,NA,NA,NA,NA,NA,NA,NA,NA,NA,NA,NA,NA,NA,NA,NA,NA,NA,NA,NA,NA,NA,NA,NA,NA,NA,NA,NA,NA,NA,NA,NA,NA,NA,NA,NA,NA,NA,475,NA,NA,NA,NA,NA,NA,585,NA,NA,NA,NA,NA,NA,NA,NA,NA,NA,NA,NA,NA,NA,NA,NA,NA,NA,NA,NA,NA,NA,NA,NA,NA,NA,NA,NA,NA,NA,NA,NA,NA,NA,NA,NA,
351,P351,Carretta et al,2005,"U.S. Pacific marine mammal stock assessments, 2005",Southwest Fisheries Science Center,Tech memo,LPI,Hawaiian monk seal,Monachus schauinslandi,Monachus schauinslandi,Phocidae,NOAA-TM-NMFS-SWFSC-388,,https://repository.library.noaa.gov/view/noaa/3480,Hawaii,,0,1,19.41667,-156.06667,yes,no,Mean number of non-pups,,,Land survey,NA,NA,NA,NA,NA,NA,NA,NA,NA,NA,NA,NA,NA,NA,NA,NA,NA,NA,NA,NA,NA,NA,NA,NA,NA,NA,NA,NA,NA,NA,NA,NA,NA,NA,NA,NA,NA,NA,NA,NA,NA,NA,NA,NA,NA,NA,NA,NA,NA,NA,NA,NA,NA,NA,NA,NA,NA,NA,NA,NA,NA,NA,NA,NA,NA,NA,NA,NA,NA,NA,NA,NA,NA,NA,NA,NA,NA,NA,NA,NA,NA,NA,NA,NA,NA,505,575,545,575,515,440,400,435,365,NA,395,395,485,490,490,400,385,390,NA,NA,NA,NA,NA,NA,NA,NA,NA,NA,NA,NA,NA,NA,NA,NA,NA,NA,NA,NA,NA,
352,P352,Hammill et al,2006,Abundance of Northwest Atlantic hooded seals ,Fisheries and Oceans Canada,Tech Memo,UW,Hooded seal,Cystophora cristata,Cystophora cristata,Phocidae,https://www.dfo-mpo.gc.ca/csas-sccs/publications/resdocs-docrech/2006/2006_068-eng.htm,,,Davis Strait,Davis Strait,0,1,67.90265728,-58.08454923,no,yes,Pup production,Pups,1,Aerial,NA,NA,NA,NA,NA,NA,NA,NA,NA,NA,NA,NA,NA,NA,NA,NA,NA,NA,NA,NA,NA,NA,NA,NA,NA,NA,NA,NA,NA,NA,NA,NA,NA,NA,NA,NA,NA,NA,NA,NA,NA,NA,NA,NA,NA,NA,NA,NA,NA,NA,NA,NA,NA,NA,NA,NA,NA,NA,NA,NA,NA,NA,NA,NA,NA,NA,NA,NA,NA,NA,NA,NA,NA,NA,NA,NA,NA,NA,NA,NA,NA,NA,NA,NA,19000,NA,NA,NA,NA,NA,NA,NA,NA,NA,NA,NA,NA,NA,NA,NA,NA,NA,NA,NA,NA,3300,NA,NA,NA,NA,NA,NA,NA,NA,NA,NA,NA,NA,NA,NA,NA,NA,NA,NA,
353,P353,Hammill et al,2006,Abundance of Northwest Atlantic hooded seals ,Fisheries and Oceans Canada,Tech Memo,UW,Hooded seal,Cystophora cristata,Cystophora cristata,Phocidae,https://www.dfo-mpo.gc.ca/csas-sccs/publications/resdocs-docrech/2006/2006_068-eng.htm,,,Front,Front,0,1,58.06065407,-52.45363721,no,yes,Pup production,Pups,1,Aerial,NA,NA,NA,NA,NA,NA,NA,NA,NA,NA,NA,NA,NA,NA,NA,NA,NA,NA,NA,NA,NA,NA,NA,NA,NA,NA,NA,NA,NA,NA,NA,NA,NA,NA,NA,NA,NA,NA,NA,NA,NA,NA,NA,NA,NA,NA,NA,NA,NA,NA,NA,NA,NA,NA,NA,NA,NA,NA,NA,NA,NA,NA,NA,NA,NA,NA,NA,NA,NA,NA,NA,NA,NA,NA,NA,NA,NA,NA,NA,NA,NA,NA,NA,NA,62400,61400,NA,NA,NA,NA,83100,NA,NA,NA,NA,NA,NA,NA,NA,NA,NA,NA,NA,NA,124000,107000,NA,NA,NA,NA,NA,NA,NA,NA,NA,NA,NA,NA,NA,NA,NA,NA,NA,NA,
354,P354,Hammill et al,2006,Abundance of Northwest Atlantic hooded seals ,Fisheries and Oceans Canada,Tech Memo,UW,Hooded seal,Cystophora cristata,Cystophora cristata,Phocidae,https://www.dfo-mpo.gc.ca/csas-sccs/publications/resdocs-docrech/2006/2006_068-eng.htm,,,Gulf of St. Lawrence,Gulf of St. Lawrence,0,1,49.15790589,-60.22069888,no,yes,Pup production,Pups,1,Aerial,NA,NA,NA,NA,NA,NA,NA,NA,NA,NA,NA,NA,NA,NA,NA,NA,NA,NA,NA,NA,NA,NA,NA,NA,NA,NA,NA,NA,NA,NA,NA,NA,NA,NA,NA,NA,NA,NA,NA,NA,NA,NA,NA,NA,NA,NA,NA,NA,NA,NA,NA,NA,NA,NA,NA,NA,NA,NA,NA,NA,NA,NA,NA,NA,NA,NA,NA,NA,NA,NA,NA,NA,NA,NA,NA,NA,NA,NA,NA,NA,NA,NA,NA,NA,NA,NA,NA,NA,NA,NA,1600,1700,NA,NA,8700,NA,4678,NA,NA,NA,NA,NA,NA,NA,1400,6600,NA,NA,NA,NA,NA,NA,NA,NA,NA,NA,NA,NA,NA,NA,NA,NA,NA,NA,
355,P355,ICES,2019,ICES/NAFO/NAMMCO WORKING GROUP ON HARP AND HOODED SEALS (WGHARP) ,ICES CIEM,Tech Memo,UW,Hooded seal,Cystophora cristata,Cystophora cristata,Phocidae,ISSN number: 2618-1371,,https://ices-library.figshare.com/articles/report/ICES_NAFO_NAMMCO_Working_group_on_harp_and_HOoded_Seals_WGHARP_/18620666,Greenland sea,Greenland sea,0,1,77.08436014,-6.828115159,no,yes,Estimates of Greenland Sea hooded seal pup production,Pups,1,Aerial,NA,NA,NA,NA,NA,NA,NA,NA,NA,NA,NA,NA,NA,NA,NA,NA,NA,NA,NA,NA,NA,NA,NA,NA,NA,NA,NA,NA,NA,NA,NA,NA,NA,NA,NA,NA,NA,NA,NA,NA,NA,NA,NA,NA,NA,NA,NA,NA,NA,NA,NA,NA,NA,NA,NA,NA,NA,NA,NA,NA,NA,NA,NA,NA,NA,NA,NA,NA,NA,NA,NA,NA,NA,NA,NA,NA,NA,NA,NA,NA,NA,NA,NA,NA,NA,NA,NA,NA,NA,NA,NA,NA,NA,NA,NA,NA,NA,23762,NA,NA,NA,NA,NA,NA,NA,15250,NA,16140,NA,NA,NA,NA,13655,NA,NA,NA,NA,NA,12977,NA,NA,NA,NA,NA,
356,P356,Osman et al,2005,Juan Fernandez Fur Seal Population Trend and Distribution,"Tropical Pinnipeds: Bio-ecology, Threats, and Conservation",Book,UW,Juan Fernandez fur seal,Arctocephalus philippii,Arctocephalus philippii,Otariidae,International Standard Book Number-13: 978-1-4987-4139-2,,https://www.researchgate.net/profile/Juan-Jose-Alava/publication/317275237_Tropical_Pinnipeds_Bio-Ecology_Threats_and_Conservation/links/5e7d07c1458515efa0ad8791/Tropical-Pinnipeds-Bio-Ecology-Threats-and-Conservation.pdf#page=191,Alejandro Selkirk Island,Alejandro Selkirk Island,0,1,-33.75,-80.75,no,yes,Population size,All Individuals,1,Ground,NA,NA,NA,NA,NA,NA,NA,NA,NA,NA,NA,NA,NA,NA,NA,NA,NA,NA,NA,NA,NA,NA,NA,NA,NA,NA,NA,NA,NA,NA,NA,NA,NA,NA,NA,NA,NA,NA,NA,NA,NA,NA,NA,NA,NA,NA,NA,NA,NA,NA,NA,NA,NA,NA,NA,NA,NA,NA,NA,NA,NA,NA,NA,NA,NA,NA,NA,NA,267,500,NA,NA,NA,NA,NA,NA,NA,NA,1820,NA,NA,NA,3480,4318,NA,NA,NA,4510,NA,NA,NA,NA,NA,NA,NA,NA,NA,NA,NA,NA,NA,NA,NA,13941,NA,19720,NA,NA,NA,NA,NA,NA,NA,NA,NA,NA,NA,NA,NA,NA,NA,NA,NA,NA,
357,P357,Osman et al,2005,Juan Fernandez Fur Seal Population Trend and Distribution,"Tropical Pinnipeds: Bio-ecology, Threats, and Conservation",Book,UW,Juan Fernandez fur seal,Arctocephalus philippii,Arctocephalus philippii,Otariidae,International Standard Book Number-13: 978-1-4987-4139-2,,https://www.researchgate.net/profile/Juan-Jose-Alava/publication/317275237_Tropical_Pinnipeds_Bio-Ecology_Threats_and_Conservation/links/5e7d07c1458515efa0ad8791/Tropical-Pinnipeds-Bio-Ecology-Threats-and-Conservation.pdf#page=191,Santa Clara Island,Santa Clara Island,0,1,-33.7,-79.016667,no,yes,Population size,All Individuals,1,Ground,NA,NA,NA,NA,NA,NA,NA,NA,NA,NA,NA,NA,NA,NA,NA,NA,NA,NA,NA,NA,NA,NA,NA,NA,NA,NA,NA,NA,NA,NA,NA,NA,NA,NA,NA,NA,NA,NA,NA,NA,NA,NA,NA,NA,NA,NA,NA,NA,NA,NA,NA,NA,NA,NA,NA,NA,NA,NA,NA,NA,NA,NA,NA,NA,NA,NA,NA,NA,NA,4,NA,NA,NA,NA,NA,NA,NA,NA,84,NA,NA,NA,NA,497,368,NA,NA,NA,NA,NA,NA,NA,NA,NA,NA,NA,NA,NA,2898,2595,2890,4114,NA,5113,NA,5110,NA,NA,NA,NA,NA,NA,NA,NA,NA,NA,NA,NA,NA,NA,NA,NA,NA,NA,
358,P358,Osman et al,2005,"Population Ecology, Trends and Distribution of the Juan Fernandez Fur Seal, Arctocephalus Philippii (Peters 1866) in Chile","Tropical Pinnipeds: Bio-ecology, Threats, and Conservation",Book,UW,Juan Fernandez fur seal,Arctocephalus philippii,Arctocephalus philippii,Otariidae,International Standard Book Number-13: 978-1-4987-4139-2,,https://www.researchgate.net/profile/Juan-Jose-Alava/publication/317275237_Tropical_Pinnipeds_Bio-Ecology_Threats_and_Conservation/links/5e7d07c1458515efa0ad8791/Tropical-Pinnipeds-Bio-Ecology-Threats-and-Conservation.pdf#page=191,Robinson Crusoe Island,Robinson Crusoe Island,0,1,-33.616667,-78.85,no,yes,Population size,All Individuals,1,Ground,NA,NA,NA,NA,NA,NA,NA,NA,NA,NA,NA,NA,NA,NA,NA,NA,NA,NA,NA,NA,NA,NA,NA,NA,NA,NA,NA,NA,NA,NA,NA,NA,NA,NA,NA,NA,NA,NA,NA,NA,NA,NA,NA,NA,NA,NA,NA,NA,NA,NA,NA,NA,NA,NA,NA,NA,NA,NA,NA,NA,NA,NA,NA,NA,NA,NA,NA,NA,192,246,NA,NA,NA,NA,NA,NA,NA,NA,512,NA,NA,NA,NA,1544,1206,NA,NA,NA,NA,NA,NA,NA,NA,NA,NA,NA,NA,NA,5837,7142,8503,8792,NA,8080,9165,7253,NA,NA,NA,NA,NA,NA,NA,NA,NA,NA,NA,NA,NA,NA,NA,NA,NA,NA,
359,P359,Reijnders et al,1993,"Seals, Fur Seals, Sea Lions and Walrus. Status Survey and Conservation Action Plan",IUCN/SSC Seal Specialist Group,Report,UW,Juan Fernandez fur seal,Arctocephalus philippii,Arctocephalus philippii,Otariidae,ISBN 2-8317-0141-4,,https://portals.iucn.org/library/sites/library/files/documents/1993-034.pdf,Juan Fernandez Islands - Total,,0,1,-33.63333,-78.85,yes,no,Number of individuals,,,Census,NA,NA,NA,NA,NA,NA,NA,NA,NA,NA,NA,NA,NA,NA,NA,NA,NA,NA,NA,NA,NA,NA,NA,NA,NA,NA,NA,NA,NA,NA,NA,NA,NA,NA,NA,NA,NA,NA,NA,NA,NA,NA,NA,NA,NA,NA,NA,NA,NA,NA,NA,NA,NA,NA,NA,NA,NA,NA,NA,NA,NA,NA,NA,NA,NA,NA,NA,NA,NA,NA,750,NA,NA,NA,NA,NA,NA,NA,NA,NA,NA,NA,NA,NA,NA,4700,NA,NA,NA,NA,NA,12000,NA,NA,NA,NA,NA,NA,NA,NA,NA,NA,NA,NA,NA,NA,NA,NA,NA,NA,NA,NA,NA,NA,NA,NA,NA,NA,NA,NA,NA,NA,NA,NA,
360,P360,Woodman et al. ,2024,"CS-PHOC: Weekly census counts of Southern Ocean phocids at Cape Shirreff, Livingston Island (1997-2023)",Sci Data,Journal Article,UW,Leopard seal,Hydrurga leptonyx,Hydrurga leptonyx,Phocidae,https://doi.org/10.1038/s41597-024-03744-9,,,"Cape Shirreff, Livingston Island","Cape Shirreff, Livingston Island",0,1,-62.52866327,-60.73261129,no,yes,All individuals,All Individuals,1,Ground,NA,NA,NA,NA,NA,NA,NA,NA,NA,NA,NA,NA,NA,NA,NA,NA,NA,NA,NA,NA,NA,NA,NA,NA,NA,NA,NA,NA,NA,NA,NA,NA,NA,NA,NA,NA,NA,NA,NA,NA,NA,NA,NA,NA,NA,NA,NA,NA,NA,NA,NA,NA,NA,NA,NA,NA,NA,NA,NA,NA,NA,NA,NA,NA,NA,NA,NA,NA,NA,NA,NA,NA,NA,NA,NA,NA,NA,NA,NA,NA,NA,NA,NA,NA,NA,NA,NA,NA,NA,NA,NA,NA,NA,NA,NA,NA,NA,NA,1,1,1,2,7,0,12,4,6,12,NA,NA,20,16,16,18,13,16,14,10,13,6,6,NA,NA,5,
361,P361,Martinez-Jauregui et al,2012,Population resilience of the Mediterranean monk seal Monachus monachus at Cabo Blanco peninsula,Marine Ecology Progress Series,Journal Article,UW,Mediterranean monk seal,Monachus monachus,Monachus monachus,Phocidae,doi: 10.3354/meps09811,,https://www.int-res.com/articles/meps2012/461/m461p273.pdf,Cabo Blanco,Cabo Blanco ,1,1,20.84009259,-17.07458463,yes,yes,All Individuals,All Individuals,1,Combination,NA,NA,NA,NA,NA,NA,NA,NA,NA,NA,NA,NA,NA,NA,NA,NA,NA,NA,NA,NA,NA,NA,NA,NA,NA,NA,NA,NA,NA,NA,NA,NA,NA,NA,NA,NA,NA,NA,NA,NA,NA,NA,NA,NA,NA,NA,NA,NA,NA,NA,NA,NA,NA,NA,NA,NA,NA,NA,NA,NA,NA,NA,NA,NA,NA,NA,NA,NA,NA,NA,NA,NA,NA,NA,NA,NA,NA,NA,NA,NA,NA,NA,NA,NA,NA,NA,NA,NA,NA,NA,NA,NA,NA,NA,NA,NA,NA,NA,NA,NA,NA,NA,NA,69,NA,83,87,107,NA,NA,NA,NA,NA,NA,NA,NA,NA,NA,NA,NA,NA,NA,NA,NA,
362,P362,Nicolaou et al,2019,Re-establishment of the Mediterranean monk seal Monachus monachus in Cyprus: priorities for conservation,Oryx,Journal Article,UW,Mediterranean monk seal,Monachus monachus,Monachus monachus,Phocidae,https://doi.org/10.1017/S0030605319000759,,https://www.cambridge.org/core/journals/oryx/article/reestablishment-of-the-mediterranean-monk-seal-monachus-monachus-in-cyprus-priorities-for-conservation/D07963F7C5447F0B687B194696030FC8,Pafos-Akamas/Limassol/Kavo Greko-Kavo Pyla,Greece,0,1,34.89074212,32.89822789,no,yes,Sightings,All Individuals,1,Combination,NA,NA,NA,NA,NA,NA,NA,NA,NA,NA,NA,NA,NA,NA,NA,NA,NA,NA,NA,NA,NA,NA,NA,NA,NA,NA,NA,NA,NA,NA,NA,NA,NA,NA,NA,NA,NA,NA,NA,NA,NA,NA,NA,NA,NA,NA,NA,NA,NA,NA,NA,NA,NA,NA,NA,NA,NA,NA,NA,NA,NA,NA,NA,NA,NA,NA,NA,NA,NA,NA,NA,NA,NA,NA,NA,NA,NA,NA,NA,NA,NA,NA,NA,NA,NA,NA,NA,NA,NA,NA,NA,NA,NA,NA,NA,NA,NA,NA,NA,NA,NA,NA,NA,NA,NA,NA,NA,NA,NA,5,15,17,17,23,14,54,57,62,101,NA,NA,NA,NA,NA,
363,P363,Forcada et al,1999,Status of the Mediterranean monk seal Monachus monachus in the western Sahara and the implications of a mass mortality event ,Marine Ecology Progress Series,Journal Article,LPI,Mediterranean monk seal,Monachus monachus,Monachus monachus,Phocidae,doi:10.3354/meps188249,,https://www.int-res.com/abstracts/meps/v188/p249-261/,"Cap Blanc Penninsula, Western Sahara",Cabo Blanco ,2,0,20.76667,-17.5,yes,yes,Number of individuals,All Individuals,1,CMR,NA,NA,NA,NA,NA,NA,NA,NA,NA,NA,NA,NA,NA,NA,NA,NA,NA,NA,NA,NA,NA,NA,NA,NA,NA,NA,NA,NA,NA,NA,NA,NA,NA,NA,NA,NA,NA,NA,NA,NA,NA,NA,NA,NA,NA,NA,NA,NA,NA,NA,NA,NA,NA,NA,NA,NA,NA,NA,NA,NA,NA,NA,NA,NA,NA,NA,NA,NA,NA,NA,NA,NA,NA,NA,NA,NA,NA,NA,NA,NA,NA,NA,NA,NA,NA,NA,NA,NA,NA,NA,NA,NA,NA,322,311,316,317,109,103,NA,NA,NA,NA,NA,NA,NA,NA,NA,NA,NA,NA,NA,NA,NA,NA,NA,NA,NA,NA,NA,NA,NA,NA,NA,
364,P364,Pires et al,2008,The Critically Endangered Mediterranean monk seal Monachus monachus in the archipelago of Madeira: priorities for conservation,Oryx,Journal Article,UW,Mediterranean monk seal,Monachus monachus,Monachus monachus,Phocidae,doi:10.1017/S0030605308006704,,https://www.cambridge.org/core/journals/oryx/article/critically-endangered-mediterranean-monk-seal-monachus-monachus-in-the-archipelago-of-madeira-priorities-for-conservation/307F69CCDC071125B306BBE9C7AC69D3,Madeira,Madeira Island ,0,1,32.74757731,-17.00663206,no,yes,Sightings,All Individuals,1,Combination,NA,NA,NA,NA,NA,NA,NA,NA,NA,NA,NA,NA,NA,NA,NA,NA,NA,NA,NA,NA,NA,NA,NA,NA,NA,NA,NA,NA,NA,NA,NA,NA,NA,NA,NA,NA,NA,NA,NA,NA,NA,NA,NA,NA,NA,NA,NA,NA,NA,NA,NA,NA,NA,NA,NA,NA,NA,NA,NA,NA,NA,NA,NA,NA,NA,NA,NA,NA,NA,NA,NA,NA,NA,NA,NA,NA,NA,NA,NA,NA,NA,NA,NA,NA,NA,NA,NA,NA,NA,NA,NA,NA,NA,NA,NA,NA,NA,1,8,12,20,9,66,103,123,47,NA,NA,NA,NA,NA,NA,NA,NA,NA,NA,NA,NA,NA,NA,NA,NA,NA,NA,
365,P365,Bradshaw et al,2000,Clustering of colonies in an expanding population of New Zealand fur seals (Arctocephalus forsteri),The Zoological Society of London,Journal Article,UW,New Zealand fur seal,Arctocephalus forsteri,Arctocephalus forsteri,Otariidae,https://doi.org/10.1111/j.1469-7998.2000.tb00581.x,,https://zslpublications.onlinelibrary.wiley.com/doi/epdf/10.1111/j.1469-7998.2000.tb00581.x,Otago Peninsula,Otago Peninsula,0,1,-45.82910919,170.7439113,no,yes,Pups,Pups,1,Ground,NA,NA,NA,NA,NA,NA,NA,NA,NA,NA,NA,NA,NA,NA,NA,NA,NA,NA,NA,NA,NA,NA,NA,NA,NA,NA,NA,NA,NA,NA,NA,NA,NA,NA,NA,NA,NA,NA,NA,NA,NA,NA,NA,NA,NA,NA,NA,NA,NA,NA,NA,NA,NA,NA,NA,NA,NA,NA,NA,NA,NA,NA,NA,NA,NA,NA,NA,NA,NA,NA,NA,NA,NA,NA,NA,NA,NA,NA,NA,NA,NA,NA,NA,NA,NA,NA,NA,NA,NA,NA,NA,NA,NA,NA,697,931,1062,1385,1322,NA,NA,NA,NA,NA,NA,NA,NA,NA,NA,NA,NA,NA,NA,NA,NA,NA,NA,NA,NA,NA,NA,NA,NA,NA,
366,P366,Taylor,1996,"Distribution, abundance and pup production of the New Zealand fur seal (Arctocephalus forsteri Lesson) at the Bounty Islands",Department of Conservation,Tech memo,LPI,New Zealand fur seal,Arctocephalus forsteri,Arctocephalus forsteri,Otariidae,ISBN 0-478-01813-4,,https://www.doc.govt.nz/globalassets/documents/science-and-technical/sfc032.pdf,Bounty Islands,Bounty Islands,0,1,-47.75,179.05,no,yes,Adult hauled out seals,All Individuals,0.204,Aerial,NA,NA,NA,NA,NA,NA,NA,NA,NA,NA,NA,NA,NA,NA,NA,NA,NA,NA,NA,NA,NA,NA,NA,NA,NA,NA,NA,NA,NA,NA,NA,NA,NA,NA,NA,NA,NA,NA,NA,NA,NA,NA,NA,NA,NA,NA,NA,NA,NA,NA,NA,NA,NA,NA,NA,NA,NA,NA,NA,NA,NA,NA,NA,NA,NA,NA,NA,NA,NA,NA,NA,NA,NA,NA,NA,NA,NA,NA,2660,NA,NA,NA,NA,7271,NA,NA,NA,NA,NA,NA,NA,NA,NA,NA,6214,NA,NA,NA,NA,NA,NA,NA,NA,NA,NA,NA,NA,NA,NA,NA,NA,NA,NA,NA,NA,NA,NA,NA,NA,NA,NA,NA,NA,NA,
367,P367,Shaughnessy et al,2014,Status and Tends in Abundance of New Zeland Fur Seal Populations in South Australia,South Australian Research and Development Institue,Tech memo,UW,New Zealand fur seal,Arctocephalus forsteri,Arctocephalus forsteri,Otariidae,SARDI Publication No. F2014/000338-1,,https://www.pir.sa.gov.au/__data/assets/pdf_file/0005/232394/NZ_Fur_Seals_Survey_2013-14_Report_-_FINAL.pdf,Cape Gantheaume,Cape Gantheaume,0,1,-36.09052123,137.464865,no,yes,Pups,Pups,1,Combination,NA,NA,NA,NA,NA,NA,NA,NA,NA,NA,NA,NA,NA,NA,NA,NA,NA,NA,NA,NA,NA,NA,NA,NA,NA,NA,NA,NA,NA,NA,NA,NA,NA,NA,NA,NA,NA,NA,NA,NA,NA,NA,NA,NA,NA,NA,NA,NA,NA,NA,NA,NA,NA,NA,NA,NA,NA,NA,NA,NA,NA,NA,NA,NA,NA,NA,NA,NA,NA,NA,NA,NA,NA,NA,NA,NA,NA,NA,NA,NA,NA,NA,NA,NA,NA,NA,NA,NA,464,532,600,735,870,961,1119,1411,1568,1928,2063,2176,1751,2245,2335,2896,3458,3817,3818,3684,4470,3461,4628,4898,4652,5348,NA,NA,NA,NA,NA,NA,NA,NA,NA,NA,
368,P368,Shaughnessy et al,2014,Status and Tends in Abundance of New Zeland Fur Seal Populations in South Australia,South Australian Research and Development Institue,Tech memo,UW,New Zealand fur seal,Arctocephalus forsteri,Arctocephalus forsteri,Otariidae,SARDI Publication No. F2014/000338-1,,https://www.pir.sa.gov.au/__data/assets/pdf_file/0005/232394/NZ_Fur_Seals_Survey_2013-14_Report_-_FINAL.pdf,Liguanea Island,Liguanea Island,0,1,-34.99,135.62,no,yes,Pups,Pups,1,Combination,NA,NA,NA,NA,NA,NA,NA,NA,NA,NA,NA,NA,NA,NA,NA,NA,NA,NA,NA,NA,NA,NA,NA,NA,NA,NA,NA,NA,NA,NA,NA,NA,NA,NA,NA,NA,NA,NA,NA,NA,NA,NA,NA,NA,NA,NA,NA,NA,NA,NA,NA,NA,NA,NA,NA,NA,NA,NA,NA,NA,NA,NA,NA,NA,NA,NA,NA,NA,NA,NA,NA,NA,NA,NA,NA,NA,NA,NA,NA,NA,NA,NA,NA,NA,NA,NA,NA,NA,NA,NA,NA,NA,NA,NA,NA,NA,NA,NA,NA,NA,NA,NA,NA,NA,1977,2101,2044,1786,NA,NA,NA,NA,NA,1831,NA,NA,NA,NA,NA,NA,NA,NA,NA,NA,
369,P369,Shaughnessy et al,2014,Status and Tends in Abundance of New Zeland Fur Seal Populations in South Australia,South Australian Research and Development Institue,Tech memo,UW,New Zealand fur seal,Arctocephalus forsteri,Arctocephalus forsteri,Otariidae,SARDI Publication No. F2014/000338-1,,https://www.pir.sa.gov.au/__data/assets/pdf_file/0005/232394/NZ_Fur_Seals_Survey_2013-14_Report_-_FINAL.pdf,South Neptune Islands,South Neptune Islands,0,1,-35.33138841,136.1148334,no,yes,Pups,Pups,1,Combination,NA,NA,NA,NA,NA,NA,NA,NA,NA,NA,NA,NA,NA,NA,NA,NA,NA,NA,NA,NA,NA,NA,NA,NA,NA,NA,NA,NA,NA,NA,NA,NA,NA,NA,NA,NA,NA,NA,NA,NA,NA,NA,NA,NA,NA,NA,NA,NA,NA,NA,NA,NA,NA,NA,NA,NA,NA,NA,NA,NA,NA,NA,NA,NA,NA,NA,NA,NA,NA,NA,NA,NA,NA,NA,NA,NA,NA,NA,NA,NA,NA,NA,NA,NA,NA,NA,NA,NA,NA,NA,NA,NA,1921,NA,NA,NA,NA,NA,NA,1764,NA,NA,NA,3191,NA,3887,3617,3505,NA,NA,NA,NA,NA,3213,NA,NA,NA,NA,NA,NA,NA,NA,NA,NA,
370,P370,Shaughnessy et al,2014,Status and trends in abundance of New Zeland fur seal populations in South Australia,South Australian Research and Development Institue,Tech memo,UW,New Zealand fur seal,Arctocephalus forsteri,Arctocephalus forsteri,Otariidae,SARDI Publication No. F2014/000338-1,,https://www.pir.sa.gov.au/__data/assets/pdf_file/0005/232394/NZ_Fur_Seals_Survey_2013-14_Report_-_FINAL.pdf,Cape du Couedic,Cape du Couedic,0,1,-36.06662423,136.6978185,no,yes,Pups,Pups,1,Combination,NA,NA,NA,NA,NA,NA,NA,NA,NA,NA,NA,NA,NA,NA,NA,NA,NA,NA,NA,NA,NA,NA,NA,NA,NA,NA,NA,NA,NA,NA,NA,NA,NA,NA,NA,NA,NA,NA,NA,NA,NA,NA,NA,NA,NA,NA,NA,NA,NA,NA,NA,NA,NA,NA,NA,NA,NA,NA,NA,NA,NA,NA,NA,NA,NA,NA,NA,NA,NA,NA,NA,NA,NA,NA,NA,NA,NA,NA,NA,NA,NA,NA,NA,NA,NA,NA,NA,NA,262,352,398,466,512,535,580,760,806,1009,1166,1212,1190,1415,1483,1775,2359,2337,2361,2092,NA,NA,3417,NA,NA,4070,NA,NA,NA,NA,NA,NA,NA,NA,NA,NA,
371,P371,Shaughnessy et al,2014,Status and Trends in Abundance of New Zeland Fur Seal Populations in South Australia,South Australian Research and Development Institue,Tech memo,UW,New Zealand fur seal,Arctocephalus forsteri,Arctocephalus forsteri,Otariidae,SARDI Publication No. F2014/000338-1,,https://www.pir.sa.gov.au/__data/assets/pdf_file/0005/232394/NZ_Fur_Seals_Survey_2013-14_Report_-_FINAL.pdf,North Neptune Islands,North Neptune Islands,0,1,-35.23,136.07,no,yes,Pups,Pups,1,Combination,NA,NA,NA,NA,NA,NA,NA,NA,NA,NA,NA,NA,NA,NA,NA,NA,NA,NA,NA,NA,NA,NA,NA,NA,NA,NA,NA,NA,NA,NA,NA,NA,NA,NA,NA,NA,NA,NA,NA,NA,NA,NA,NA,NA,NA,NA,NA,NA,NA,NA,NA,NA,NA,NA,NA,NA,NA,NA,NA,NA,NA,NA,NA,NA,NA,NA,NA,NA,NA,NA,NA,NA,NA,NA,NA,NA,NA,NA,NA,NA,NA,NA,NA,NA,NA,NA,NA,NA,NA,NA,NA,NA,2752,NA,NA,NA,NA,NA,NA,4224,NA,NA,NA,4033,NA,4764,4112,3741,NA,NA,NA,NA,NA,4674,NA,NA,NA,NA,NA,NA,NA,NA,NA,NA,
372,P372,Childerhouse et al,1998,Historical and modern distribution and abundance of the New Zealand sea lion Phocarctos hookeri,New Zealand Journal of Zoology,Journal Article,LPI,New Zealand sea lion,Phocarctos hookeri,Phocarctos hookeri,Otariidae,DOI: 10.1080/03014223.1998.9518131,,https://ref.coastalrestorationtrust.org.nz/site/assets/files/6800/historical_and_modern_distribution_and_abundance_of_the_new_zealand_sea_lion_phocarctos_hookeri.pdf,Total,,0,1,-42,174,yes,no,Total population,,,Different methods,NA,NA,NA,NA,NA,NA,NA,NA,NA,NA,NA,NA,NA,NA,NA,NA,NA,NA,NA,NA,NA,NA,NA,NA,NA,NA,NA,NA,NA,NA,NA,NA,NA,NA,NA,NA,NA,NA,NA,NA,NA,NA,NA,NA,NA,NA,NA,NA,NA,NA,NA,NA,NA,NA,NA,NA,NA,NA,NA,NA,NA,NA,NA,NA,NA,NA,NA,NA,NA,NA,NA,NA,NA,NA,NA,3000,NA,NA,NA,NA,NA,NA,4000,NA,6655,6750,NA,NA,NA,NA,NA,NA,11985,NA,12600,13400,NA,NA,NA,NA,NA,NA,NA,NA,NA,NA,NA,NA,NA,NA,NA,NA,NA,NA,NA,NA,NA,NA,NA,NA,NA,NA,NA,NA,
373,P373,JIM ROBERTS,2022,"Investigating survival of the New Zealand sea lion,Phocarctos hookeri, in the growing population in Otago,mainland New Zealand",University of Otago,PhD Dissertation,UW,New Zealand sea lion,Phocarctos hookeri,Phocarctos hookeri,Otariidae,https://ourarchive.otago.ac.nz/bitstream/handle/10523/13706/ThompsonM_2022_MSc.pdf?sequence=1&isAllowed=y,,,Otago/Catlins,Otago/Catlins,1,1,-46.00317144,170.5270615,yes,yes,Pups,Pups,1,Ground,NA,NA,NA,NA,NA,NA,NA,NA,NA,NA,NA,NA,NA,NA,NA,NA,NA,NA,NA,NA,NA,NA,NA,NA,NA,NA,NA,NA,NA,NA,NA,NA,NA,NA,NA,NA,NA,NA,NA,NA,NA,NA,NA,NA,NA,NA,NA,NA,NA,NA,NA,NA,NA,NA,NA,NA,NA,NA,NA,NA,NA,NA,NA,NA,NA,NA,NA,NA,NA,NA,NA,NA,NA,NA,NA,NA,NA,NA,NA,NA,NA,NA,NA,NA,NA,NA,NA,NA,NA,NA,NA,NA,NA,NA,NA,0,1,0,2,1,1,4,3,3,3,4,7,4,6,5,6,7,6,8,4,11,16,15,18,19,22,22,29,26,38
374,P374,Chilvers et al,2015,Phocarctos hookeri. The IUCN Red List of Threatened Species 2015,IUCN,Research Article,UW,New Zealand sea lion,Phocarctos hookeri,Phocarctos hookeri,Otariidae,https://www.iucnredlist.org/species/17026/1306343,,,Auckland Islands,,0,1,-50.72496617,166.1044825,no,no,Pups,,,M-R,NA,NA,NA,NA,NA,NA,NA,NA,NA,NA,NA,NA,NA,NA,NA,NA,NA,NA,NA,NA,NA,NA,NA,NA,NA,NA,NA,NA,NA,NA,NA,NA,NA,NA,NA,NA,NA,NA,NA,NA,NA,NA,NA,NA,NA,NA,NA,NA,NA,NA,NA,NA,NA,NA,NA,NA,NA,NA,NA,NA,NA,NA,NA,NA,NA,NA,NA,NA,NA,NA,NA,NA,NA,NA,NA,NA,NA,NA,NA,NA,NA,NA,NA,NA,NA,NA,NA,NA,NA,NA,NA,NA,NA,NA,2518,2685,2975,3021,2867,2856,2859,2282,2518,2515,2148,2089,2224,2175,1501,1814,1550,1683,1930,1575,NA,NA,NA,NA,NA,NA,NA,NA,NA,NA,
375,P375,Hamilton et al,2019,Population growth of an endangered pinniped—the New Zealand sea lion (Phocarctos hookeri)—is limited more by high pup mortality than fisheries bycatch,Ices Journal of Marine Science,Journal Article,UW,New Zealand sea lion,Phocarctos hookeri,Phocarctos hookeri,Otariidae,https://doi.org/10.1093/icesjms/fsz039,,https://academic.oup.com/icesjms/article/76/6/1794/5421315,Campbell Island,Campbell Island,1,0,-52.54151813,169.1724383,yes,yes,Pups,Pups,1,Ground,NA,NA,NA,NA,NA,NA,NA,NA,NA,NA,NA,NA,NA,NA,NA,NA,NA,NA,NA,NA,NA,NA,NA,NA,NA,NA,NA,NA,NA,NA,NA,NA,NA,NA,NA,NA,NA,NA,NA,NA,NA,NA,NA,NA,NA,NA,NA,NA,NA,NA,NA,NA,NA,NA,NA,NA,NA,NA,NA,NA,NA,NA,NA,NA,NA,NA,NA,NA,NA,NA,NA,NA,NA,NA,NA,NA,NA,NA,NA,NA,NA,NA,NA,NA,NA,31,NA,NA,55,NA,NA,NA,124,153,NA,NA,NA,NA,77,NA,NA,NA,385,NA,NA,NA,NA,NA,NA,NA,NA,NA,NA,NA,NA,NA,NA,NA,NA,NA,NA,NA,NA,NA,
376,P376,Chilvers et al,2015,Phocarctos hookeri. The IUCN Red List of Threatened Species 2017,IUCN,Research Article,UW,New Zealand sea lion,Phocarctos hookeri,Phocarctos hookeri,Otariidae,https://www.iucnredlist.org/species/17026/1306345,,,Otago/Catlins,Otago/Catlins,2,0,-46.00317144,170.5270615,yes,yes,Pups,Pups,1,Ground,NA,NA,NA,NA,NA,NA,NA,NA,NA,NA,NA,NA,NA,NA,NA,NA,NA,NA,NA,NA,NA,NA,NA,NA,NA,NA,NA,NA,NA,NA,NA,NA,NA,NA,NA,NA,NA,NA,NA,NA,NA,NA,NA,NA,NA,NA,NA,NA,NA,NA,NA,NA,NA,NA,NA,NA,NA,NA,NA,NA,NA,NA,NA,NA,NA,NA,NA,NA,NA,NA,NA,NA,NA,NA,NA,NA,NA,NA,NA,NA,NA,NA,NA,NA,NA,NA,NA,NA,NA,NA,NA,NA,NA,NA,0,1,0,3,1,1,3,3,3,3,4,7,4,6,5,6,6,6,6,NA,NA,NA,NA,NA,NA,NA,NA,NA,NA,NA,
377,P377,JIM ROBERTS,2015,Phocarctos hookeri. The IUCN Red List of Threatened Species 2018,IUCN,Research Article,UW,New Zealand sea lion,Phocarctos hookeri,Phocarctos hookeri,Otariidae,https://www.iucnredlist.org/es/species/17026/1306343#population,,,Stewart Island,Stewart Island,0,1,-46.95996591,167.8476718,no,yes,Pups,Pups,1,Ground,NA,NA,NA,NA,NA,NA,NA,NA,NA,NA,NA,NA,NA,NA,NA,NA,NA,NA,NA,NA,NA,NA,NA,NA,NA,NA,NA,NA,NA,NA,NA,NA,NA,NA,NA,NA,NA,NA,NA,NA,NA,NA,NA,NA,NA,NA,NA,NA,NA,NA,NA,NA,NA,NA,NA,NA,NA,NA,NA,NA,NA,NA,NA,NA,NA,NA,NA,NA,NA,NA,NA,NA,NA,NA,NA,NA,NA,NA,NA,NA,NA,NA,NA,NA,NA,NA,NA,NA,NA,NA,NA,NA,NA,NA,NA,NA,NA,NA,NA,NA,NA,NA,NA,NA,NA,NA,NA,NA,NA,NA,NA,16,25,26,32,36,31,41,55,51,47,57,62,57,80
378,P378,JIM ROBERTS,2019,Population growth of an endangered pinniped—the New Zealand sea lion (Phocarctos hookeri)—is limited more by high pup mortality than fisheries bycatch,Ices Journal of Marine Science,Journal Article,UW,New Zealand sea lion,Phocarctos hookeri,Phocarctos hookeri,Otariidae,https://doi.org/10.1093/icesjms/fsz039,,https://academic.oup.com/icesjms/article/76/6/1794/5421315,Campbell Island,Campbell Island,2,1,-52.54151813,169.1724383,yes,yes,Pups,Pups,1,Ground,NA,NA,NA,NA,NA,NA,NA,NA,NA,NA,NA,NA,NA,NA,NA,NA,NA,NA,NA,NA,NA,NA,NA,NA,NA,NA,NA,NA,NA,NA,NA,NA,NA,NA,NA,NA,NA,NA,NA,NA,NA,NA,NA,NA,NA,NA,NA,NA,NA,NA,NA,NA,NA,NA,NA,NA,NA,NA,NA,NA,NA,NA,NA,NA,NA,NA,NA,NA,NA,NA,NA,NA,NA,NA,NA,NA,NA,NA,NA,NA,NA,NA,NA,NA,NA,NA,NA,NA,NA,NA,NA,NA,124,153,NA,NA,NA,NA,77,NA,NA,NA,385,385,NA,NA,NA,NA,564,NA,671,NA,NA,NA,NA,688,NA,NA,730,733,592,NA,NA,NA,
3790,P3790,JIM ROBERTS,2012,"Research to assess the demographic parameters of New Zealand sea lions, Auckland Islands",New Zealand Department of Conservation,Tech memo,UW,New Zealand sea lion,Phocarctos hookeri,Phocarctos hookeri,Otariidae,POP 2007/01,,"https://www.doc.govt.nz/globalassets/documents/conservation/marine-and-coastal/fishing/pop2010-01-draft-sea-lion-report-auckland-islands.pdf#:~:text=The%20New%20Zealand%20sea%20lion%20%28NZ%20sea%20lion%29%2C,world%E2%80%99s%20rarest%20sea%20lion%20%28Geschke%20%26%20Chilvers%202009%29.",Auckland Islands,Dundas Island,0,1,-50.56598366,166.359498,yes,yes,Pups,Pups,1,CMR,NA,NA,NA,NA,NA,NA,NA,NA,NA,NA,NA,NA,NA,NA,NA,NA,NA,NA,NA,NA,NA,NA,NA,NA,NA,NA,NA,NA,NA,NA,NA,NA,NA,NA,NA,NA,NA,NA,NA,NA,NA,NA,NA,NA,NA,NA,NA,NA,NA,NA,NA,NA,NA,NA,NA,NA,NA,NA,NA,NA,NA,NA,NA,NA,NA,NA,NA,NA,NA,NA,NA,NA,NA,NA,NA,NA,NA,NA,NA,NA,NA,NA,NA,NA,NA,NA,NA,NA,NA,NA,NA,NA,NA,NA,NA,2518,2685,2975,3021,2867,2856,2859,2282,2517,2515,2148,2089,2224,2175,1501,1814,1550,1684,1868,1575,1576,1727,1965,1792,1679,1740,NA,1686,1278,1457
379,P379,Chilvers et al,2012,"Research to assess the demographic parameters of New Zealand sea lions, Auckland Islands",New Zealand Department of Conservation,Tech memo,UW,New Zealand sea lion,Phocarctos hookeri,Phocarctos hookeri,Otariidae,POP 2007/01,,"https://www.doc.govt.nz/globalassets/documents/conservation/marine-and-coastal/fishing/pop2010-01-draft-sea-lion-report-auckland-islands.pdf#:~:text=The%20New%20Zealand%20sea%20lion%20%28NZ%20sea%20lion%29%2C,world%E2%80%99s%20rarest%20sea%20lion%20%28Geschke%20%26%20Chilvers%202009%29.",Dundas Island,Dundas Island,0,0,-50.56598366,166.359498,yes,no,Pups,Pups,1,CMR,NA,NA,NA,NA,NA,NA,NA,NA,NA,NA,NA,NA,NA,NA,NA,NA,NA,NA,NA,NA,NA,NA,NA,NA,NA,NA,NA,NA,NA,NA,NA,NA,NA,NA,NA,NA,NA,NA,NA,NA,NA,NA,NA,NA,NA,NA,NA,NA,NA,NA,NA,NA,NA,NA,NA,NA,NA,NA,NA,NA,NA,NA,NA,NA,NA,NA,NA,NA,NA,NA,NA,NA,NA,NA,NA,NA,NA,NA,NA,NA,NA,NA,NA,NA,NA,NA,NA,NA,NA,NA,NA,NA,NA,NA,NA,1846,2021,2272,2394,2186,2163,2148,1756,1891,1869,1587,1581,1693,1635,1132,1363,1089,1246,1496,1208,1223,1344,1565,1398,1291,1398,NA,1238,NA,
380,P380,Chilvers et al,2012,"Research to assess the demographic parameters of New Zealand sea lions, Auckland Islands",New Zealand Department of Conservation,Tech memo,UW,New Zealand sea lion,Phocarctos hookeri,Phocarctos hookeri,Otariidae,POP 2007/01,,"https://www.doc.govt.nz/globalassets/documents/conservation/marine-and-coastal/fishing/pop2010-01-draft-sea-lion-report-auckland-islands.pdf#:~:text=The%20New%20Zealand%20sea%20lion%20%28NZ%20sea%20lion%29%2C,world%E2%80%99s%20rarest%20sea%20lion%20%28Geschke%20%26%20Chilvers%202009%29.",Figure of Eight Island,Figure of Eight Island,0,0,-50.76433291,166.0229554,yes,no,Pups,Pups,1,Ground,NA,NA,NA,NA,NA,NA,NA,NA,NA,NA,NA,NA,NA,NA,NA,NA,NA,NA,NA,NA,NA,NA,NA,NA,NA,NA,NA,NA,NA,NA,NA,NA,NA,NA,NA,NA,NA,NA,NA,NA,NA,NA,NA,NA,NA,NA,NA,NA,NA,NA,NA,NA,NA,NA,NA,NA,NA,NA,NA,NA,NA,NA,NA,NA,NA,NA,NA,NA,NA,NA,NA,NA,NA,NA,NA,NA,NA,NA,NA,NA,NA,NA,NA,NA,NA,NA,NA,NA,NA,NA,NA,NA,NA,NA,NA,144,145,144,120,109,137,94,96,95,87,83,62,70,74,54,55,79,74,75,72,60,59,67,NA,65,53,NA,59,NA,
381,P381,Chilvers et al,2012,"Research to assess the demographic parameters of New Zealand sea lions, Auckland Islands",New Zealand Department of Conservation,Tech memo,UW,New Zealand sea lion,Phocarctos hookeri,Phocarctos hookeri,Otariidae,POP 2010/01,,"https://www.doc.govt.nz/globalassets/documents/conservation/marine-and-coastal/fishing/pop2010-01-draft-sea-lion-report-auckland-islands.pdf#:~:text=The%20New%20Zealand%20sea%20lion%20%28NZ%20sea%20lion%29%2C,world%E2%80%99s%20rarest%20sea%20lion%20%28Geschke%20%26%20Chilvers%202009%29.",Sandy Bay,Sandy Bay,0,0,-50.50790406,166.2813292,yes,no,Pups,Pups,1,CMR,NA,NA,NA,NA,NA,NA,NA,NA,NA,NA,NA,NA,NA,NA,NA,NA,NA,NA,NA,NA,NA,NA,NA,NA,NA,NA,NA,NA,NA,NA,NA,NA,NA,NA,NA,NA,NA,NA,NA,NA,NA,NA,NA,NA,NA,NA,NA,NA,NA,NA,NA,NA,NA,NA,NA,NA,NA,NA,NA,NA,NA,NA,NA,NA,NA,NA,NA,NA,NA,NA,NA,NA,NA,NA,NA,NA,NA,NA,NA,NA,NA,NA,NA,NA,NA,NA,NA,NA,NA,NA,NA,NA,NA,NA,NA,468,455,511,477,513,506,562,403,489,507,441,422,437,448,302,385,378,362,374,288,284,321,349,331,321,288,NA,327,NA,
382,P382,Chilvers et al,2012,"Research to assess the demographic parameters of New Zealand sea lions, Auckland Islands",New Zealand Department of Conservation,Tech memo,UW,New Zealand sea lion,Phocarctos hookeri,Phocarctos hookeri,Otariidae,POP 2007/01,,"https://www.doc.govt.nz/globalassets/documents/conservation/marine-and-coastal/fishing/pop2010-01-draft-sea-lion-report-auckland-islands.pdf#:~:text=The%20New%20Zealand%20sea%20lion%20%28NZ%20sea%20lion%29%2C,world%E2%80%99s%20rarest%20sea%20lion%20%28Geschke%20%26%20Chilvers%202009%29.",South East Point,South East Point,0,0,-50.50620828,166.3184127,yes,no,Pups,Pups,1,Ground,NA,NA,NA,NA,NA,NA,NA,NA,NA,NA,NA,NA,NA,NA,NA,NA,NA,NA,NA,NA,NA,NA,NA,NA,NA,NA,NA,NA,NA,NA,NA,NA,NA,NA,NA,NA,NA,NA,NA,NA,NA,NA,NA,NA,NA,NA,NA,NA,NA,NA,NA,NA,NA,NA,NA,NA,NA,NA,NA,NA,NA,NA,NA,NA,NA,NA,NA,NA,NA,NA,NA,NA,NA,NA,NA,NA,NA,NA,NA,NA,NA,NA,NA,NA,NA,NA,NA,NA,NA,NA,NA,NA,NA,NA,NA,NA,NA,NA,NA,59,50,55,27,43,52,37,24,24,18,14,5,4,NA,NA,NA,NA,NA,NA,NA,NA,NA,NA,NA,NA,
383,P383,Chilvers et al,2012,"Using life-history traits of New Zealand sea lions, Auckland Islands to clarify potential causes of decline",Zoological Society of London: Journal of Zoology,Journal Article,LPI,New Zealand sea lion,Phocarctos hookeri,Phocarctos hookeri,Otariidae,doi:10.1111/j.1469-7998. 2012.00910.x 70,,https://books.google.com/books?id=k8UZEAAAQBAJ&pg=PA270&lpg=PA270&dq=doi:10.1111/j.1469-7998.+2012.00910.x+70&source=bl&ots=KOF3Ny7wC7&sig=ACfU3U1Gkgj3cpelnTw9nOqACeYhpn4JyQ&hl=en&sa=X&ved=2ahUKEwj084ahodyFAxVqIjQIHQGjC58Q6AF6BAgJEAM#v=onepage&q=doi%3A10.1111%2Fj.1469-7998.%202012.00910.x%2070&f=false,"Sandy Bay, Enderby Island, Auckland Islands",,0,1,-50.499719,166.282876,yes,no,Number of males and females,,,Daily direct counts during the breeding season (December-February),NA,NA,NA,NA,NA,NA,NA,NA,NA,NA,NA,NA,NA,NA,NA,NA,NA,NA,NA,NA,NA,NA,NA,NA,NA,NA,NA,NA,NA,NA,NA,NA,NA,NA,NA,NA,NA,NA,NA,NA,NA,NA,NA,NA,NA,NA,NA,NA,NA,NA,NA,NA,NA,NA,NA,NA,NA,NA,NA,NA,NA,NA,NA,NA,NA,NA,NA,NA,NA,NA,NA,NA,NA,NA,NA,NA,NA,NA,NA,NA,NA,NA,NA,NA,NA,NA,NA,NA,NA,NA,NA,NA,NA,NA,NA,NA,NA,NA,NA,526.0595,565.7658,545.8249,491.032,569.4889,569.4209,410.0336,492.0522,467.4433,461.309,348.539,419.5446,NA,NA,NA,NA,NA,NA,NA,NA,NA,NA,NA,NA,NA,
384,P384,Lowry et al,2014,"Abundance, Distribution, and Population Growth of the Northern Elephant Seal (Mirounga angustirostris) in the United States from 1991 to 2010",Aquatic Mammals,Journal publication,UW,Northern elephant seal,Mirounga angustirostris,Mirounga angustirostris,Phocidae,http://dx.doi.org/10.1578/AM.40.1.2014.22,,https://sanctuarysimon.org/regional_docs/monitoring_projects/100274_Lowry_etal_2014.pdf,Ano Nuevo,Ano Nuevo,0,1,37.10718604,-122.3385149,no,yes,Births,Pups,1,Combination,NA,NA,NA,NA,NA,NA,NA,NA,NA,NA,NA,NA,NA,NA,NA,NA,NA,NA,NA,NA,NA,NA,NA,NA,NA,NA,NA,NA,NA,NA,NA,NA,NA,NA,NA,NA,NA,NA,NA,NA,NA,NA,NA,NA,NA,NA,NA,NA,NA,NA,NA,NA,NA,NA,NA,NA,NA,NA,NA,NA,NA,12,23,32,60,75,100,143,187,238,307,326,390,435,495,622,755,891,998,1146,1368,1313,1511,1639,1854,1541,1726,1548,1738,1905,2004,2200,2366,2168,2276,2731,2484,2720,2554,2575,2416,2473,2466,2594,2512,2619,2582,2470,2368,2199,2144,NA,NA,NA,NA,NA,NA,NA,NA,NA,NA,NA,NA,NA,
385,P385,Lowry et al,2014,"Abundance, Distribution, and Population Growth of the Northern Elephant Seal (Mirounga angustirostris) in the United States from 1991 to 2010",Aquatic Mammals,Journal publication,UW,Northern elephant seal,Mirounga angustirostris,Mirounga angustirostris,Phocidae,http://dx.doi.org/10.1578/AM.40.1.2014.23,,https://sanctuarysimon.org/regional_docs/monitoring_projects/100274_Lowry_etal_2014.pdf,Cape San Martin and Gorda,Cape San Martin and Gorda,0,1,35.88919772,-121.4663384,no,yes,Births,Pups,1,Combination,NA,NA,NA,NA,NA,NA,NA,NA,NA,NA,NA,NA,NA,NA,NA,NA,NA,NA,NA,NA,NA,NA,NA,NA,NA,NA,NA,NA,NA,NA,NA,NA,NA,NA,NA,NA,NA,NA,NA,NA,NA,NA,NA,NA,NA,NA,NA,NA,NA,NA,NA,NA,NA,NA,NA,NA,NA,NA,NA,NA,NA,NA,NA,NA,NA,NA,NA,NA,NA,NA,NA,NA,NA,NA,NA,NA,NA,NA,NA,NA,NA,3,18,7,25,24,4,13,13,67,65,263,371,416,471,277,511,506,122,431,224,266,362,305,299,231,278,250,184,204,101,NA,NA,NA,NA,NA,NA,NA,NA,NA,NA,NA,NA,NA,
386,P386,Lowry et al,2014,"Abundance, Distribution, and Population Growth of the Northern Elephant Seal (Mirounga angustirostris) in the United States from 1991 to 2010",Aquatic Mammals,Journal publication,UW,Northern elephant seal,Mirounga angustirostris,Mirounga angustirostris,Phocidae,http://dx.doi.org/10.1578/AM.40.1.2014.24,,https://sanctuarysimon.org/regional_docs/monitoring_projects/100274_Lowry_etal_2014.pdf,Piedras Blancas,Piedras Blancas,0,1,35.66308976,-121.2773687,no,yes,Births,Pups,1,Combination,NA,NA,NA,NA,NA,NA,NA,NA,NA,NA,NA,NA,NA,NA,NA,NA,NA,NA,NA,NA,NA,NA,NA,NA,NA,NA,NA,NA,NA,NA,NA,NA,NA,NA,NA,NA,NA,NA,NA,NA,NA,NA,NA,NA,NA,NA,NA,NA,NA,NA,NA,NA,NA,NA,NA,NA,NA,NA,NA,NA,NA,NA,NA,NA,NA,NA,NA,NA,NA,NA,NA,NA,NA,NA,NA,NA,NA,NA,NA,NA,NA,NA,NA,NA,NA,NA,NA,NA,NA,NA,NA,NA,1,54,293,605,989,1196,1671,1912,1846,1941,2176,2649,3053,3514,3789,4080,4007,3808,4469,NA,NA,NA,NA,NA,NA,NA,NA,NA,NA,NA,NA,NA,
387,P387,Lowry et al,2014,"Abundance, Distribution, and Population Growth of the Northern Elephant Seal (Mirounga angustirostris) in the United States from 1991 to 2010",Aquatic Mammals,Journal publication,UW,Northern elephant seal,Mirounga angustirostris,Mirounga angustirostris,Phocidae,http://dx.doi.org/10.1578/AM.40.1.2014.25,,https://sanctuarysimon.org/regional_docs/monitoring_projects/100274_Lowry_etal_2014.pdf,Point Conception,Point Conception,0,1,34.44696754,-120.4686335,no,yes,Births,Pups,1,Combination,NA,NA,NA,NA,NA,NA,NA,NA,NA,NA,NA,NA,NA,NA,NA,NA,NA,NA,NA,NA,NA,NA,NA,NA,NA,NA,NA,NA,NA,NA,NA,NA,NA,NA,NA,NA,NA,NA,NA,NA,NA,NA,NA,NA,NA,NA,NA,NA,NA,NA,NA,NA,NA,NA,NA,NA,NA,NA,NA,NA,NA,NA,NA,NA,NA,NA,NA,NA,NA,NA,NA,NA,NA,NA,NA,NA,NA,NA,NA,NA,NA,NA,NA,NA,NA,NA,NA,NA,NA,NA,NA,NA,NA,NA,NA,NA,NA,NA,NA,NA,NA,NA,NA,NA,NA,NA,6,NA,NA,NA,8,NA,NA,NA,NA,NA,NA,NA,NA,NA,NA,NA,NA,NA,
388,P388,Lowry et al,2014,"Abundance, Distribution, and Population Growth of the Northern Elephant Seal (Mirounga angustirostris) in the United States from 1991 to 2010",Aquatic Mammals,Journal publication,UW,Northern elephant seal,Mirounga angustirostris,Mirounga angustirostris,Phocidae,http://dx.doi.org/10.1578/AM.40.1.2014.20,,https://sanctuarysimon.org/regional_docs/monitoring_projects/100274_Lowry_etal_2014.pdf,Point Reyes,Point Reyes,0,1,37.99491426,-123.0312287,no,yes,Births,Pups,1,Combination,NA,NA,NA,NA,NA,NA,NA,NA,NA,NA,NA,NA,NA,NA,NA,NA,NA,NA,NA,NA,NA,NA,NA,NA,NA,NA,NA,NA,NA,NA,NA,NA,NA,NA,NA,NA,NA,NA,NA,NA,NA,NA,NA,NA,NA,NA,NA,NA,NA,NA,NA,NA,NA,NA,NA,NA,NA,NA,NA,NA,NA,NA,NA,NA,NA,NA,NA,NA,NA,NA,NA,NA,NA,NA,NA,NA,NA,NA,NA,NA,NA,1,1,2,12,15,19,20,34,44,52,81,116,149,228,150,290,356,381,408,376,402,427,495,642,643,746,705,683,680,698,NA,NA,NA,NA,NA,NA,NA,NA,NA,NA,NA,NA,NA,
389,P389,Lowry et al,2014,"Abundance, Distribution, and Population Growth of the Northern Elephant Seal (Mirounga angustirostris) in the United States from 1991 to 2010",Aquatic Mammals,Journal publication,UW,Northern elephant seal,Mirounga angustirostris,Mirounga angustirostris,Phocidae,http://dx.doi.org/10.1578/AM.40.1.2014.30,,https://sanctuarysimon.org/regional_docs/monitoring_projects/100274_Lowry_etal_2014.pdf,San Clemente Island,San Clemente Island,1,1,32.88969773,-118.4675218,no,yes,Births,Pups,1,Combination,NA,NA,NA,NA,NA,NA,NA,NA,NA,NA,NA,NA,NA,NA,NA,NA,NA,NA,NA,NA,NA,NA,NA,NA,NA,NA,NA,NA,NA,NA,NA,NA,NA,NA,NA,NA,NA,NA,NA,NA,NA,NA,NA,NA,NA,NA,NA,NA,NA,NA,NA,NA,NA,NA,NA,NA,NA,NA,NA,NA,NA,NA,NA,NA,NA,NA,NA,NA,NA,NA,NA,NA,0,NA,NA,NA,NA,1,NA,NA,NA,NA,4,0,3,2,1,1,0,0,0,3,3,2,0,12,16,18,17,13,7,17,20,19,24,46,29,46,63,57,57,NA,NA,NA,NA,NA,NA,NA,NA,NA,NA,NA,NA,NA,
390,P390,Lowry et al,2014,"Abundance, Distribution, and Population Growth of the Northern Elephant Seal (Mirounga angustirostris) in the United States from 1991 to 2010",Aquatic Mammals,Journal publication,UW,Northern elephant seal,Mirounga angustirostris,Mirounga angustirostris,Phocidae,http://dx.doi.org/10.1578/AM.40.1.2014.26,,https://sanctuarysimon.org/regional_docs/monitoring_projects/100274_Lowry_etal_2014.pdf,San Miguel Island,San Miguel Island,1,1,34.0248985,-120.3696327,no,yes,Births,Pups,1,Combination,NA,NA,NA,NA,NA,NA,NA,NA,NA,NA,NA,NA,NA,NA,NA,NA,NA,NA,NA,NA,NA,NA,NA,NA,NA,NA,NA,NA,NA,NA,NA,NA,NA,NA,NA,NA,NA,NA,NA,NA,NA,NA,NA,NA,NA,NA,NA,NA,NA,NA,NA,NA,NA,NA,NA,NA,NA,NA,84,NA,NA,NA,NA,NA,878,NA,NA,NA,1624,NA,NA,NA,2482,3088,NA,3547,4014,4760,5447,5531,6475,7272,7376,8301,9342,10459,9824,10120,11405,11799,12929,13638,13970,14397,15451,14704,14421,NA,15236,NA,12541,13365,NA,NA,NA,15634,NA,NA,NA,NA,16208,NA,NA,NA,NA,NA,NA,NA,NA,NA,NA,NA,NA,NA,
391,P391,Lowry et al,2014,"Abundance, Distribution, and Population Growth of the Northern Elephant Seal (Mirounga angustirostris) in the United States from 1991 to 2010",Aquatic Mammals,Journal publication,UW,Northern elephant seal,Mirounga angustirostris,Mirounga angustirostris,Phocidae,http://dx.doi.org/10.1578/AM.40.1.2014.28,,https://sanctuarysimon.org/regional_docs/monitoring_projects/100274_Lowry_etal_2014.pdf,San Nicolas Island,San Nicolas Island,1,1,33.2454828,-119.5023096,no,yes,Births,Pups,1,Combination,NA,NA,NA,NA,NA,NA,NA,NA,NA,NA,NA,NA,NA,NA,NA,NA,NA,NA,NA,NA,NA,NA,NA,NA,NA,NA,NA,NA,NA,NA,NA,NA,NA,NA,NA,NA,NA,NA,NA,NA,NA,NA,NA,NA,NA,NA,NA,NA,NA,NA,NA,NA,NA,NA,NA,NA,NA,NA,NA,48,NA,NA,NA,NA,83,NA,136,NA,171,193,210,354,428,NA,NA,NA,NA,693,NA,NA,1187,1546,2312,1906,2074,2583,2626,2835,3248,4925,4266,4739,5775,5310,5964,6821,6353,NA,6828,NA,10018,9403,NA,NA,NA,10245,NA,NA,NA,NA,10882,NA,NA,NA,NA,NA,NA,NA,NA,NA,NA,NA,NA,NA,
392,P392,Lowry et al,2014,"Abundance, Distribution, and Population Growth of the Northern Elephant Seal (Mirounga angustirostris) in the United States from 1991 to 2010",Aquatic Mammals,Journal publication,UW,Northern elephant seal,Mirounga angustirostris,Mirounga angustirostris,Phocidae,http://dx.doi.org/10.1578/AM.40.1.2014.29,,https://sanctuarysimon.org/regional_docs/monitoring_projects/100274_Lowry_etal_2014.pdf,Santa Barbara Island,Santa Barbara Island,1,1,33.47476202,-119.0382679,no,yes,Births,Pups,1,Combination,NA,NA,NA,NA,NA,NA,NA,NA,NA,NA,NA,NA,NA,NA,NA,NA,NA,NA,NA,NA,NA,NA,NA,NA,NA,NA,NA,NA,NA,NA,NA,NA,NA,NA,NA,NA,NA,NA,NA,NA,NA,NA,NA,NA,NA,NA,NA,NA,NA,NA,NA,NA,NA,NA,NA,NA,NA,NA,NA,NA,NA,NA,NA,NA,11,NA,NA,NA,NA,NA,NA,NA,28,NA,NA,NA,NA,74,NA,NA,NA,NA,NA,25,80,93,56,75,69,45,18,106,47,110,112,NA,34,NA,67,50,NA,NA,NA,NA,NA,55,NA,NA,NA,NA,51,NA,NA,NA,NA,NA,NA,NA,NA,NA,NA,NA,NA,NA,
393,P393,Lowry et al,2014,"Abundance, Distribution, and Population Growth of the Northern Elephant Seal (Mirounga angustirostris) in the United States from 1991 to 2010",Aquatic Mammals,Journal publication,UW,Northern elephant seal,Mirounga angustirostris,Mirounga angustirostris,Phocidae,http://dx.doi.org/10.1578/AM.40.1.2014.27,,https://sanctuarysimon.org/regional_docs/monitoring_projects/100274_Lowry_etal_2014.pdf,Santa Rosa Island,Santa Rosa Island,0,1,33.96148694,-120.1026855,no,yes,Births,Pups,1,Combination,NA,NA,NA,NA,NA,NA,NA,NA,NA,NA,NA,NA,NA,NA,NA,NA,NA,NA,NA,NA,NA,NA,NA,NA,NA,NA,NA,NA,NA,NA,NA,NA,NA,NA,NA,NA,NA,NA,NA,NA,NA,NA,NA,NA,NA,NA,NA,NA,NA,NA,NA,NA,NA,NA,NA,NA,NA,NA,NA,NA,NA,NA,NA,NA,NA,NA,NA,NA,NA,NA,NA,NA,NA,NA,NA,NA,NA,NA,NA,NA,0,0,0,0,0,2,0,2,2,3,27,86,67,123,315,186,435,NA,516,NA,1527,1575,NA,NA,NA,4227,NA,NA,NA,NA,5946,NA,NA,NA,NA,NA,NA,NA,NA,NA,NA,NA,NA,NA,
394,P394,Lowry et al,2014,"Abundance, Distribution, and Population Growth of the Northern Elephant Seal (Mirounga angustirostris) in the United States from 1991 to 2010",Aquatic Mammals,Journal publication,UW,Northern elephant seal,Mirounga angustirostris,Mirounga angustirostris,Phocidae,http://dx.doi.org/10.1578/AM.40.1.2014.21,,https://sanctuarysimon.org/regional_docs/monitoring_projects/100274_Lowry_etal_2014.pdf,South Farallon ,South Farallon ,0,1,37.69470652,-123.0041653,no,yes,Births,Pups,1,Combination,NA,NA,NA,NA,NA,NA,NA,NA,NA,NA,NA,NA,NA,NA,NA,NA,NA,NA,NA,NA,NA,NA,NA,NA,NA,NA,NA,NA,NA,NA,NA,NA,NA,NA,NA,NA,NA,NA,NA,NA,NA,NA,NA,NA,NA,NA,NA,NA,NA,NA,NA,NA,NA,NA,NA,NA,NA,NA,NA,NA,NA,NA,NA,NA,NA,NA,NA,NA,NA,NA,NA,NA,1,2,17,35,60,104,133,184,232,292,367,475,447,360,434,395,393,380,396,352,370,329,287,299,312,274,250,198,174,156,136,149,156,158,185,168,150,124,120,NA,NA,NA,NA,NA,NA,NA,NA,NA,NA,NA,NA,NA,
395,P395,Garcia-Aguilar et al,2018,"Climate change and the northern elephant seal (Mirounga angustirostris) population in Baja California, Mexico",Plos One,Research article,UW,Northern elephant seal,Mirounga angustirostris,Mirounga angustirostris,Phocidae,https://doi.org/10.1371/journal.pone.0193211,,https://journals.plos.org/plosone/article?id=10.1371/journal.pone.0193211,Cedros Island,Cedros Island,0,1,28.16454343,-115.2359711,no,yes,Pups,Pups,1,Combination,NA,NA,NA,NA,NA,NA,NA,NA,NA,NA,NA,NA,NA,NA,NA,NA,NA,NA,NA,NA,NA,NA,NA,NA,NA,NA,NA,NA,NA,NA,NA,NA,NA,NA,NA,NA,NA,NA,NA,NA,NA,NA,NA,NA,NA,NA,NA,NA,NA,NA,NA,NA,NA,NA,NA,NA,NA,NA,NA,NA,NA,NA,NA,NA,NA,NA,NA,NA,NA,NA,49,NA,NA,NA,NA,NA,NA,112,NA,NA,NA,NA,NA,NA,NA,166,NA,NA,227,NA,NA,391,NA,NA,NA,NA,NA,NA,NA,NA,NA,NA,NA,NA,NA,304,NA,NA,NA,411,339,NA,NA,NA,NA,NA,NA,NA,NA,NA,NA,NA,NA,NA,
396,P396,Garcia-Aguilar et al,2018,"Climate change and the northern elephant seal (Mirounga angustirostris) population in Baja California, Mexico",Plos One,Research article,UW,Northern elephant seal,Mirounga angustirostris,Mirounga angustirostris,Phocidae,https://doi.org/10.1371/journal.pone.0193211,,https://journals.plos.org/plosone/article?id=10.1371/journal.pone.0193211,Guadalupe Island,Guadalupe Island,0,1,29.03138493,-118.2793548,no,yes,Pups,Pups,1,Combination,NA,NA,NA,NA,NA,NA,NA,NA,NA,NA,NA,NA,NA,NA,NA,NA,NA,NA,NA,NA,NA,NA,NA,NA,NA,NA,NA,NA,NA,NA,NA,NA,NA,NA,NA,NA,NA,NA,NA,NA,NA,NA,NA,NA,NA,NA,NA,NA,NA,NA,NA,NA,NA,NA,NA,NA,NA,NA,NA,NA,NA,NA,NA,NA,NA,3668,NA,NA,NA,7104,5520,NA,NA,NA,NA,6058,NA,5642,5552,NA,5011,NA,4760,NA,NA,NA,NA,NA,NA,NA,NA,4962,NA,NA,NA,NA,NA,NA,NA,NA,NA,NA,NA,NA,NA,3785,NA,NA,NA,3074,3150,NA,NA,NA,NA,2037,NA,NA,NA,NA,NA,NA,NA,NA,
397,P397,Garcia-Aguilar et al,2018,"Climate change and the northern elephant seal (Mirounga angustirostris) population in Baja California, Mexico",Plos One,Research article,UW,Northern elephant seal,Mirounga angustirostris,Mirounga angustirostris,Phocidae,https://doi.org/10.1371/journal.pone.0193211,,https://journals.plos.org/plosone/article?id=10.1371/journal.pone.0193211,San Benito Islands,San Benito Islands,0,1,28.30392501,-115.5810424,no,yes,Pups,Pups,1,Combination,NA,NA,NA,NA,NA,NA,NA,NA,NA,NA,NA,NA,NA,NA,NA,NA,NA,NA,NA,NA,NA,NA,NA,NA,NA,NA,NA,NA,NA,NA,NA,NA,NA,NA,NA,NA,NA,NA,NA,NA,NA,NA,NA,NA,NA,NA,NA,NA,NA,NA,NA,NA,NA,NA,NA,NA,NA,NA,NA,NA,NA,NA,NA,NA,NA,800,NA,NA,NA,NA,1578,NA,NA,NA,NA,815,NA,1359,1727,NA,1752,NA,NA,NA,NA,NA,NA,NA,NA,NA,NA,1662,NA,NA,NA,NA,NA,NA,NA,NA,NA,1849,2024,2050,1771,NA,NA,NA,NA,1689,NA,NA,NA,1504,1097,1205,1317,NA,NA,NA,NA,NA,NA,NA,
398,P398,Lowry et al,2017,"Distribution of California sea lions, northern elephant seals, pacific harbor seals, and Steller sea lions at the Channel Islands during July 2011-2015",NOAA,Tech memo,UW,Northern elephant seal,Mirounga angustirostris,Mirounga angustirostris,Phocidae,https://doi.org/10.7289/v5/tm-swfsc-578,,https://repository.library.noaa.gov/view/noaa/14442,San Nicolas Island,San Nicolas Island,2,0,33.24426306,-119.5011876,yes,yes,All Individuals except adult females,,0,Aerial,NA,NA,NA,NA,NA,NA,NA,NA,NA,NA,NA,NA,NA,NA,NA,NA,NA,NA,NA,NA,NA,NA,NA,NA,NA,NA,NA,NA,NA,NA,NA,NA,NA,NA,NA,NA,NA,NA,NA,NA,NA,NA,NA,NA,NA,NA,NA,NA,NA,NA,NA,NA,NA,NA,NA,NA,NA,NA,NA,NA,NA,NA,NA,NA,NA,NA,NA,NA,NA,NA,NA,NA,NA,NA,NA,NA,NA,NA,NA,NA,NA,NA,NA,NA,NA,NA,NA,NA,NA,NA,NA,NA,NA,NA,NA,NA,NA,NA,NA,NA,NA,NA,NA,NA,NA,NA,NA,NA,NA,NA,NA,615,802,733,815,932,NA,NA,NA,NA,NA,NA,NA,NA,
399,P399,Lowry et al,2017,"Distribution of California sea lions, northern elephant seals, pacific harbor seals, and Steller sea lions at the Channel Islands during July 2011-2016",NOAA,Tech memo,UW,Northern elephant seal,Mirounga angustirostris,Mirounga angustirostris,Phocidae,https://doi.org/10.7289/v5/tm-swfsc-578,,https://repository.library.noaa.gov/view/noaa/14442,Santa Barbara Island,Santa Barbara Island,2,0,33.47553993,-119.036603,yes,yes,All Individuals except adult females,,0,Aerial,NA,NA,NA,NA,NA,NA,NA,NA,NA,NA,NA,NA,NA,NA,NA,NA,NA,NA,NA,NA,NA,NA,NA,NA,NA,NA,NA,NA,NA,NA,NA,NA,NA,NA,NA,NA,NA,NA,NA,NA,NA,NA,NA,NA,NA,NA,NA,NA,NA,NA,NA,NA,NA,NA,NA,NA,NA,NA,NA,NA,NA,NA,NA,NA,NA,NA,NA,NA,NA,NA,NA,NA,NA,NA,NA,NA,NA,NA,NA,NA,NA,NA,NA,NA,NA,NA,NA,NA,NA,NA,NA,NA,NA,NA,NA,NA,NA,NA,NA,NA,NA,NA,NA,NA,NA,NA,NA,NA,NA,NA,NA,4,5,8,8,11,NA,NA,NA,NA,NA,NA,NA,NA,
400,P400,Lowry et al,2017,"Distribution of California sea lions, northern elephant seals, pacific harbor seals, and Steller sea lions at the Channel Islands during July 2011-2017",NOAA,Tech memo,UW,Northern elephant seal,Mirounga angustirostris,Mirounga angustirostris,Phocidae,https://doi.org/10.7289/v5/tm-swfsc-578,,https://repository.library.noaa.gov/view/noaa/14442,San Clemente Island,San Clemente Island,2,0,32.88969773,-118.4675218,yes,yes,All Individuals except adult females,,0,Aerial,NA,NA,NA,NA,NA,NA,NA,NA,NA,NA,NA,NA,NA,NA,NA,NA,NA,NA,NA,NA,NA,NA,NA,NA,NA,NA,NA,NA,NA,NA,NA,NA,NA,NA,NA,NA,NA,NA,NA,NA,NA,NA,NA,NA,NA,NA,NA,NA,NA,NA,NA,NA,NA,NA,NA,NA,NA,NA,NA,NA,NA,NA,NA,NA,NA,NA,NA,NA,NA,NA,NA,NA,NA,NA,NA,NA,NA,NA,NA,NA,NA,NA,NA,NA,NA,NA,NA,NA,NA,NA,NA,NA,NA,NA,NA,NA,NA,NA,NA,NA,NA,NA,NA,NA,NA,NA,NA,NA,NA,NA,NA,NA,7,0,6,5,NA,NA,NA,NA,NA,NA,NA,NA,
401,P401,Lowry et al,2017,"Distribution of California sea lions, northern elephant seals, pacific harbor seals, and Steller sea lions at the Channel Islands during July 2011-2018",NOAA,Tech memo,UW,Northern elephant seal,Mirounga angustirostris,Mirounga angustirostris,Phocidae,https://doi.org/10.7289/v5/tm-swfsc-578,,https://repository.library.noaa.gov/view/noaa/14442,San Miguel Island,San Miguel Island,2,0,34.03741751,-120.3789024,yes,yes,All Individuals except adult females,,0,Aerial,NA,NA,NA,NA,NA,NA,NA,NA,NA,NA,NA,NA,NA,NA,NA,NA,NA,NA,NA,NA,NA,NA,NA,NA,NA,NA,NA,NA,NA,NA,NA,NA,NA,NA,NA,NA,NA,NA,NA,NA,NA,NA,NA,NA,NA,NA,NA,NA,NA,NA,NA,NA,NA,NA,NA,NA,NA,NA,NA,NA,NA,NA,NA,NA,NA,NA,NA,NA,NA,NA,NA,NA,NA,NA,NA,NA,NA,NA,NA,NA,NA,NA,NA,NA,NA,NA,NA,NA,NA,NA,NA,NA,NA,NA,NA,NA,NA,NA,NA,NA,NA,NA,NA,NA,NA,NA,NA,NA,NA,NA,NA,NA,1932,2038,2638,2790,NA,NA,NA,NA,NA,NA,NA,NA,
402,P402,"Levy, E",2021,"Northern elephant seal (Mirounga angustirostris) colony establishment and growth in the King Range National Conservation Area, California","California State Polytechnic University, Humboldt",Thesis,UW,Northern elephant seal,Mirounga angustirostris,Mirounga angustirostris,Phocidae,https://digitalcommons.humboldt.edu/cgi/viewcontent.cgi?article=1594&context=etd,,,King Range,King Range,0,1,40.25,-124.3523,no,yes,Births,Pups,1,Ground,NA,NA,NA,NA,NA,NA,NA,NA,NA,NA,NA,NA,NA,NA,NA,NA,NA,NA,NA,NA,NA,NA,NA,NA,NA,NA,NA,NA,NA,NA,NA,NA,NA,NA,NA,NA,NA,NA,NA,NA,NA,NA,NA,NA,NA,NA,NA,NA,NA,NA,NA,NA,NA,NA,NA,NA,NA,NA,NA,NA,NA,NA,NA,NA,NA,NA,NA,NA,NA,NA,NA,NA,NA,NA,NA,NA,NA,NA,NA,NA,NA,NA,NA,NA,NA,NA,NA,NA,NA,NA,NA,NA,NA,NA,NA,NA,NA,NA,NA,NA,NA,NA,NA,NA,NA,NA,NA,NA,NA,NA,NA,NA,NA,NA,NA,NA,NA,99,99,112,185,NA,NA,NA,
403,P403,Reijnders et al,1993,"Seals, Fur Seals, Sea Lions and Walrus. Status Survey and Conservation Action Plan. ",IUCN/SSC Seal Specialist Group,Tech memo,LPI,Northern elephant seal,Mirounga angustirostris,Mirounga angustirostris,Phocidae,ISBN: 978-2-8317-0141-7,,https://portals.iucn.org/library/node/6690,Total,Total,0,1,30,-170,yes,no,Individuals,,,Unknown,NA,NA,NA,NA,NA,NA,NA,NA,NA,NA,NA,NA,NA,NA,NA,NA,NA,NA,NA,NA,NA,NA,NA,NA,NA,NA,NA,NA,NA,NA,NA,NA,NA,NA,NA,NA,NA,NA,NA,NA,NA,NA,NA,NA,NA,NA,NA,NA,NA,NA,NA,NA,NA,NA,NA,NA,NA,NA,NA,NA,NA,NA,NA,NA,NA,NA,NA,NA,NA,NA,NA,NA,NA,NA,NA,NA,48000,NA,NA,NA,NA,NA,NA,NA,NA,NA,NA,NA,NA,NA,NA,NA,125000,NA,NA,NA,NA,NA,NA,NA,NA,NA,NA,NA,NA,NA,NA,NA,NA,NA,NA,NA,NA,NA,NA,NA,NA,NA,NA,NA,NA,NA,NA,NA,
404,P404,Towell et al,2008,"2008 northern fur seal pup production and adult male counts on the Pribilof Islands,Alaska.",Alaksa Fisheries Science Center: National Marine Mammal Laboratory,Tech memo,LPI,Northern fur seal,Callorhinus ursinus,Callorhinus ursinus,Otariidae,NA,,https://media.fisheries.noaa.gov/dam-migration/2008-nfs-pup-estimates-akr.pdf,"St. George Island, Alaska",,0,1,56.56667,-169.6,yes,no,number of individuals,,,Adult male direct count,NA,NA,NA,NA,NA,NA,NA,NA,NA,NA,NA,NA,NA,NA,NA,NA,NA,NA,NA,NA,NA,NA,NA,NA,NA,NA,NA,NA,NA,NA,NA,NA,NA,NA,NA,NA,NA,NA,NA,NA,NA,NA,NA,NA,NA,NA,NA,NA,NA,NA,NA,NA,NA,NA,NA,NA,NA,NA,NA,NA,NA,NA,NA,NA,NA,NA,NA,NA,NA,NA,NA,NA,NA,NA,NA,2304.0034,2144.2963,2519.332,2885.2268,3635.0288,3365.6371,3100.8113,2712.5854,NA,2955.345,2589.9753,2759.3396,2599.6413,2494.7742,2472.1916,2568.4254,2052.2378,2879.7406,2550.9251,2670.0242,2290.939,2012.4107,2428.5753,2214.0326,1972.0586,2141.4185,2447.903,2146.5186,1881.6972,1671.7204,1530.2991,1375.1711,1297.7352,1439.6773,NA,NA,NA,NA,NA,NA,NA,NA,NA,NA,NA,NA,NA,NA,NA,
405,P405,Towell et al,2008,"2008 northern fur seal pup production and adult male counts on the Pribilof Islands,Alaska.",Alaksa Fisheries Science Center: National Marine Mammal Laboratory,Tech memo,LPI,Northern fur seal,Callorhinus ursinus,Callorhinus ursinus,Otariidae,NA,,https://media.fisheries.noaa.gov/dam-migration/2008-nfs-pup-estimates-akr.pdf,"St. Paul Island, Alaska",,0,1,57.4,-170.24667,yes,no,number of individuals,,,Adult male direct count,NA,NA,NA,NA,NA,NA,NA,NA,NA,NA,NA,NA,NA,NA,NA,NA,NA,NA,NA,NA,NA,NA,NA,NA,NA,NA,NA,NA,NA,NA,NA,NA,NA,NA,NA,NA,NA,NA,NA,NA,NA,NA,NA,NA,NA,NA,NA,NA,NA,NA,NA,NA,NA,NA,NA,NA,NA,NA,NA,NA,NA,NA,NA,NA,NA,NA,NA,NA,NA,NA,NA,NA,NA,NA,NA,8568.4711,9216.3493,10227.8649,10434.1835,10744.3663,9859.773,9286.8686,9674.9739,9050.1215,8840.8546,7878.3389,6578.1599,5589.6381,6679.044,10573.6841,12156.5976,14155.1288,16387.4269,15736.5683,15683.146,13629.7183,14745.1301,13678.7181,13157.73,11441.9334,10661.2365,10555.898,11411.5369,11202.27,8369.6194,9251.2325,9847.1945,8884.6148,9090.9333,NA,NA,NA,NA,NA,NA,NA,NA,NA,NA,NA,NA,NA,NA,NA,
406,P406,NOAA Fisheries,2015,NORTHERN FUR SEAL (Callorhinus ursinus): California Stock,NOAA,Tech memo,UW,Northern fur seal,Callorhinus ursinus,Callorhinus ursinus,Otariidae,https://media.fisheries.noaa.gov/dam-migration/po2015_northernfurseal-ca_508.pdf,,,San Miguel Island,San Miguel Island,0,1,34.0248985,-120.3696327,no,yes,Births (Production of pups),Pups,1,Ground,NA,NA,NA,NA,NA,NA,NA,NA,NA,NA,NA,NA,NA,NA,NA,NA,NA,NA,NA,NA,NA,NA,NA,NA,NA,NA,NA,NA,NA,NA,NA,NA,NA,NA,NA,NA,NA,NA,NA,NA,NA,NA,NA,NA,NA,NA,NA,NA,NA,NA,NA,NA,NA,NA,NA,NA,NA,NA,NA,NA,NA,NA,NA,NA,NA,NA,NA,NA,NA,NA,NA,NA,213,362,596,787,1064,1128,1277,1617,1638,1957,1809,766,979,809,1383,1213,1213,1383,1745,1617,1787,2191,2468,2553,2064,3255,702,1149,1681,2064,1979,1383,2234,2447,2383,2489,2787,2872,3404,3085,3383,3340,2277,NA,NA,NA,NA,NA,NA,NA,NA,NA,
407,P407,Angliss et al,2006,NORTHERN FUR SEAL (Callorhinus ursinus): Eastern Pacific Stock,Alaska Marine Mammal Stock Assessment,Tech memo,LPI,Northern fur seal,Callorhinus ursinus,Callorhinus ursinus,Otariidae,NOAA-TM-AFSC-168,,https://media.fisheries.noaa.gov/dam-migration/ak2006senf-pe-508.pdf,Alaska,,0,1,59.80028,-150.03361,yes,no,Number of individuals,,,Estimated from pup production,NA,NA,NA,NA,NA,NA,NA,NA,NA,NA,NA,NA,NA,NA,NA,NA,NA,NA,NA,NA,NA,NA,NA,NA,NA,NA,NA,NA,NA,NA,NA,NA,NA,NA,NA,NA,NA,NA,NA,NA,NA,NA,NA,NA,NA,NA,NA,NA,NA,NA,NA,NA,NA,NA,NA,NA,NA,NA,NA,NA,NA,NA,NA,NA,NA,NA,NA,NA,NA,NA,NA,NA,NA,NA,1250000,NA,NA,NA,NA,NA,NA,NA,NA,877000,NA,NA,NA,NA,NA,NA,NA,NA,NA,NA,NA,NA,NA,NA,NA,NA,NA,NA,NA,NA,NA,721935,NA,NA,NA,NA,NA,NA,NA,NA,NA,NA,NA,NA,NA,NA,NA,NA,NA,NA,
4061,P4061,Lee et al,2018,"Initial growth of northern fur seal (Callorhinus ursinus) colonies at the South Farallon, San Miguel, and Bogoslof Islands",Journal of Mammalogy,Journal Article,UW,Northern fur seal,Callorhinus ursinus,Callorhinus ursinus,Otariidae,https://academic.oup.com/jmammal/article/99/6/1529/5127198?login=true,,https://academic.oup.com/jmammal/article/99/6/1529/5127198?login=true,South Farallon Islands,South Farallon Islands,0,1,37.69588167,-123.004588,no,yes,Pups,Pups,1,Ground,NA,NA,NA,NA,NA,NA,NA,NA,NA,NA,NA,NA,NA,NA,NA,NA,NA,NA,NA,NA,NA,NA,NA,NA,NA,NA,NA,NA,NA,NA,NA,NA,NA,NA,NA,NA,NA,NA,NA,NA,NA,NA,NA,NA,NA,NA,NA,NA,NA,NA,NA,NA,NA,NA,NA,NA,NA,NA,NA,NA,NA,NA,NA,NA,NA,NA,NA,NA,NA,NA,NA,NA,NA,NA,NA,NA,NA,NA,NA,NA,NA,NA,NA,NA,NA,NA,NA,NA,NA,NA,NA,NA,NA,NA,NA,NA,3,12,3,9,12,15,39,24,33,71,288,184,187,229,377,505,597,401,656,665,1126,NA,NA,NA,NA,NA,NA,NA,
408,P408,NOAA Fisheries,2021,NORTHERN FUR SEAL (Callorhinus ursinus): Eastern Pacific Stock,NOAA,Tech memo,UW,Northern fur seal,Callorhinus ursinus,Callorhinus ursinus,Otariidae,https://www.fisheries.noaa.gov/s3/2022-08/2021-NORTHERN-FUR-SEAL-Callorhinus-ursinus-Eastern-Pacific-Stock.pdf,,,Bogoslof,Bogoslof,0,1,53.92898729,-168.0408362,no,yes,Births,Pups,1,Ground,NA,NA,NA,NA,NA,NA,NA,NA,NA,NA,NA,NA,NA,NA,NA,NA,NA,NA,NA,NA,NA,NA,NA,NA,NA,NA,NA,NA,NA,NA,NA,NA,NA,NA,NA,NA,NA,NA,NA,NA,NA,NA,NA,NA,NA,NA,NA,NA,NA,NA,NA,NA,NA,NA,NA,NA,NA,NA,NA,NA,NA,NA,NA,NA,NA,NA,NA,NA,NA,NA,NA,NA,NA,NA,NA,NA,NA,NA,NA,NA,NA,NA,NA,NA,NA,NA,NA,NA,NA,NA,NA,NA,NA,NA,1472,1272,NA,5096,NA,NA,NA,NA,NA,NA,NA,12631,NA,17574,NA,NA,NA,22905,NA,NA,NA,27750,NA,NA,NA,36015,NA,NA,NA,NA,
409,P409,NOAA Fisheries,2021,NORTHERN FUR SEAL (Callorhinus ursinus): Eastern Pacific Stock,NOAA,Tech memo,UW,Northern fur seal,Callorhinus ursinus,Callorhinus ursinus,Otariidae,https://www.fisheries.noaa.gov/s3/2022-08/2021-NORTHERN-FUR-SEAL-Callorhinus-ursinus-Eastern-Pacific-Stock.pdf,,,Sea Lion Rock,Sea Lion Rock,0,1,57.10274638,-170.2989956,no,yes,Births,Pups,1,Ground,NA,NA,NA,NA,NA,NA,NA,NA,NA,NA,NA,NA,NA,NA,NA,NA,NA,NA,NA,NA,NA,NA,NA,NA,NA,NA,NA,NA,NA,NA,NA,NA,NA,NA,NA,NA,NA,NA,NA,NA,NA,NA,NA,NA,NA,NA,NA,NA,NA,NA,NA,NA,NA,NA,NA,NA,NA,NA,NA,NA,NA,NA,NA,NA,NA,NA,NA,NA,NA,NA,NA,NA,NA,NA,NA,NA,NA,NA,NA,NA,NA,NA,NA,NA,NA,NA,NA,NA,NA,NA,NA,NA,NA,NA,12891,NA,NA,NA,NA,NA,NA,NA,8262,NA,NA,NA,NA,NA,6741,NA,NA,NA,NA,NA,5250,NA,NA,NA,NA,NA,NA,NA,NA,NA,
410,P410,NOAA Fisheries,2021,NORTHERN FUR SEAL (Callorhinus ursinus): Eastern Pacific Stock,NOAA,Tech memo,UW,Northern fur seal,Callorhinus ursinus,Callorhinus ursinus,Otariidae,https://www.fisheries.noaa.gov/s3/2022-08/2021-NORTHERN-FUR-SEAL-Callorhinus-ursinus-Eastern-Pacific-Stock.pdf,,,St. George,St. George,0,1,56.57443746,-169.6071923,yes,yes,Births,Pups,1,Ground,NA,NA,NA,NA,NA,NA,NA,NA,NA,NA,NA,NA,NA,NA,NA,NA,NA,NA,NA,NA,NA,NA,NA,NA,NA,NA,NA,NA,NA,NA,NA,NA,NA,NA,NA,NA,NA,NA,NA,NA,NA,NA,NA,NA,NA,NA,NA,NA,NA,NA,NA,NA,NA,NA,NA,NA,NA,NA,NA,NA,NA,NA,NA,NA,NA,NA,NA,NA,NA,NA,NA,NA,NA,NA,NA,NA,NA,43412,47297,NA,NA,38175,NA,31418,NA,28885,NA,NA,24831,NA,23479,NA,25168,NA,22244,NA,27385,NA,22090,NA,20176,NA,17593,NA,16876,NA,17072,NA,18160,17973,NA,NA,16184,NA,18937,NA,20490,NA,21625,NA,NA,NA,NA,NA,
411,P411,NOAA Fisheries,2021,"NORTHERN FUR SEAL (Callorhinus ursinus): Eastern Pacific Stock, ",NOAA,Tech memo,UW,Northern fur seal,Callorhinus ursinus,Callorhinus ursinus,Otariidae,https://www.fisheries.noaa.gov/s3/2022-08/2021-NORTHERN-FUR-SEAL-Callorhinus-ursinus-Eastern-Pacific-Stock.pdf,,,St. Paul,St. Paul,0,1,57.17635842,-170.2601272,yes,yes,Births,Pups,1,Ground,NA,NA,NA,NA,NA,NA,NA,NA,NA,NA,NA,NA,NA,NA,NA,NA,NA,NA,NA,NA,NA,NA,NA,NA,NA,NA,NA,NA,NA,NA,NA,NA,NA,NA,NA,NA,NA,NA,NA,NA,NA,NA,NA,NA,NA,NA,NA,NA,NA,NA,NA,NA,NA,NA,NA,NA,NA,NA,NA,NA,NA,NA,NA,NA,NA,NA,NA,NA,NA,NA,NA,NA,NA,NA,NA,278753,292111,NA,NA,244910,199491,179007,203944,166539,171882,182569,167430,171882,202162,171882,201272,NA,182569,NA,192104,NA,170125,NA,179149,NA,158736,NA,145716,NA,122825,NA,109961,NA,102674,94502,NA,NA,96828,NA,91737,NA,80641,NA,75719,NA,NA,NA,NA,NA,
412,P412,Zhdanova et al,2017,Why the population of the northern fur seals (Callorhinus ursinus) of Tyuleniy Island does not recover following the harvest ban: Analysis of 56 years of observation data,Ecological Modelling,Journal Article,UW,Northern fur seal,Callorhinus ursinus,Callorhinus ursinus,Otariidae,https://doi.org/10.1016/j.ecolmodel.2017.08.027,,https://www.sciencedirect.com/science/article/pii/S0304380017303873?via%3Dihub,Tyuleniy Island ,Tyuleniy Island ,0,1,48.4994858,144.628027,no,yes,Births,Pups,1,Ground,NA,NA,NA,NA,NA,NA,NA,NA,NA,NA,NA,NA,NA,NA,NA,NA,NA,NA,NA,NA,NA,NA,NA,NA,NA,NA,NA,NA,NA,NA,NA,NA,NA,NA,NA,NA,NA,NA,NA,NA,NA,NA,NA,NA,NA,NA,NA,NA,NA,NA,NA,NA,NA,NA,NA,NA,NA,NA,32200,35000,38000,41200,44700,49000,51400,48400,44900,56500,45800,43500,31500,41100,44050,35300,33170,27000,30828,28580,29900,24185,22000,21000,22300,24000,23200,20000,18000,16000,18800,18500,18200,18000,15000,17000,18700,17600,16500,18500,19200,20650,23630,24000,26400,27000,32400,33500,33500,36000,38000,41400,39200,35500,35100,34700,NA,NA,NA,NA,NA,NA,NA,NA,NA,NA,
413,P413,Boveng et al. ,2016,"Abundance Estimates of Ice-Associated Seals: Bering Sea Populations that Inhabit the Chukchi Sea During the Open-Water	",BOEM,Tech memo,UW,Ribbon seal,Histriophoca fasciata,Histriophoca fasciata,Phocidae,BOEM Report 2016-077,,https://espis.boem.gov/final%20reports/5578.PDF,eastern Bering sea,eastern Bering sea,0,1,56.76561603,-170.9917302,no,yes,Estimated abundance,All Individuals,1,Aerial,NA,NA,NA,NA,NA,NA,NA,NA,NA,NA,NA,NA,NA,NA,NA,NA,NA,NA,NA,NA,NA,NA,NA,NA,NA,NA,NA,NA,NA,NA,NA,NA,NA,NA,NA,NA,NA,NA,NA,NA,NA,NA,NA,NA,NA,NA,NA,NA,NA,NA,NA,NA,NA,NA,NA,NA,NA,NA,NA,NA,NA,NA,NA,NA,NA,NA,NA,NA,NA,NA,NA,NA,NA,NA,NA,NA,NA,NA,NA,NA,NA,NA,NA,NA,NA,NA,NA,NA,NA,NA,NA,NA,NA,NA,NA,NA,NA,NA,NA,NA,NA,NA,NA,NA,NA,NA,NA,NA,NA,NA,NA,NA,117000,38000,NA,NA,NA,NA,NA,NA,NA,NA,NA,NA,
414,P414,Boveng et al. ,2016,"Abundance Estimates of Ice-Associated Seals: Bering Sea Populations that Inhabit the Chukchi Sea During the Open-Water	",BOEM,Tech memo,UW,Ringed seal,P. h. hispida,P. h. hispida,Phocidae,BOEM Report 2016-077,,https://espis.boem.gov/final%20reports/5578.PDF,eastern Bering sea,eastern Bering sea,0,1,56.76561603,-170.9917302,no,yes,Estimated abundance,All Individuals,1,Aerial,NA,NA,NA,NA,NA,NA,NA,NA,NA,NA,NA,NA,NA,NA,NA,NA,NA,NA,NA,NA,NA,NA,NA,NA,NA,NA,NA,NA,NA,NA,NA,NA,NA,NA,NA,NA,NA,NA,NA,NA,NA,NA,NA,NA,NA,NA,NA,NA,NA,NA,NA,NA,NA,NA,NA,NA,NA,NA,NA,NA,NA,NA,NA,NA,NA,NA,NA,NA,NA,NA,NA,NA,NA,NA,NA,NA,NA,NA,NA,NA,NA,NA,NA,NA,NA,NA,NA,NA,NA,NA,NA,NA,NA,NA,NA,NA,NA,NA,NA,NA,NA,NA,NA,NA,NA,NA,NA,NA,NA,NA,NA,NA,186000,119000,NA,NA,NA,NA,NA,NA,NA,NA,NA,NA,
415,P415,Krafft et al,2006,"Abundance of ringed seals (Pusa hispida) in the fjords of Spitsbergen, Svalbard, during the peak molting period",Marine Mammal Science,Journal Article,LPI,Ringed seal,P. h. hispida,P. h. hispida,Phocidae,DOI:10.1111/j.1748-7692.2006.00035.x,,https://www.researchgate.net/publication/222711787_Abundance_of_ringed_seals_Pusa_hispida_in_the_fjords_of_Spitsbergen_Svalbard_during_the_peak_molting_period,"Kongsfjorden, Svalbard","Kongsfjorden, Svalbard",0,1,78.945243,12.192623,no,yes,Individuals (estimate),All Individuals,1,Aerial,NA,NA,NA,NA,NA,NA,NA,NA,NA,NA,NA,NA,NA,NA,NA,NA,NA,NA,NA,NA,NA,NA,NA,NA,NA,NA,NA,NA,NA,NA,NA,NA,NA,NA,NA,NA,NA,NA,NA,NA,NA,NA,NA,NA,NA,NA,NA,NA,NA,NA,NA,NA,NA,NA,NA,NA,NA,NA,NA,NA,NA,NA,NA,NA,NA,NA,NA,NA,NA,NA,NA,NA,NA,NA,NA,NA,NA,NA,NA,NA,NA,NA,NA,NA,NA,NA,NA,NA,NA,NA,NA,NA,NA,NA,NA,NA,NA,NA,NA,NA,NA,NA,480,362,NA,NA,NA,NA,NA,NA,NA,NA,NA,NA,NA,NA,NA,NA,NA,NA,NA,NA,NA,NA,
416,P416,Krafft et al,2006,"Abundance of ringed seals (Pusa hispida) in the fjords of Spitsbergen, Svalbard, during the peak molting period",Marine Mammal Science,Journal Article,LPI,Ringed seal,P. h. hispida,P. h. hispida,Phocidae,DOI:10.1111/j.1748-7692.2006.00035.x,,https://www.researchgate.net/publication/222711787_Abundance_of_ringed_seals_Pusa_hispida_in_the_fjords_of_Spitsbergen_Svalbard_during_the_peak_molting_period,"Van Keulenfjorden, Svalbard","Van Keulenfjorden, Svalbard",0,1,77.566805,15.349911,no,yes,Individuals (estimate),All Individuals,1,Aerial,NA,NA,NA,NA,NA,NA,NA,NA,NA,NA,NA,NA,NA,NA,NA,NA,NA,NA,NA,NA,NA,NA,NA,NA,NA,NA,NA,NA,NA,NA,NA,NA,NA,NA,NA,NA,NA,NA,NA,NA,NA,NA,NA,NA,NA,NA,NA,NA,NA,NA,NA,NA,NA,NA,NA,NA,NA,NA,NA,NA,NA,NA,NA,NA,NA,NA,NA,NA,NA,NA,NA,NA,NA,NA,NA,NA,NA,NA,NA,NA,NA,NA,NA,NA,NA,NA,NA,NA,NA,NA,NA,NA,NA,NA,NA,NA,NA,NA,NA,NA,NA,NA,1148,499,NA,NA,NA,NA,NA,NA,NA,NA,NA,NA,NA,NA,NA,NA,NA,NA,NA,NA,NA,NA,
417,P417,Krafft et al,2006,"Abundance of ringed seals (Pusa hispida) in the fjords of Spitsbergen, Svalbard, during the peak molting period",Marine Mammal Science,Journal Article,LPI,Ringed seal,P. h. hispida,P. h. hispida,Phocidae,DOI:10.1111/j.1748-7692.2006.00035.x,,https://www.researchgate.net/publication/222711787_Abundance_of_ringed_seals_Pusa_hispida_in_the_fjords_of_Spitsbergen_Svalbard_during_the_peak_molting_period,"Van Mijenfjorden, Svalbard","Van Mijenfjorden, Svalbard",0,1,77.798516,15.664493,no,yes,Individuals (estimate),All Individuals,1,Aerial,NA,NA,NA,NA,NA,NA,NA,NA,NA,NA,NA,NA,NA,NA,NA,NA,NA,NA,NA,NA,NA,NA,NA,NA,NA,NA,NA,NA,NA,NA,NA,NA,NA,NA,NA,NA,NA,NA,NA,NA,NA,NA,NA,NA,NA,NA,NA,NA,NA,NA,NA,NA,NA,NA,NA,NA,NA,NA,NA,NA,NA,NA,NA,NA,NA,NA,NA,NA,NA,NA,NA,NA,NA,NA,NA,NA,NA,NA,NA,NA,NA,NA,NA,NA,NA,NA,NA,NA,NA,NA,NA,NA,NA,NA,NA,NA,NA,NA,NA,NA,NA,NA,1131,774,NA,NA,NA,NA,NA,NA,NA,NA,NA,NA,NA,NA,NA,NA,NA,NA,NA,NA,NA,NA,
418,P418,Ferguson et al,2011,"Aerial survey estimates of hauled-out Ringed Seal (Pusa hispida) density in western Hudson Bay, June 2009 and 2010",Canadian Science Advisory Secretariat,Research Article,LPI,Ringed seal,P. h. hispida,P. h. hispida,Phocidae,ISSN 1919-5044,,https://waves-vagues.dfo-mpo.gc.ca/library-bibliotheque/343699.pdf,Western Hudson Bay,Western Hudson Bay,0,1,59.871111,-91.911111,no,yes,Individuals per km2,All Individuals,0,Aerial,NA,NA,NA,NA,NA,NA,NA,NA,NA,NA,NA,NA,NA,NA,NA,NA,NA,NA,NA,NA,NA,NA,NA,NA,NA,NA,NA,NA,NA,NA,NA,NA,NA,NA,NA,NA,NA,NA,NA,NA,NA,NA,NA,NA,NA,NA,NA,NA,NA,NA,NA,NA,NA,NA,NA,NA,NA,NA,NA,NA,NA,NA,NA,NA,NA,NA,NA,NA,NA,NA,NA,NA,NA,NA,NA,NA,NA,NA,NA,NA,NA,NA,NA,NA,NA,NA,NA,NA,NA,NA,NA,NA,NA,NA,NA,1.219,0.992,0.677,NA,0.445,0.606,NA,NA,NA,NA,NA,NA,0.917,0.439,NA,0.727,NA,NA,NA,NA,NA,NA,NA,NA,NA,NA,NA,NA,NA,
419,P419,Ministry of Agriculture and Forestry,2007,Management Plan for the Finnish Seal Populations in the Baltic Sea,Ministry of Agriculture and Forestry,Tech memo,LPI,Ringed seal,P. h. botnica,P. h. botnica,Phocidae,ISSN 1238-2531,,https://mmm.fi/documents/1410837/1721042/4b_Hylkeen_enkku_nettiin.pdf/aeb2abf7-d6f0-422e-8a6a-94ba8403df31,Bothnian Bay2,Bothnian Bay,1,1,62.024496,19.604764,yes,yes,Annual estimates of the ringed seal population,All Individuals,1,Aerial,NA,NA,NA,NA,NA,NA,NA,NA,NA,NA,NA,NA,NA,NA,NA,NA,NA,NA,NA,NA,NA,NA,NA,NA,NA,NA,NA,NA,NA,NA,NA,NA,NA,NA,NA,NA,NA,NA,NA,NA,NA,NA,NA,NA,NA,NA,NA,NA,NA,NA,NA,NA,NA,NA,NA,NA,NA,NA,NA,NA,NA,NA,NA,NA,NA,NA,NA,NA,NA,NA,NA,NA,NA,NA,NA,NA,NA,NA,NA,NA,NA,NA,NA,NA,NA,NA,NA,NA,2030,2193,2281,2769,NA,2857,NA,2544,3947,NA,3108,3684,4173,3571,4511,3208,4749,3371,NA,NA,NA,NA,NA,NA,NA,NA,NA,NA,NA,NA,NA,NA,NA,NA,NA,NA,
420,P420,Stirling,2002,Polar Bears and Seals in the Eastern Beaufort Sea and Amundsen Gulf: A Synthesis of Population Trends and Ecological Relationships over Three Decades,Arctic Institute of North America,Journal Article,LPI,Ringed seal,P. h. hispida,P. h. hispida,Phocidae,NA,,https://www.jstor.org/stable/40512420,eastern Beaufort Sea,eastern Beaufort Sea,0,1,75,-141,no,no,Seals per 100km¬¨‚â§,,0,Unspecified,NA,NA,NA,NA,NA,NA,NA,NA,NA,NA,NA,NA,NA,NA,NA,NA,NA,NA,NA,NA,NA,NA,NA,NA,NA,NA,NA,NA,NA,NA,NA,NA,NA,NA,NA,NA,NA,NA,NA,NA,NA,NA,NA,NA,NA,NA,NA,NA,NA,NA,NA,NA,NA,NA,NA,NA,NA,NA,NA,NA,NA,NA,NA,NA,NA,NA,NA,NA,NA,NA,NA,NA,NA,NA,NA,NA,NA,NA,NA,NA,NA,NA,42,NA,15,8,20,NA,NA,NA,NA,NA,NA,NA,NA,NA,NA,NA,NA,NA,NA,NA,NA,NA,NA,NA,NA,NA,NA,NA,NA,NA,NA,NA,NA,NA,NA,NA,NA,NA,NA,NA,NA,NA,
421,P421,Harkonen et al,1998,Population size and distribution of the Baltic ringed seal (Phoca hispida botnica),NAMMCO Scientific Publications,Journal Article,LPI,Ringed seal,P. h. botnica,P. h. botnica,Phocidae,https://doi.org/10.7557/3.2986,,https://septentrio.uit.no/index.php/NAMMCOSP/article/view/2986,Gulf of Bothnia,Bothnian Bay,2,0,65.23104,23.694346,yes,no,Individuals (estimate),,,Aerial surveys using systematic strips,NA,NA,NA,NA,NA,NA,NA,NA,NA,NA,NA,NA,NA,NA,NA,NA,NA,NA,NA,NA,NA,NA,NA,NA,NA,NA,NA,NA,NA,NA,NA,NA,NA,NA,NA,NA,NA,NA,NA,NA,NA,NA,NA,NA,NA,NA,NA,NA,NA,NA,NA,NA,NA,NA,NA,NA,NA,NA,NA,NA,NA,NA,NA,NA,NA,NA,NA,NA,NA,NA,NA,NA,NA,NA,NA,NA,NA,NA,NA,NA,NA,NA,NA,NA,NA,NA,NA,NA,2033,2191,2266,2778,NA,2862,NA,2540,3954,NA,NA,NA,NA,NA,NA,NA,NA,NA,NA,NA,NA,NA,NA,NA,NA,NA,NA,NA,NA,NA,NA,NA,NA,NA,NA,NA,
422,P422,Harkonen et al,1998,Population size and distribution of the Baltic ringed seal (Phoca hispida botnica),NAMMCO Scientific Publications,Journal Article,LPI,Ringed seal,P. h. botnica,P. h. botnica,Phocidae,https://doi.org/10.7557/3.2986,,https://septentrio.uit.no/index.php/NAMMCOSP/article/view/2986,Gulf of Bothnia1,Bothnian Bay,2,0,65.23104,23.694346,yes,yes,Individuals (estimate),All Individuals,1,Aerial,NA,NA,NA,NA,NA,NA,NA,NA,NA,NA,NA,NA,NA,NA,NA,NA,NA,NA,NA,NA,NA,NA,NA,NA,NA,NA,NA,NA,NA,NA,NA,NA,NA,NA,NA,NA,NA,NA,NA,NA,NA,NA,NA,NA,NA,NA,NA,NA,NA,NA,NA,NA,NA,NA,NA,NA,NA,NA,NA,NA,NA,NA,NA,NA,NA,NA,NA,NA,NA,NA,NA,NA,NA,NA,NA,3000,NA,NA,3280,NA,NA,NA,NA,NA,2000,NA,NA,2100,NA,NA,NA,NA,NA,NA,NA,NA,NA,NA,NA,NA,NA,NA,NA,NA,NA,NA,NA,NA,NA,NA,NA,NA,NA,NA,NA,NA,NA,NA,NA,NA,NA,NA,NA,NA,
423,P423,Harkonen et al,1998,Population size and distribution of the Baltic ringed seal (Phoca hispida botnica),NAMMCO Scientific Publications,Journal Article,LPI,Ringed seal,P. h. botnica,P. h. botnica,Phocidae,https://doi.org/10.7557/3.2986,,https://septentrio.uit.no/index.php/NAMMCOSP/article/view/2986,Gulf of Finland,Gulf of Finland,0,1,59.97125,25.976078,no,yes,Individuals (estimate),All Individuals,1,Aerial,NA,NA,NA,NA,NA,NA,NA,NA,NA,NA,NA,NA,NA,NA,NA,NA,NA,NA,NA,NA,NA,NA,NA,NA,NA,NA,NA,NA,NA,NA,NA,NA,NA,NA,NA,NA,NA,NA,NA,NA,NA,NA,NA,NA,NA,NA,NA,NA,NA,NA,NA,NA,NA,NA,NA,NA,NA,NA,NA,NA,NA,NA,NA,NA,NA,NA,NA,NA,NA,NA,NA,NA,NA,NA,NA,NA,NA,NA,NA,NA,NA,NA,NA,NA,NA,NA,NA,NA,NA,NA,NA,NA,89,150,173,169,149,NA,NA,NA,NA,NA,NA,NA,NA,NA,NA,NA,NA,NA,NA,NA,NA,NA,NA,NA,NA,NA,NA,NA,NA,NA,NA,NA,
424,P424,Harkonen et al,1998,Population size and distribution of the Baltic ringed seal (Phoca hispida botnica),NAMMCO Scientific Publications,Journal Article,LPI,Ringed seal,P. h. botnica,P. h. botnica,Phocidae,https://doi.org/10.7557/3.2986,,https://septentrio.uit.no/index.php/NAMMCOSP/article/view/2986,Gulf of Riga,Gulf of Riga,0,1,57.721477,23.490979,no,yes,Individuals (estimate),All Individuals,1,Aerial,NA,NA,NA,NA,NA,NA,NA,NA,NA,NA,NA,NA,NA,NA,NA,NA,NA,NA,NA,NA,NA,NA,NA,NA,NA,NA,NA,NA,NA,NA,NA,NA,NA,NA,NA,NA,NA,NA,NA,NA,NA,NA,NA,NA,NA,NA,NA,NA,NA,NA,NA,NA,NA,NA,NA,NA,NA,NA,NA,NA,NA,NA,NA,NA,NA,NA,NA,NA,NA,NA,NA,NA,NA,NA,NA,NA,NA,NA,NA,NA,NA,NA,NA,NA,NA,NA,NA,NA,NA,NA,NA,NA,NA,NA,680,NA,1407,NA,NA,NA,NA,NA,NA,NA,NA,NA,NA,NA,NA,NA,NA,NA,NA,NA,NA,NA,NA,NA,NA,NA,NA,NA,NA,NA,
425,P425,HELCOM,2018,Population trends and abundance of seals,HELCOM Indicators,Tech Memo,LPI,Ringed seal,P. h. botnica,P. h. botnica,Phocidae,ISSN 2343-2543,,https://helcom.fi/wp-content/uploads/2019/08/Population-trends-and-abundance-of-seals-HELCOM-core-indicator-2018.pdf,Bothnian Bay3,Bothnian Bay,2,0,64.30852,22.068071,yes,yes,Number of individuals,All Individuals,1,Aerial,NA,NA,NA,NA,NA,NA,NA,NA,NA,NA,NA,NA,NA,NA,NA,NA,NA,NA,NA,NA,NA,NA,NA,NA,NA,NA,NA,NA,NA,NA,NA,NA,NA,NA,NA,NA,NA,NA,NA,NA,NA,NA,NA,NA,NA,NA,NA,NA,NA,NA,NA,NA,NA,NA,NA,NA,NA,NA,NA,NA,NA,NA,NA,NA,NA,NA,NA,NA,NA,NA,NA,NA,NA,NA,NA,NA,NA,NA,NA,NA,NA,NA,NA,NA,NA,NA,NA,NA,NA,NA,NA,NA,NA,NA,NA,NA,NA,NA,NA,NA,NA,NA,NA,3271,4752,3394,5801,4567,NA,6079,6541,5924,6079,NA,NA,NA,7467,NA,NA,NA,NA,NA,NA,NA,
426,P426,Reijnders et al,1993,"Seals, Fur Seals, Sea Lions and Walrus. Status Survey and Conservation Action Plan. ",IUCN/SSC Seal Specialist Group,Tech memo,LPI,Ringed seal,P. h. ladogensis,P. h. ladogensis,Phocidae,ISBN: 978-2-8317-0141-7,,https://portals.iucn.org/library/node/6690,"Lake Ladoga, Republic of Karelia and Leningrad Oblast","Lake Ladoga, Republic of Karelia and Leningrad Oblast",0,1,61,31.5,no,yes,Individuals,All Individuals,1,Aerial,NA,NA,NA,NA,NA,NA,NA,NA,NA,NA,NA,NA,NA,NA,NA,NA,NA,NA,NA,NA,NA,NA,NA,NA,NA,NA,NA,NA,NA,NA,NA,NA,NA,NA,NA,NA,NA,NA,NA,NA,NA,NA,NA,NA,NA,NA,NA,NA,NA,NA,NA,NA,NA,NA,NA,NA,NA,NA,NA,NA,NA,NA,NA,NA,NA,NA,NA,NA,NA,NA,NA,NA,NA,NA,NA,NA,NA,NA,NA,11000,NA,NA,NA,NA,NA,NA,NA,NA,NA,NA,NA,NA,11500,NA,NA,NA,NA,NA,NA,NA,NA,NA,NA,NA,NA,NA,NA,NA,NA,NA,NA,NA,NA,NA,NA,NA,NA,NA,NA,NA,NA,NA,NA,NA,
427,P427,Reijnders et al,1993,"Seals, Fur Seals, Sea Lions and Walrus. Status Survey and Conservation Action Plan. ",IUCN/SSC Seal Specialist Group,Tech memo,LPI,Ringed seal,P. h. saimensis,P. h. saimensis,Phocidae,ISBN: 978-2-8317-0141-7,,https://portals.iucn.org/library/node/6690,"Total species.  Endemic to Lake Saimaa, Southeast Finland","Total species.  Endemic to Lake Saimaa, Southeast Finland",0,1,61.25,28.25,no,yes,Individuals,All Individuals,1,Aerial,NA,NA,NA,NA,NA,NA,NA,NA,NA,NA,NA,NA,NA,NA,NA,NA,NA,NA,NA,NA,NA,NA,NA,NA,NA,NA,NA,NA,NA,NA,NA,NA,NA,NA,NA,NA,NA,NA,NA,NA,NA,NA,NA,NA,NA,NA,NA,NA,NA,NA,NA,NA,NA,NA,NA,NA,NA,NA,NA,NA,NA,NA,NA,NA,NA,NA,NA,NA,NA,NA,NA,250,NA,NA,NA,NA,NA,NA,NA,NA,NA,NA,NA,125,NA,NA,NA,NA,NA,NA,170,NA,NA,NA,NA,NA,NA,NA,NA,NA,NA,NA,NA,NA,NA,NA,NA,NA,NA,NA,NA,NA,NA,NA,NA,NA,NA,NA,NA,NA,NA,NA,NA,NA,
428,P428,Franco-Trecu et al,2019,Abundance and Population Trends of the South American Fur Seal (Arctocephalus australis) in Uruguay,Aquatic Mammals,Research Article,UW,South America fur seal,Arctocephalus australis,Arctocephalus australis,Otariidae,http://dx.doi.org/10.1578/AM.45.1.2019.48,,https://new.aquaticmammalsjournal.org/wp-content/uploads/2019/01/45.1-Franco-Trecu.pdf,Isla and Islote de Lobos,Isla and Islote de Lobos,0,1,-35.027272,-54.88382182,no,yes,Pups,Pups,6.2,Aerial,NA,NA,NA,NA,NA,NA,NA,NA,NA,NA,NA,NA,NA,NA,NA,NA,NA,NA,NA,NA,NA,NA,NA,NA,NA,NA,NA,NA,NA,NA,NA,NA,NA,NA,NA,NA,NA,NA,NA,NA,NA,NA,NA,NA,NA,NA,NA,NA,NA,NA,NA,NA,NA,NA,NA,NA,NA,NA,NA,NA,NA,NA,NA,NA,NA,NA,NA,NA,NA,NA,NA,NA,NA,NA,NA,NA,NA,6942,NA,NA,NA,NA,NA,NA,NA,NA,NA,NA,NA,NA,NA,NA,15908,NA,NA,NA,NA,NA,NA,NA,NA,NA,NA,NA,NA,NA,NA,NA,NA,NA,19283,NA,20127,NA,NA,NA,NA,NA,NA,NA,NA,NA,NA,NA,
429,P429,Marquez et al,2006,"Changes in population size and distribution fur seals, Arctocephalus australis and sea lions, Otaria flavescens, off Peru, from 1971-2006","International Conference on The Humboldt Current System: Climate, ocean dynamics, ecosystem processes, and fisheries",Conference,LPI,South America fur seal,Arctocephalus australis,Arctocephalus australis,Otariidae,NA,,https://horizon.documentation.ird.fr/exl-doc/pleins_textes/2022-09/010038704.pdf,Peruvian coast,Peruvian coast,0,1,-10.27444,-78.24194,no,yes,Number of individuals,All Individuals,1,Ground,NA,NA,NA,NA,NA,NA,NA,NA,NA,NA,NA,NA,NA,NA,NA,NA,NA,NA,NA,NA,NA,NA,NA,NA,NA,NA,NA,NA,NA,NA,NA,NA,NA,NA,NA,NA,NA,NA,NA,NA,NA,NA,NA,NA,NA,NA,NA,NA,NA,NA,NA,NA,NA,NA,NA,NA,NA,NA,NA,NA,NA,NA,NA,NA,NA,NA,NA,NA,NA,NA,NA,NA,NA,NA,10184,NA,NA,15616,22036,NA,NA,NA,NA,NA,NA,NA,NA,NA,NA,NA,NA,NA,27962,NA,NA,NA,24481,11665,6257,8209,10184,8209,8204,NA,10184,14320,NA,NA,NA,NA,NA,NA,NA,NA,NA,NA,NA,NA,NA,NA,NA,NA,NA,NA,
430,P430,Szteren,2015,Otaria flavescens and Arctocephalus australis abundance in poorly known sites: a spatial expansion of colonies?,Brazilian Journal of Oceanography,Research Article,UW,South America fur seal,Arctocephalus australis,Arctocephalus australis,Otariidae,https://doi.org/10.1590/S1679-87592015090606303,,https://www.scielo.br/j/bjoce/a/SXf6QjYHxXByZkQyjxMdqzP/?format=pdf&lang=en,Isla Verde - Islote La Coronilla,,0,1,-33.941111,-53.488333,no,no,All Individuals,,,,NA,NA,NA,NA,NA,NA,NA,NA,NA,NA,NA,NA,NA,NA,NA,NA,NA,NA,NA,NA,NA,NA,NA,NA,NA,NA,NA,NA,NA,NA,NA,NA,NA,NA,NA,NA,NA,NA,NA,NA,NA,NA,NA,NA,NA,NA,NA,NA,NA,NA,NA,NA,NA,NA,NA,NA,NA,NA,NA,NA,NA,NA,NA,NA,NA,NA,NA,NA,NA,NA,NA,NA,NA,NA,NA,NA,NA,NA,NA,NA,NA,NA,NA,NA,NA,NA,NA,NA,NA,NA,NA,NA,NA,NA,NA,NA,NA,NA,NA,NA,NA,NA,NA,NA,NA,NA,NA,NA,NA,NA,NA,NA,NA,NA,NA,NA,NA,NA,NA,NA,NA,NA,NA,NA,
431,P431,Szteren,2015,Otaria flavescens and Arctocephalus australis abundance in poorly known sites: a spatial expansion of colonies?,Brazilian Journal of Oceanography,Research Article,UW,South America fur seal,Arctocephalus australis,Arctocephalus australis,Otariidae,https://doi.org/10.1590/S1679-87592015090606303,,https://www.scielo.br/j/bjoce/a/SXf6QjYHxXByZkQyjxMdqzP/?format=pdf&lang=en,Las Pipas,,0,1,-34.908056,-56.026111,no,no,All Individuals,,,,NA,NA,NA,NA,NA,NA,NA,NA,NA,NA,NA,NA,NA,NA,NA,NA,NA,NA,NA,NA,NA,NA,NA,NA,NA,NA,NA,NA,NA,NA,NA,NA,NA,NA,NA,NA,NA,NA,NA,NA,NA,NA,NA,NA,NA,NA,NA,NA,NA,NA,NA,NA,NA,NA,NA,NA,NA,NA,NA,NA,NA,NA,NA,NA,NA,NA,NA,NA,NA,NA,NA,NA,NA,NA,NA,NA,NA,NA,NA,NA,NA,NA,NA,NA,NA,NA,NA,NA,NA,NA,NA,NA,NA,NA,NA,NA,NA,NA,NA,NA,NA,NA,NA,NA,NA,NA,NA,NA,NA,NA,NA,NA,NA,NA,NA,NA,NA,NA,NA,NA,NA,NA,NA,NA,
432,P432,Baylis et al,2019,Re-evaluating the population size of South American fur seals and conservation implications,Aquatic Conservation,Research Article,UW,South America fur seal,Arctocephalus australis,Arctocephalus australis,Otariidae,https://doi.org/10.1002/aqc.3194,,https://onlinelibrary.wiley.com/doi/full/10.1002/aqc.3194,Beauchene Island,,0,1,-52.88712334,-59.18335663,no,no,All individuals,,,Aerial surveys,NA,NA,NA,NA,NA,NA,NA,NA,NA,NA,NA,NA,NA,NA,NA,NA,NA,NA,NA,NA,NA,NA,NA,NA,NA,NA,NA,NA,NA,NA,NA,12,NA,NA,NA,NA,NA,NA,NA,NA,NA,NA,NA,NA,NA,NA,NA,NA,NA,NA,NA,NA,NA,NA,NA,NA,NA,NA,NA,NA,NA,NA,NA,NA,NA,NA,NA,NA,NA,NA,NA,NA,NA,NA,NA,NA,NA,NA,NA,NA,NA,NA,NA,NA,NA,NA,NA,NA,NA,NA,NA,NA,NA,NA,NA,NA,NA,NA,NA,NA,NA,NA,NA,NA,NA,NA,NA,NA,NA,NA,NA,NA,NA,NA,NA,NA,NA,NA,NA,NA,NA,NA,NA,NA,
433,P433,Baylis et al,2019,Re-evaluating the population size of South American fur seals and conservation implications,Aquatic Conservation,Research Article,UW,South America fur seal,Arctocephalus australis,Arctocephalus australis,Otariidae,https://doi.org/10.1002/aqc.3194,,https://onlinelibrary.wiley.com/doi/full/10.1002/aqc.3194,Bird Island,,0,1,-52.18225051,-60.8999367,no,no,All individuals,,,Aerial surveys,NA,NA,NA,NA,NA,NA,NA,NA,NA,NA,NA,NA,NA,NA,NA,NA,NA,NA,NA,NA,NA,NA,NA,NA,NA,NA,NA,NA,NA,NA,4,1000,NA,NA,NA,NA,NA,NA,NA,NA,NA,NA,NA,NA,NA,NA,NA,NA,NA,NA,NA,NA,NA,NA,NA,NA,NA,NA,NA,NA,NA,NA,NA,NA,NA,NA,NA,NA,NA,NA,NA,NA,NA,NA,NA,NA,NA,NA,NA,NA,NA,NA,NA,NA,NA,NA,NA,NA,NA,NA,NA,NA,NA,NA,NA,NA,NA,NA,NA,NA,NA,NA,NA,NA,NA,NA,NA,NA,NA,NA,NA,NA,NA,NA,NA,NA,NA,NA,NA,NA,NA,NA,NA,NA,
434,P434,Baylis et al,2019,Re-evaluating the population size of South American fur seals and conservation implications,Aquatic Conservation,Research Article,UW,South America fur seal,Arctocephalus australis,Arctocephalus australis,Otariidae,https://doi.org/10.1002/aqc.3194,,https://onlinelibrary.wiley.com/doi/full/10.1002/aqc.3194,Elephant Jason,,0,1,-51.1586165,-60.84726354,no,no,All individuals,,,Aerial surveys,NA,NA,NA,NA,NA,NA,NA,NA,NA,NA,NA,NA,NA,NA,NA,NA,NA,NA,NA,NA,NA,NA,NA,NA,NA,NA,NA,NA,5000,NA,1544,NA,NA,NA,NA,NA,NA,NA,NA,NA,NA,NA,NA,NA,NA,NA,NA,NA,NA,NA,NA,4000,NA,NA,NA,NA,NA,NA,NA,NA,NA,NA,NA,NA,NA,NA,NA,NA,NA,NA,NA,NA,NA,NA,NA,NA,NA,NA,NA,NA,NA,NA,NA,NA,NA,NA,NA,NA,NA,NA,NA,NA,NA,NA,NA,NA,NA,NA,NA,NA,NA,NA,NA,NA,NA,NA,NA,NA,NA,NA,NA,NA,NA,NA,NA,NA,NA,NA,NA,NA,NA,NA,NA,NA,
435,P435,Baylis et al,2019,Re-evaluating the population size of South American fur seals and conservation implications,Aquatic Conservation,Research Article,UW,South America fur seal,Arctocephalus australis,Arctocephalus australis,Otariidae,https://doi.org/10.1002/aqc.3194,,https://onlinelibrary.wiley.com/doi/full/10.1002/aqc.3194,New Island,,0,1,-51.72380572,-61.29649891,no,no,All individuals,,,Aerial surveys,NA,NA,NA,NA,NA,NA,NA,NA,NA,NA,NA,NA,NA,NA,NA,NA,NA,NA,NA,NA,NA,NA,NA,NA,NA,NA,NA,NA,NA,NA,NA,NA,NA,NA,NA,NA,NA,NA,NA,NA,NA,NA,NA,NA,NA,NA,NA,NA,NA,NA,NA,5000,NA,NA,NA,NA,NA,NA,NA,NA,NA,NA,NA,NA,NA,NA,NA,NA,NA,NA,NA,NA,NA,NA,NA,NA,NA,NA,NA,NA,NA,NA,NA,NA,NA,NA,NA,NA,NA,NA,NA,NA,NA,NA,NA,NA,NA,NA,NA,NA,NA,NA,NA,NA,NA,NA,NA,NA,NA,NA,NA,NA,NA,NA,NA,NA,NA,NA,NA,NA,NA,NA,NA,NA,
436,P436,Baylis et al,2019,Re-evaluating the population size of South American fur seals and conservation implications,Aquatic Conservation,Research Article,UW,South America fur seal,Arctocephalus australis,Arctocephalus australis,Otariidae,https://doi.org/10.1002/aqc.3194,,https://onlinelibrary.wiley.com/doi/full/10.1002/aqc.3194,Volunteer Rocks,,0,1,-51.47951761,-57.79168129,no,no,All individuals,,,Aerial surveys,NA,NA,NA,NA,NA,NA,NA,NA,NA,NA,NA,NA,NA,NA,NA,NA,NA,NA,NA,NA,NA,NA,NA,NA,NA,NA,NA,NA,500,NA,193,NA,NA,NA,NA,NA,NA,NA,NA,NA,NA,NA,NA,NA,NA,NA,NA,NA,NA,NA,NA,2000,NA,NA,NA,NA,NA,NA,NA,NA,NA,NA,NA,NA,NA,NA,NA,NA,NA,NA,NA,NA,NA,NA,NA,NA,NA,NA,NA,NA,NA,NA,NA,NA,NA,NA,NA,NA,NA,NA,NA,NA,NA,NA,NA,NA,NA,NA,NA,NA,NA,NA,NA,NA,NA,NA,NA,NA,NA,NA,NA,NA,NA,NA,NA,NA,NA,NA,NA,NA,NA,NA,NA,NA,
437,P437,Baylis et al,2019,Re-evaluating the population size of South American fur seals and conservation implications,Aquatic Conservation,Research Article,UW,South America fur seal,Arctocephalus australis,Arctocephalus australis,Otariidae,https://doi.org/10.1002/aqc.3194,,https://onlinelibrary.wiley.com/doi/full/10.1002/aqc.3194,Total Falkland,Total Falkland,0,1,-50.19048334,-61.82318878,no,yes,All individuals,All Individuals,1,Aerial,NA,NA,NA,NA,NA,NA,NA,NA,NA,NA,NA,NA,NA,NA,NA,NA,NA,NA,NA,NA,NA,NA,NA,NA,NA,NA,NA,NA,5500,NA,2337,8134,9628,NA,NA,NA,NA,NA,NA,NA,NA,NA,NA,NA,NA,NA,NA,NA,NA,NA,NA,11500,NA,NA,NA,NA,NA,NA,NA,NA,NA,NA,NA,NA,NA,14000,NA,NA,NA,NA,NA,NA,NA,NA,NA,NA,NA,NA,NA,NA,NA,NA,NA,NA,NA,19000,NA,NA,NA,NA,NA,NA,NA,NA,NA,NA,NA,NA,NA,NA,NA,NA,NA,NA,NA,NA,NA,NA,NA,NA,NA,NA,NA,NA,NA,NA,NA,NA,NA,NA,NA,NA,NA,NA,
438,P438,Crespo et al,2015,"Status, population trend and genetic structure of South American fur seals, Arctocephalus australis, in southwestern Atlantic waters",Marine Mammal Science,Research Article,UW,South America fur seal,Arctocephalus australis,Arctocephalus australis,Otariidae,https://doi.org/10.1111/mms.12199,,https://onlinelibrary.wiley.com/doi/10.1111/mms.12199,Cabo Blanco,Cabo Blanco,0,1,-47.216667,-65.733333,no,yes,Total Count,All Individuals,1,Aerial,NA,NA,NA,NA,NA,NA,NA,NA,NA,NA,NA,NA,NA,NA,NA,NA,NA,NA,NA,NA,NA,NA,NA,NA,NA,NA,NA,NA,NA,NA,NA,NA,NA,NA,NA,NA,NA,NA,NA,NA,NA,NA,NA,NA,NA,NA,NA,NA,NA,NA,NA,NA,NA,NA,NA,NA,NA,NA,NA,NA,NA,NA,NA,NA,NA,NA,NA,NA,NA,NA,NA,NA,NA,NA,NA,NA,NA,NA,NA,NA,NA,NA,NA,NA,NA,NA,NA,NA,NA,NA,NA,NA,NA,322,NA,NA,NA,NA,NA,NA,NA,NA,NA,NA,NA,NA,NA,NA,NA,350,22,NA,NA,NA,NA,NA,NA,NA,NA,NA,NA,NA,NA,NA,
439,P439,Crespo et al,2015,"Status, population trend and genetic structure of South American fur seals, Arctocephalus australis, in southwestern Atlantic waters",Marine Mammal Science,Research Article,UW,South America fur seal,Arctocephalus australis,Arctocephalus australis,Otariidae,https://doi.org/10.1111/mms.12199,,https://onlinelibrary.wiley.com/doi/10.1111/mms.12199,Cabo Furneaux,Cabo Furneaux,0,1,-54.718889,-63.891944,no,yes,Total Count,All Individuals,1,Aerial,NA,NA,NA,NA,NA,NA,NA,NA,NA,NA,NA,NA,NA,NA,NA,NA,NA,NA,NA,NA,NA,NA,NA,NA,NA,NA,NA,NA,NA,NA,NA,NA,NA,NA,NA,NA,NA,NA,NA,NA,NA,NA,NA,NA,NA,NA,NA,NA,NA,NA,NA,NA,NA,NA,NA,NA,NA,NA,NA,NA,NA,NA,NA,NA,NA,NA,NA,NA,NA,NA,NA,NA,NA,NA,NA,NA,NA,NA,NA,NA,NA,NA,NA,NA,NA,NA,50,NA,NA,NA,NA,NA,NA,NA,NA,318,NA,734,NA,NA,NA,NA,NA,NA,NA,NA,NA,NA,NA,NA,NA,NA,NA,NA,NA,NA,NA,NA,NA,NA,NA,NA,NA,NA,
440,P440,Crespo et al,2015,"Status, population trend and genetic structure of South American fur seals, Arctocephalus australis, in southwestern Atlantic waters",Marine Mammal Science,Research Article,UW,South America fur seal,Arctocephalus australis,Arctocephalus australis,Otariidae,https://doi.org/10.1111/mms.12199,,https://onlinelibrary.wiley.com/doi/10.1111/mms.12199,Isla Arce,Isla Arce,0,1,-45.004167,-65.483333,no,yes,Total Count,All Individuals,1,Ship,NA,NA,NA,NA,NA,NA,NA,NA,NA,NA,NA,NA,NA,NA,NA,NA,NA,NA,NA,NA,NA,NA,NA,NA,NA,NA,NA,NA,NA,NA,NA,NA,NA,NA,NA,NA,NA,NA,NA,NA,NA,NA,NA,NA,NA,NA,NA,NA,NA,NA,NA,NA,NA,NA,NA,NA,NA,NA,NA,NA,NA,NA,NA,NA,NA,NA,NA,NA,NA,NA,NA,NA,NA,NA,NA,NA,NA,NA,NA,NA,NA,NA,NA,NA,NA,NA,NA,NA,NA,NA,NA,NA,NA,NA,NA,239,NA,609,80,150,50,125,NA,NA,NA,30,70,45,94,NA,NA,NA,780,NA,NA,NA,NA,NA,NA,NA,NA,NA,NA,NA,
441,P441,Crespo et al,2015,"Status, population trend and genetic structure of South American fur seals, Arctocephalus australis, in southwestern Atlantic waters",Marine Mammal Science,Research Article,UW,South America fur seal,Arctocephalus australis,Arctocephalus australis,Otariidae,https://doi.org/10.1111/mms.12199,,https://onlinelibrary.wiley.com/doi/10.1111/mms.12199,Isla Barrionuevo,Isla Barrionuevo,0,1,-54.851389,-64.161389,no,yes,Total Count,All Individuals,1,Aerial,NA,NA,NA,NA,NA,NA,NA,NA,NA,NA,NA,NA,NA,NA,NA,NA,NA,NA,NA,NA,NA,NA,NA,NA,NA,NA,NA,NA,NA,NA,NA,NA,NA,NA,NA,NA,NA,NA,NA,NA,NA,NA,NA,NA,NA,NA,NA,NA,NA,NA,NA,NA,NA,NA,NA,NA,NA,NA,NA,NA,NA,NA,NA,NA,NA,NA,NA,NA,NA,NA,NA,NA,NA,NA,NA,NA,NA,NA,NA,NA,NA,NA,NA,NA,NA,100,NA,NA,NA,NA,NA,48,NA,NA,130,NA,222,NA,NA,NA,NA,NA,NA,NA,NA,NA,NA,NA,NA,NA,NA,NA,NA,NA,NA,NA,NA,NA,NA,NA,NA,NA,NA,NA,
442,P442,Crespo et al,2015,"Status, population trend and genetic structure of South American fur seals, Arctocephalus australis, in southwestern Atlantic waters",Marine Mammal Science,Research Article,UW,South America fur seal,Arctocephalus australis,Arctocephalus australis,Otariidae,https://doi.org/10.1111/mms.12199,,https://onlinelibrary.wiley.com/doi/10.1111/mms.12199,Isla Escondida,Isla Escondida,0,1,-43.721667,-65.283333,no,yes,Total Count,All Individuals,1,Ship,NA,NA,NA,NA,NA,NA,NA,NA,NA,NA,NA,NA,NA,NA,NA,NA,NA,NA,NA,NA,NA,NA,NA,NA,NA,NA,NA,NA,NA,NA,NA,NA,NA,NA,NA,NA,NA,NA,NA,NA,NA,NA,NA,NA,NA,NA,NA,NA,NA,NA,NA,NA,NA,NA,NA,NA,NA,NA,NA,NA,NA,NA,NA,NA,NA,NA,NA,NA,NA,NA,NA,NA,NA,NA,NA,NA,NA,NA,NA,NA,NA,NA,NA,NA,NA,NA,NA,NA,NA,NA,NA,NA,NA,NA,NA,3150,NA,NA,NA,NA,NA,NA,NA,NA,NA,NA,NA,NA,NA,NA,NA,2754,NA,NA,NA,NA,NA,NA,NA,NA,NA,NA,NA,NA,
443,P443,Crespo et al,2015,"Status, population trend and genetic structure of South American fur seals, Arctocephalus australis, in southwestern Atlantic waters",Marine Mammal Science,Research Article,UW,South America fur seal,Arctocephalus australis,Arctocephalus australis,Otariidae,https://doi.org/10.1111/mms.12199,,https://onlinelibrary.wiley.com/doi/10.1111/mms.12199,Isla Rasa,Isla Rasa,0,1,-45.108333,-65.391667,no,yes,Total Count,All Individuals,1,Ship,NA,NA,NA,NA,NA,NA,NA,NA,NA,NA,NA,NA,NA,NA,NA,NA,NA,NA,NA,NA,NA,NA,NA,NA,NA,NA,NA,NA,NA,NA,NA,NA,NA,NA,NA,NA,NA,NA,NA,NA,NA,NA,NA,NA,NA,NA,NA,NA,NA,NA,NA,NA,NA,NA,NA,NA,NA,NA,NA,NA,NA,NA,NA,NA,NA,NA,NA,NA,NA,NA,NA,NA,NA,NA,NA,NA,NA,NA,NA,NA,NA,NA,NA,NA,NA,NA,NA,NA,NA,NA,NA,NA,NA,NA,NA,8190,NA,11246,3690,NA,2700,4011,NA,NA,NA,NA,NA,3759,6190,NA,NA,12404,12955,NA,NA,NA,NA,NA,NA,NA,NA,NA,NA,NA,
444,P444,Crespo et al,2015,"Status, population trend and genetic structure of South American fur seals, Arctocephalus australis, in southwestern Atlantic waters",Marine Mammal Science,Research Article,UW,South America fur seal,Arctocephalus australis,Arctocephalus australis,Otariidae,https://doi.org/10.1111/mms.12199,,https://onlinelibrary.wiley.com/doi/10.1111/mms.12199,Islets South of Cabo Hall,Islets South of Cabo Hall,0,1,-54.976944,-65.694722,no,yes,Total Count,All Individuals,1,Aerial,NA,NA,NA,NA,NA,NA,NA,NA,NA,NA,NA,NA,NA,NA,NA,NA,NA,NA,NA,NA,NA,NA,NA,NA,NA,NA,NA,NA,NA,NA,NA,NA,NA,NA,NA,NA,NA,NA,NA,NA,NA,NA,NA,NA,NA,NA,NA,NA,NA,NA,NA,NA,NA,NA,NA,NA,NA,NA,NA,NA,NA,NA,NA,NA,NA,NA,NA,NA,NA,NA,NA,NA,NA,NA,NA,NA,NA,NA,NA,NA,NA,NA,NA,NA,NA,NA,NA,NA,NA,NA,93,98,NA,444,NA,NA,NA,NA,NA,NA,NA,NA,NA,NA,NA,NA,NA,NA,NA,NA,NA,NA,NA,NA,NA,NA,NA,NA,NA,NA,NA,NA,NA,NA,
445,P445,Crespo et al,2015,"Status, population trend and genetic structure of South American fur seals, Arctocephalus australis, in southwestern Atlantic waters",Marine Mammal Science,Research Article,UW,South America fur seal,Arctocephalus australis,Arctocephalus australis,Otariidae,https://doi.org/10.1111/mms.12199,,https://onlinelibrary.wiley.com/doi/10.1111/mms.12199,Islote Veleros,Islote Veleros,0,1,-54.924444,-65.324167,no,yes,Total Count,All Individuals,1,Ship,NA,NA,NA,NA,NA,NA,NA,NA,NA,NA,NA,NA,NA,NA,NA,NA,NA,NA,NA,NA,NA,NA,NA,NA,NA,NA,NA,NA,NA,NA,NA,NA,NA,NA,NA,NA,NA,NA,NA,NA,NA,NA,NA,NA,NA,NA,NA,NA,NA,NA,NA,NA,NA,NA,NA,NA,NA,NA,NA,NA,NA,NA,NA,NA,NA,NA,NA,NA,NA,NA,NA,NA,NA,NA,NA,NA,NA,NA,NA,NA,NA,NA,NA,NA,NA,NA,NA,NA,NA,NA,181,379,NA,191,NA,NA,411,NA,NA,NA,NA,NA,NA,NA,NA,NA,NA,NA,NA,NA,NA,NA,NA,NA,NA,NA,NA,NA,NA,NA,NA,NA,NA,NA,
446,P446,Crespo et al,2015,"Status, population trend and genetic structure of South American fur seals, Arctocephalus australis, in southwestern Atlantic waters",Marine Mammal Science,Research Article,UW,South America fur seal,Arctocephalus australis,Arctocephalus australis,Otariidae,https://doi.org/10.1111/mms.12199,,https://onlinelibrary.wiley.com/doi/10.1111/mms.12199,Punta Achaval,Punta Achaval,0,1,-54.837778,-64.182778,no,yes,Total Count,All Individuals,1,Aerial,NA,NA,NA,NA,NA,NA,NA,NA,NA,NA,NA,NA,NA,NA,NA,NA,NA,NA,NA,NA,NA,NA,NA,NA,NA,NA,NA,NA,NA,NA,NA,NA,NA,NA,NA,NA,NA,NA,NA,NA,NA,NA,NA,NA,NA,NA,NA,NA,NA,NA,NA,NA,NA,NA,NA,NA,NA,NA,NA,NA,NA,NA,NA,NA,NA,NA,NA,NA,NA,NA,NA,NA,NA,NA,NA,NA,NA,NA,NA,NA,NA,NA,NA,NA,NA,200,NA,NA,NA,NA,NA,NA,NA,154,400,NA,400,NA,NA,NA,NA,NA,NA,NA,NA,NA,NA,NA,NA,NA,NA,NA,NA,NA,NA,NA,NA,NA,NA,NA,NA,NA,NA,NA,
447,P447,Crespo et al,2015,"Status, population trend and genetic structure of South American fur seals, Arctocephalus australis, in southwestern Atlantic waters",Marine Mammal Science,Research Article,UW,South America fur seal,Arctocephalus australis,Arctocephalus australis,Otariidae,https://doi.org/10.1111/mms.12199,,https://onlinelibrary.wiley.com/doi/10.1111/mms.12199,Punta Jira,Punta Jira,0,1,-54.756944,-63.814167,no,yes,Total Count,All Individuals,1,Aerial,NA,NA,NA,NA,NA,NA,NA,NA,NA,NA,NA,NA,NA,NA,NA,NA,NA,NA,NA,NA,NA,NA,NA,NA,NA,NA,NA,NA,NA,NA,NA,NA,NA,NA,NA,NA,NA,NA,NA,NA,NA,NA,NA,NA,NA,NA,NA,NA,NA,NA,NA,NA,NA,NA,NA,NA,NA,NA,NA,NA,NA,NA,NA,NA,NA,NA,NA,NA,NA,NA,NA,NA,NA,NA,NA,NA,NA,NA,NA,NA,NA,NA,NA,NA,NA,NA,NA,NA,NA,NA,NA,NA,949,NA,NA,1758,NA,1743,NA,NA,NA,NA,NA,NA,NA,NA,NA,NA,NA,NA,NA,NA,NA,NA,NA,NA,NA,NA,NA,NA,NA,NA,NA,NA,
448,P448,Crespo et al,2015,"Status, population trend and genetic structure of South American fur seals, Arctocephalus australis, in southwestern Atlantic waters",Marine Mammal Science,Research Article,UW,South America fur seal,Arctocephalus australis,Arctocephalus australis,Otariidae,https://doi.org/10.1111/mms.12199,,https://onlinelibrary.wiley.com/doi/10.1111/mms.12199,Punta Leguizamo,Punta Leguizamo,0,1,-54.725833,-63.796389,no,yes,Total Count,All Individuals,1,Aerial,NA,NA,NA,NA,NA,NA,NA,NA,NA,NA,NA,NA,NA,NA,NA,NA,NA,NA,NA,NA,NA,NA,NA,NA,NA,NA,NA,NA,NA,NA,NA,NA,NA,NA,NA,NA,NA,NA,NA,NA,NA,NA,NA,NA,NA,NA,NA,NA,NA,NA,NA,NA,NA,NA,NA,NA,NA,NA,NA,NA,NA,NA,NA,NA,NA,NA,NA,NA,NA,NA,NA,NA,NA,NA,NA,NA,NA,NA,NA,NA,NA,NA,NA,NA,NA,NA,NA,NA,NA,NA,NA,NA,NA,NA,251,157,NA,200,NA,NA,NA,NA,NA,NA,NA,NA,NA,NA,NA,NA,NA,NA,NA,NA,NA,NA,NA,NA,NA,NA,NA,NA,NA,NA,
449,P449,Grandi et al,2012,A hunted population in recovery: Effective population size for South American sea lions from Patagonia,Animal Biology,Journal Article,LPI,South American sea lion,Otaria flavescens,Otaria flavescens,Otariidae,DOI:10.1163/157075612X642941,,https://www.researchgate.net/publication/236971703_A_hunted_population_in_recovery_Effective_population_size_for_South_American_sea_lions_from_Patagonia,"16 breeding colonies from Punta Bermeja to Punta Leon, northern Patagonia, Argentina",,0,1,-41.903134,-64.502139,yes,no,Number of adult territorial males,,,Total counts at breeding colonies,NA,NA,NA,NA,NA,NA,NA,NA,NA,NA,NA,NA,NA,NA,NA,NA,NA,NA,NA,NA,NA,NA,NA,NA,NA,NA,NA,NA,NA,NA,NA,NA,NA,NA,NA,NA,NA,NA,NA,NA,NA,NA,NA,NA,NA,NA,NA,NA,NA,NA,NA,NA,NA,NA,NA,NA,NA,NA,NA,NA,NA,NA,NA,NA,NA,NA,NA,NA,NA,NA,NA,NA,NA,NA,NA,NA,NA,NA,NA,NA,NA,NA,760,NA,NA,NA,NA,NA,NA,NA,819,NA,NA,NA,NA,NA,NA,NA,NA,NA,NA,NA,NA,NA,NA,NA,NA,NA,NA,NA,NA,NA,NA,NA,NA,NA,NA,NA,NA,NA,NA,NA,NA,NA,
450,P450,Grandi et al,2012,A hunted population in recovery: Effective population size for South American sea lions from Patagonia,Animal Biology,Journal Article,LPI,South American sea lion,Otaria flavescens,Otaria flavescens,Otariidae,DOI:10.1163/157075612X642941,,https://www.researchgate.net/publication/236971703_A_hunted_population_in_recovery_Effective_population_size_for_South_American_sea_lions_from_Patagonia,"33 breeding colonies from Punta Bermeja to Punta Leon, northern Patagonia, Argentina",,0,1,-41.903134,-64.502139,yes,no,Number of adult territorial males,,,Total counts at breeding colonies,NA,NA,NA,NA,NA,NA,NA,NA,NA,NA,NA,NA,NA,NA,NA,NA,NA,NA,NA,NA,NA,NA,NA,NA,NA,NA,NA,NA,NA,NA,NA,NA,NA,NA,NA,NA,NA,NA,NA,NA,NA,NA,NA,NA,NA,NA,NA,NA,NA,NA,NA,NA,NA,NA,NA,NA,NA,NA,NA,NA,NA,NA,NA,NA,NA,NA,NA,NA,NA,NA,NA,NA,NA,NA,NA,NA,NA,NA,NA,NA,NA,NA,NA,NA,NA,NA,NA,NA,NA,NA,NA,NA,NA,NA,NA,NA,NA,NA,NA,NA,NA,NA,NA,NA,NA,NA,1969,2171,NA,2534,NA,NA,NA,NA,NA,NA,NA,NA,NA,NA,NA,NA,NA,NA,
451,P451,Grandi et al,2012,A hunted population in recovery: Effective population size for South American sea lions from Patagonia,Animal Biology,Journal Article,LPI,South American sea lion,Otaria flavescens,Otaria flavescens,Otariidae,DOI:10.1163/157075612X642941,,https://www.researchgate.net/publication/236971703_A_hunted_population_in_recovery_Effective_population_size_for_South_American_sea_lions_from_Patagonia,N Atlantic Patagonian coast (Punta Bermeja to Punta León),N Atlantic Patagonian coast (Punta Bermeja to Punta León),0,1,-41.903134,-64.502139,yes,yes,,All Individuals,1,Ground,NA,NA,NA,NA,NA,NA,NA,NA,NA,NA,NA,NA,NA,NA,NA,NA,NA,NA,NA,NA,NA,NA,NA,NA,NA,NA,NA,NA,NA,NA,NA,NA,NA,NA,NA,NA,NA,NA,NA,NA,NA,NA,NA,NA,NA,NA,NA,NA,NA,NA,NA,NA,NA,NA,NA,NA,NA,NA,NA,NA,NA,NA,NA,NA,NA,NA,NA,NA,NA,NA,NA,NA,NA,NA,NA,NA,NA,NA,NA,NA,NA,NA,2446,NA,NA,NA,NA,NA,NA,NA,2782,NA,NA,NA,NA,2942,NA,NA,NA,NA,NA,NA,NA,NA,NA,6192,6510,7365,NA,8381,NA,NA,NA,NA,NA,NA,NA,NA,NA,NA,NA,NA,NA,NA,
455,P455,Sepulveda et al,2011,Distribution and abundance of the South American sea lion Otaria flavescens (Carnivora: Otariidae) along the central coast off Chile,Sociedad de Biologia de Chile,Research article,UW,South American sea lion,Otaria flavescens,Otaria flavescens,Otariidae,ISSN: 0716-078X,,https://rchn.biologiachile.cl/pdfs/2011/1/Sepulveda_et_al_2011.pdf,Central Chile,Central Chile,2,0,-45.35126964,-76.2376211,yes,yes,All individuals,All Individuals,1,Ship,NA,NA,NA,NA,NA,NA,NA,NA,NA,NA,NA,NA,NA,NA,NA,NA,NA,NA,NA,NA,NA,NA,NA,NA,NA,NA,NA,NA,NA,NA,NA,NA,NA,NA,NA,NA,NA,NA,NA,NA,NA,NA,NA,NA,NA,NA,NA,NA,NA,NA,NA,NA,NA,NA,NA,NA,NA,NA,NA,NA,NA,NA,NA,NA,NA,NA,NA,NA,NA,NA,13766,NA,NA,NA,NA,NA,NA,NA,NA,NA,NA,NA,NA,NA,18085,NA,NA,NA,NA,NA,NA,NA,NA,NA,NA,NA,17300,NA,NA,NA,NA,NA,NA,NA,NA,NA,16368,NA,NA,NA,NA,NA,NA,NA,NA,NA,NA,NA,NA,NA,NA,NA,NA,NA,
453,P453,Siefeld et al,2002,"Effect of El Niño 1997/98 on a Population of the Southern Sea Lion (Otaria flavescens Shaw) from Punta Patache/Punta Negra (Iquique, Chile)",Marine Research ,Journal Article,LPI,South American sea lion,Otaria flavescens,Otaria flavescens,Otariidae,DOI:10.4067/S0717-71782002030100059,,https://www.researchgate.net/publication/240841701_Effect_of_El_Nino_199798_on_a_Population_of_the_Southern_Sea_Lion_Otaria_flavescens_Shaw_from_Punta_PatachePunta_Negra_Iquique_Chile,"Punta Negra, Iquique, Tarapaca, Chile","Punta Negra, Iquique, Tarapaca, Chile",0,1,-20.17472,-70.1425,yes,yes,Total number of individuals,All Individuals,1,Unknown,NA,NA,NA,NA,NA,NA,NA,NA,NA,NA,NA,NA,NA,NA,NA,NA,NA,NA,NA,NA,NA,NA,NA,NA,NA,NA,NA,NA,NA,NA,NA,NA,NA,NA,NA,NA,NA,NA,NA,NA,NA,NA,NA,NA,NA,NA,NA,NA,NA,NA,NA,NA,NA,NA,NA,NA,NA,NA,NA,NA,NA,NA,NA,NA,NA,NA,NA,NA,NA,NA,NA,NA,NA,NA,NA,NA,NA,NA,NA,NA,NA,NA,NA,NA,NA,NA,953,NA,NA,NA,NA,NA,NA,NA,877,NA,1094,1553,127,571,713,511,554,NA,NA,NA,NA,NA,NA,NA,NA,NA,NA,NA,NA,NA,NA,NA,NA,NA,NA,NA,NA,NA,
454,P454,Siefeld et al,2002,"Effect of El Niño 1997/98 on a Population of the Southern Sea Lion (Otaria flavescens Shaw) from Punta Patache/Punta Negra (Iquique, Chile)",Marine Research ,Journal Article,LPI,South American sea lion,Otaria flavescens,Otaria flavescens,Otariidae,DOI:10.4067/S0717-71782002030100059,,https://www.researchgate.net/publication/240841701_Effect_of_El_Nino_199798_on_a_Population_of_the_Southern_Sea_Lion_Otaria_flavescens_Shaw_from_Punta_PatachePunta_Negra_Iquique_Chile,"Punta Patache, Iquique, Tarapaca, Chile","Punta Patache, Iquique, Tarapaca, Chile",0,1,-20.81083,-70.20444,yes,yes,Total number of individuals,All Individuals,1,Unknown,NA,NA,NA,NA,NA,NA,NA,NA,NA,NA,NA,NA,NA,NA,NA,NA,NA,NA,NA,NA,NA,NA,NA,NA,NA,NA,NA,NA,NA,NA,NA,NA,NA,NA,NA,NA,NA,NA,NA,NA,NA,NA,NA,NA,NA,NA,NA,NA,NA,NA,NA,NA,NA,NA,NA,NA,NA,NA,NA,NA,NA,NA,NA,NA,NA,NA,NA,NA,NA,NA,NA,NA,NA,NA,NA,NA,NA,NA,NA,NA,NA,NA,NA,NA,NA,NA,NA,NA,NA,NA,NA,NA,NA,NA,531,NA,NA,416,1083,678,628,675,471,NA,NA,NA,NA,NA,NA,NA,NA,NA,NA,NA,NA,NA,NA,NA,NA,NA,NA,NA,NA,NA,
452,P452,Sepulveda et al,2021,Long-term abundance dynamics of the South American sea lion (Otaria flavescens) in the most important breeding colony in central Chile,Austral Ecology,Research article,UW,South American sea lion,Otaria flavescens,Otaria flavescens,Otariidae,DOI:10.1111/aec.13086,,https://onlinelibrary.wiley.com/doi/full/10.1111/aec.13086?casa_token=6qz5t1ollgcAAAAA%3A1p711Vx-WiuSyudLFX4BNCrmFGneemNIiGZ22effOWba1w049abl4dK95bujI1P2hinPUO84yCTu0Vxe,"Cobquecura, Central Chile",Central Chile,1,1,-36.12895781,-72.86389109,yes,yes,All Individuals,All Individuals,1,Ship,NA,NA,NA,NA,NA,NA,NA,NA,NA,NA,NA,NA,NA,NA,NA,NA,NA,NA,NA,NA,NA,NA,NA,NA,NA,NA,NA,NA,NA,NA,NA,NA,NA,NA,NA,NA,NA,NA,NA,NA,NA,NA,NA,NA,NA,NA,NA,NA,NA,NA,NA,NA,NA,NA,NA,NA,NA,NA,NA,NA,NA,NA,NA,NA,NA,NA,NA,NA,NA,NA,NA,NA,NA,NA,NA,NA,NA,NA,NA,NA,NA,NA,NA,NA,NA,NA,NA,NA,NA,NA,NA,NA,NA,NA,NA,NA,NA,NA,NA,NA,NA,NA,NA,NA,NA,NA,NA,NA,NA,NA,NA,3998,3523,3714,3102,3764,4122,4953,4061,4113,4305,NA,NA,NA,
456,P456,Marquez et al,2006,"Marquez, J. C., Yataco, G., Alza, L., Van Oordt, F. (2006). Changes in population size and distribution fur seals""         Arctocephalus australis and sea lions         Otaria flavescens         off peru'        "" from 1971-2006."""" from http://irdal.ird.fr/humboldt_partie3/""","International Conference on The Humboldt Current System: Climate, ocean dynamics, ecosystem processes, and fisheries",Conference,LPI,South American sea lion,Otaria flavescens,Otaria flavescens,Otariidae,NA,,https://horizon.documentation.ird.fr/exl-doc/pleins_textes/2022-09/010038704.pdf,Peruvian coast,Peruvian coast,0,1,-10.27444,-78.24194,yes,yes,Number of individuals,All Individuals,1,Ground,NA,NA,NA,NA,NA,NA,NA,NA,NA,NA,NA,NA,NA,NA,NA,NA,NA,NA,NA,NA,NA,NA,NA,NA,NA,NA,NA,NA,NA,NA,NA,NA,NA,NA,NA,NA,NA,NA,NA,NA,NA,NA,NA,NA,NA,NA,NA,NA,NA,NA,NA,NA,NA,NA,NA,NA,NA,NA,NA,NA,NA,NA,NA,NA,NA,NA,NA,NA,NA,NA,NA,22586,NA,NA,NA,19623,NA,14684,24561,NA,NA,NA,NA,NA,33944,NA,NA,NA,NA,NA,NA,NA,NA,76413,NA,NA,NA,144087,27998,44314,48265,62586,74931,59129,100117,118388,NA,NA,NA,NA,NA,NA,NA,NA,NA,NA,NA,NA,NA,NA,NA,NA,NA,NA,
457,P457,Reijnders et al,1993,"Seals, Fur Seals, Sea Lions and Walrus. Status Survey and Conservation Action Plan. ",IUCN/SSC Seal Specialist Group,Tech memo,LPI,South American sea lion,Otaria flavescens,Otaria flavescens,Otariidae,ISBN: 978-2-8317-0141-7,,https://portals.iucn.org/library/node/6690,Falkland Islands,Falkland Islands,0,1,-51.75,-59.16667,yes,yes,Number of individuals,All Individuals,1,Unknown,NA,NA,NA,NA,NA,NA,NA,NA,NA,NA,NA,NA,NA,NA,NA,NA,NA,NA,NA,NA,NA,NA,NA,NA,NA,NA,NA,NA,NA,NA,NA,NA,NA,NA,NA,NA,NA,NA,NA,NA,NA,NA,NA,NA,NA,NA,NA,NA,NA,NA,NA,NA,NA,NA,NA,NA,NA,NA,NA,NA,NA,NA,NA,NA,NA,NA,NA,NA,NA,NA,26739,NA,NA,NA,NA,23478,NA,NA,NA,NA,20217,NA,NA,NA,NA,16957,NA,NA,NA,NA,NA,NA,NA,NA,NA,NA,NA,NA,NA,NA,NA,NA,NA,NA,NA,NA,NA,NA,NA,NA,NA,NA,NA,NA,NA,NA,NA,NA,NA,NA,NA,NA,NA,NA,
458,P458,Sepulveda et al,2021,"South American Sea Lion (Otaria Flavescens, Shaw 1800)",Ecology and Conservation of Pinnipeds in Latin America,Journal article,UW,South American sea lion,Otaria flavescens,Otaria flavescens,Otariidae,DOI:10.1007/978-3-030-63177-2_6,,https://www.researchgate.net/figure/Population-trajectory-and-number-of-South-American-sea-lions-harvested-in-northern-and_fig2_349603542,N and Central Atlantic Patagonian Coast,N and Central Atlantic Patagonian Coast,0,1,-47.69247716,-64.6805891,yes,no,All individuals,,1,"Aerial, boat and land based surverys",NA,NA,NA,NA,NA,NA,NA,NA,NA,NA,NA,NA,NA,NA,NA,NA,NA,NA,NA,NA,NA,NA,NA,NA,NA,NA,NA,NA,NA,NA,NA,NA,NA,NA,NA,NA,NA,NA,NA,NA,NA,NA,NA,NA,NA,NA,NA,NA,NA,NA,68372,60930,59069,60930,57209,55349,60930,55348,59069,51628,53488,55348,70232,44186,33023,38604,33023,27441,33023,25581,21860,20000,20000,25581,27441,33023,33023,34883,36744,36744,36744,36744,34883,33023,34884,38604,42325,44186,47906,49767,51627,55348,59069,60930,62790,68372,77674,83255,86976,94418,96279,109302,116744,122325,126046,126046,131627,137209,144651,150232,159534,163255,168837,174418,179999,185581,187441,189302,193023,NA,NA,NA,NA,NA,
459,P459,McMahon et al,2005,"Comparison of southern elephant seal populations, and observations of a population on a demographic knife-edge",Marine Ecology Progress Series,Journal Article,UW,Southern elephant seal,Mirounga leonina,Mirounga leonina,Phocidae,doi:10.3354/meps288273,,https://www.int-res.com/abstracts/meps/v288/p273-283/,Macquarie Island ,Macquarie Island ,0,1,-54.64648196,158.8647625,yes,yes,Maximum number of cows,All Females,3.47,Aerial,NA,NA,NA,NA,NA,NA,NA,NA,NA,NA,NA,NA,NA,NA,NA,NA,NA,NA,NA,NA,NA,NA,NA,NA,NA,NA,NA,NA,NA,NA,NA,NA,NA,NA,NA,NA,NA,NA,NA,NA,NA,NA,NA,NA,NA,NA,NA,NA,NA,NA,6640,6021,5459,5805,6563,4892,5396,5203,6102,4604,5957,NA,NA,NA,NA,4666,NA,NA,4500,NA,3041,3194,NA,3936,NA,4674,NA,NA,NA,NA,4794,NA,2938,NA,2632,2868,2731,3204,3534,3014,2870,2509,3167,3207,2480,2803,2736,3018,3056,3171,2875,2841,NA,NA,NA,NA,NA,NA,NA,NA,NA,NA,NA,NA,NA,NA,NA,NA,NA,NA,NA,NA,NA,NA,
460,P460,McMahon et al,2005,"Comparison of southern elephant seal populations, and observations of a population on a demographic knife-edge",Marine Ecology Progress Series,Journal Article,UW,Southern elephant seal,Mirounga leonina,Mirounga leonina,Phocidae,doi:10.3354/meps288273,,https://www.int-res.com/abstracts/meps/v288/p273-283/,Marion Island,Marion Island,0,1,-46.9,37.7,yes,yes,Maximum number of cows,All Females,3.47,Aerial,NA,NA,NA,NA,NA,NA,NA,NA,NA,NA,NA,NA,NA,NA,NA,NA,NA,NA,NA,NA,NA,NA,NA,NA,NA,NA,NA,NA,NA,NA,NA,NA,NA,NA,NA,NA,NA,NA,NA,NA,NA,NA,NA,NA,NA,NA,NA,NA,NA,NA,NA,NA,NA,NA,NA,NA,NA,NA,NA,NA,NA,NA,NA,NA,NA,NA,NA,NA,NA,NA,NA,NA,NA,NA,NA,NA,NA,NA,NA,NA,NA,NA,NA,NA,NA,NA,675,603,632,583,481,465,445,476,411,393,393,398,417,408,399,417,NA,NA,NA,NA,NA,NA,NA,NA,NA,NA,NA,NA,NA,NA,NA,NA,NA,NA,NA,NA,NA,NA,
461,P461,Woodman et al. ,2024,"CS-PHOC: Weekly census counts of Southern Ocean phocids at Cape Shirreff, Livingston Island (1997-2023)",submitted,Journal Article,UW,Southern elephant seal,Mirounga leonina,Mirounga leonina,Phocidae,https://doi.org/10.1038/s41597-024-03744-9,only Jan counts because most abundant month,,"Cape Shirreff, Livingston Island","Cape Shirreff, Livingston Island",0,1,-62.52866327,-60.73261129,no,yes,All individuals,All Individuals,1,Ground,NA,NA,NA,NA,NA,NA,NA,NA,NA,NA,NA,NA,NA,NA,NA,NA,NA,NA,NA,NA,NA,NA,NA,NA,NA,NA,NA,NA,NA,NA,NA,NA,NA,NA,NA,NA,NA,NA,NA,NA,NA,NA,NA,NA,NA,NA,NA,NA,NA,NA,NA,NA,NA,NA,NA,NA,NA,NA,NA,NA,NA,NA,NA,NA,NA,NA,NA,NA,NA,NA,NA,NA,NA,NA,NA,NA,NA,NA,NA,NA,NA,NA,NA,NA,NA,NA,NA,NA,NA,NA,NA,NA,NA,NA,NA,NA,NA,NA,329,327,330,374,337,185,308,270,204,263,NA,NA,190,138,277,262,276,250,374,322,319,260,382,NA,NA,346,
462,P462,Laborie et al,2023,Estimation of total population size of southern elephant seals (Mirounga leonina) on Kerguelen and Crozet Archipelagos using very high-resolution satellite imagery,Frontiers in Marine Science,Journal Article,UW,Southern elephant seal,Mirounga leonina,Mirounga leonina,Phocidae,https://doi.org/10.3389/fmars.2023.1149100,"Counting on satellite images was carried out by visual inspection
using GIMP 2.8 software (GIMP 2014) which allows counts to be made
manually. 
The method for counting elephant seals on beaches is carried
out as part of a standardized long-term monitoring protocol for the
breeding populations of these pinnipeds in the French Southern
Territories. At Kerguelen Island, such ground counts have been
carried out annually since 1986 on the eastern part of the Courbet
Peninsula (Figure 1). The method relies on an exhaustive count of
all individuals present ashore on dates centered on 15 October (i.e.
date of maximum haul-out). The counts are performed while
walking along the coast, separately counting all females and males
ashore
Over the 2010-2016 period, 25 VHR satellite images of the south
and southwest part of the Kerguelen Islands, taken between 29
September at the earliest and 20 October at the latest, were acquired
over the various sectors of the islands, where historical sealing
activities had taken place",https://www.frontiersin.org/articles/10.3389/fmars.2023.1149100/full,"Courbet Peninsula, Kerguelen","Courbet Peninsula, Kerguelen",0,1,-49.29350515,69.45032835,no,yes,Breeding females,Breeding Females,3.47,Combination,NA,NA,NA,NA,NA,NA,NA,NA,NA,NA,NA,NA,NA,NA,NA,NA,NA,NA,NA,NA,NA,NA,NA,NA,NA,NA,NA,NA,NA,NA,NA,NA,NA,NA,NA,NA,NA,NA,NA,NA,NA,NA,NA,NA,NA,NA,NA,NA,NA,NA,NA,NA,NA,NA,NA,NA,71325,NA,52337,NA,55912,NA,NA,NA,NA,NA,NA,NA,NA,NA,NA,NA,NA,NA,NA,NA,NA,NA,45698,NA,45066,NA,NA,NA,NA,NA,37873,26104,34598,39487,41747,34840,34961,45223,42038,43982,38806,42627,38270,42479,43074,44444,47645,42479,40884,41170,35451,39077,40040,44136,46661,45223,44444,43224,43074,46987,48145,49849,49332,52702,NA,NA,NA,NA,
463,P463,Laborie et al,2023,Estimation of total population size of southern elephant seals (Mirounga leonina) on Kerguelen and Crozet Archipelagos using very high-resolution satellite imagery,Frontiers in Marine Science,Journal Article,UW,Southern elephant seal,Mirounga leonina,Mirounga leonina,Phocidae,https://doi.org/10.3389/fmars.2023.1149100,"Counting on satellite images was carried out by visual inspection
using GIMP 2.8 software (GIMP 2014) which allows counts to be made
manually. 
The method for counting elephant seals on beaches is carried
out as part of a standardized long-term monitoring protocol for the
breeding populations of these pinnipeds in the French Southern
Territories. At Kerguelen Island, such ground counts have been
carried out annually since 1986 on the eastern part of the Courbet
Peninsula (Figure 1). The method relies on an exhaustive count of
all individuals present ashore on dates centered on 15 October (i.e.
date of maximum haul-out). The counts are performed while
walking along the coast, separately counting all females and males
ashore
Over the 2010-2016 period, 25 VHR satellite images of the south
and southwest part of the Kerguelen Islands, taken between 29
September at the earliest and 20 October at the latest, were acquired
over the various sectors of the islands, where historical sealing
activities had taken place",https://www.frontiersin.org/articles/10.3389/fmars.2023.1149100/full,"Possession Island, Crozet","Possession Island, Crozet",0,1,-46.38961,51.75818,no,yes,Breeding females,Breeding Females,3.47,Combination,NA,NA,NA,NA,NA,NA,NA,NA,NA,NA,NA,NA,NA,NA,NA,NA,NA,NA,NA,NA,NA,NA,NA,NA,NA,NA,NA,NA,NA,NA,NA,NA,NA,NA,NA,NA,NA,NA,NA,NA,NA,NA,NA,NA,NA,NA,NA,NA,NA,NA,NA,NA,NA,NA,NA,NA,NA,NA,NA,NA,NA,NA,NA,NA,NA,NA,NA,NA,NA,NA,NA,NA,NA,NA,NA,NA,NA,NA,NA,NA,821,NA,NA,NA,772,807,684,518,643,575,470,529,520,538,473,485,483,527,536,550,690,684,646,666,641,643,669,658,727,828,727,869,956,1099,1152,1389,1252,1682,1682,2118,NA,NA,NA,NA,
464,P464,Negrete et al,2022,"Population status of southern elephant seals (Mirounga leonina) at Peninsula Potter breeding colony, Antarctica",Polar Biology,Journal Article,UW,Southern elephant seal,Mirounga leonina,Mirounga leonina,Phocidae,DOI:10.1007/s00300-022-03044-1,,https://www.researchgate.net/publication/360858466_Population_status_of_southern_elephant_seals_Mirounga_leonina_at_Peninsula_Potter_breeding_colony_Antarctica,"Peninsula Potter,South Georgia","Peninsula Potter,South Georgia",0,1,-62.25392867,-58.67952597,no,yes,Maximum number of breeding females,Breeding Females,3.47,Ground,NA,NA,NA,NA,NA,NA,NA,NA,NA,NA,NA,NA,NA,NA,NA,NA,NA,NA,NA,NA,NA,NA,NA,NA,NA,NA,NA,NA,NA,NA,NA,NA,NA,NA,NA,NA,NA,NA,NA,NA,NA,NA,NA,NA,NA,NA,NA,NA,NA,NA,NA,NA,NA,NA,NA,NA,NA,NA,NA,NA,NA,NA,NA,NA,NA,NA,NA,NA,NA,NA,NA,NA,NA,NA,NA,NA,NA,NA,NA,NA,NA,NA,NA,NA,NA,NA,NA,NA,NA,NA,NA,NA,NA,NA,NA,469,471,444,555,296,340,360,432,307,408,317,285,204,251,NA,314,379,388,304,359,321,368,304,413,NA,NA,NA,NA,NA,
465,P465,McMahon et al,2005,"Population status, trends and a re-examination of the hypotheses explaining the recent declines of the southern elephant seal Mirounga leonina",Mammal Review,Journal Article,LPI,Southern elephant seal,Mirounga leonina,Mirounga leonina,Phocidae,https://doi.org/10.1111/j.1365-2907.2005.00055.x,,https://onlinelibrary.wiley.com/doi/10.1111/j.1365-2907.2005.00055.x,Sub-Antarctic regions,,0,1,-37.8425,79.59417,yes,no,number of individuals,,,literature search,NA,NA,NA,NA,NA,NA,NA,NA,NA,NA,NA,NA,NA,NA,NA,NA,NA,NA,NA,NA,NA,NA,NA,NA,NA,NA,NA,NA,NA,NA,NA,NA,NA,NA,NA,NA,NA,NA,NA,NA,NA,NA,NA,NA,NA,NA,NA,NA,NA,NA,NA,NA,NA,NA,NA,NA,NA,NA,NA,NA,NA,NA,NA,NA,NA,NA,NA,NA,NA,NA,NA,NA,NA,NA,NA,757900,NA,NA,NA,NA,NA,NA,NA,NA,NA,NA,NA,NA,NA,NA,NA,NA,NA,NA,NA,663531,NA,NA,NA,NA,NA,739498,NA,NA,NA,NA,NA,NA,NA,NA,NA,NA,NA,NA,NA,NA,NA,NA,NA,NA,NA,NA,NA,NA,
466,P466,McMahon et al,2005,"Population status, trends and a re-examination of the hypotheses explaining the recent declines of the southern elephant seal Mirounga leonina",Mammal Review,Journal Article,UW,Southern elephant seal,Mirounga leonina,Mirounga leonina,Phocidae,https://doi.org/10.1111/j.1365-2907.2005.00055.x,,https://onlinelibrary.wiley.com/doi/abs/10.1111/j.1365-2907.2005.00055.x,Macquarie Island ,,0,1,-54.64648196,158.8647625,yes,no,Estimated population size,,,Aerial sruveys,NA,NA,NA,NA,NA,NA,NA,NA,NA,NA,NA,NA,NA,NA,NA,NA,NA,NA,NA,NA,NA,NA,NA,NA,NA,NA,NA,NA,NA,NA,NA,NA,NA,NA,NA,NA,NA,NA,NA,NA,NA,NA,NA,NA,NA,NA,NA,NA,NA,NA,NA,NA,NA,NA,NA,NA,NA,NA,NA,NA,NA,NA,NA,NA,NA,NA,NA,NA,NA,136955,NA,NA,NA,NA,NA,NA,NA,NA,NA,NA,NA,NA,NA,NA,NA,NA,NA,NA,NA,NA,78211,NA,NA,NA,NA,NA,NA,NA,NA,NA,76000,NA,NA,NA,NA,NA,NA,NA,NA,NA,NA,NA,NA,NA,NA,NA,NA,NA,NA,NA,NA,NA,NA,NA,
467,P467,McMahon et al,2005,"Population status, trends and a re-examination of the hypotheses explaining the recent declines of the southern elephant seal Mirounga leonina",Mammal Review,Journal Article,UW,Southern elephant seal,Mirounga leonina,Mirounga leonina,Phocidae,https://doi.org/10.1111/j.1365-2907.2005.00055.x,,https://onlinelibrary.wiley.com/doi/abs/10.1111/j.1365-2907.2005.00055.x,Total Kerguelen,,0,1,-49.29350515,69.45032835,yes,no,Estimated population size,,,Aerial sruveys,NA,NA,NA,NA,NA,NA,NA,NA,NA,NA,NA,NA,NA,NA,NA,NA,NA,NA,NA,NA,NA,NA,NA,NA,NA,NA,NA,NA,NA,NA,NA,NA,NA,NA,NA,NA,NA,NA,NA,NA,NA,NA,NA,NA,NA,NA,NA,NA,NA,NA,NA,NA,NA,NA,NA,NA,NA,NA,NA,NA,NA,NA,NA,NA,NA,NA,NA,NA,NA,252350,NA,NA,NA,NA,NA,NA,NA,NA,NA,NA,NA,NA,NA,NA,NA,NA,NA,NA,NA,NA,188669,NA,NA,NA,NA,NA,NA,NA,NA,NA,219296,NA,NA,NA,NA,NA,NA,NA,NA,NA,NA,NA,NA,NA,NA,NA,NA,NA,NA,NA,NA,NA,NA,NA,
468,P468,McMahon et al,2005,"Population status, trends and a re-examination of the hypotheses explaining the recent declines of the southern elephant seal Mirounga leonina",Mammal Review,Journal Article,UW,Southern elephant seal,Mirounga leonina,Mirounga leonina,Phocidae,https://doi.org/10.1111/j.1365-2907.2005.00055.x,,https://onlinelibrary.wiley.com/doi/abs/10.1111/j.1365-2907.2005.00055.x,Heard Island,Heard Island,0,1,-53.0649756,73.448,yes,yes,Estimated population size,All Individuals,1,Aerial,NA,NA,NA,NA,NA,NA,NA,NA,NA,NA,NA,NA,NA,NA,NA,NA,NA,NA,NA,NA,NA,NA,NA,NA,NA,NA,NA,NA,NA,NA,NA,NA,NA,NA,NA,NA,NA,NA,NA,NA,NA,NA,NA,NA,NA,NA,NA,NA,NA,NA,NA,NA,NA,NA,NA,NA,NA,NA,NA,NA,NA,NA,NA,NA,NA,NA,NA,NA,NA,80500,NA,NA,NA,NA,NA,NA,NA,NA,NA,NA,NA,NA,NA,NA,NA,NA,NA,NA,NA,NA,40355,NA,NA,NA,NA,NA,NA,NA,NA,NA,61933,NA,NA,NA,NA,NA,NA,NA,NA,NA,NA,NA,NA,NA,NA,NA,NA,NA,NA,NA,NA,NA,NA,NA,
469,P469,McMahon et al,2005,"Population status, trends and a re-examination of the hypotheses explaining the recent declines of the southern elephant seal Mirounga leonina",Mammal Review,Journal Article,UW,Southern elephant seal,Mirounga leonina,Mirounga leonina,Phocidae,https://doi.org/10.1111/j.1365-2907.2005.00055.x,,https://onlinelibrary.wiley.com/doi/abs/10.1111/j.1365-2907.2005.00055.x,Marion Island,,0,1,-46.912103,37.7905,yes,no,Estimated population size,,1,Aerial sruveys,NA,NA,NA,NA,NA,NA,NA,NA,NA,NA,NA,NA,NA,NA,NA,NA,NA,NA,NA,NA,NA,NA,NA,NA,NA,NA,NA,NA,NA,NA,NA,NA,NA,NA,NA,NA,NA,NA,NA,NA,NA,NA,NA,NA,NA,NA,NA,NA,NA,NA,NA,NA,NA,NA,NA,NA,NA,NA,NA,NA,NA,NA,NA,NA,NA,NA,NA,NA,NA,3850,NA,NA,NA,NA,NA,NA,NA,NA,NA,NA,NA,NA,NA,NA,NA,NA,NA,NA,NA,NA,2009,NA,NA,NA,NA,NA,NA,NA,NA,NA,2131,NA,NA,NA,NA,NA,NA,NA,NA,NA,NA,NA,NA,NA,NA,NA,NA,NA,NA,NA,NA,NA,NA,NA,
470,P470,McMahon et al,2005,"Population status, trends and a re-examination of the hypotheses explaining the recent declines of the southern elephant seal Mirounga leonina",Mammal Review,Journal Article,UW,Southern elephant seal,Mirounga leonina,Mirounga leonina,Phocidae,https://doi.org/10.1111/j.1365-2907.2005.00055.x,,https://onlinelibrary.wiley.com/doi/abs/10.1111/j.1365-2907.2005.00055.x,Peninsula Valdes,Peninsula Valdes,0,1,-42.49319353,-63.37887504,no,yes,Estimated population size,All Individuals,1,Aerial,NA,NA,NA,NA,NA,NA,NA,NA,NA,NA,NA,NA,NA,NA,NA,NA,NA,NA,NA,NA,NA,NA,NA,NA,NA,NA,NA,NA,NA,NA,NA,NA,NA,NA,NA,NA,NA,NA,NA,NA,NA,NA,NA,NA,NA,NA,NA,NA,NA,NA,NA,NA,NA,NA,NA,NA,NA,NA,NA,NA,NA,NA,NA,NA,NA,NA,NA,NA,NA,13800,NA,NA,NA,NA,NA,NA,NA,NA,NA,NA,NA,NA,NA,NA,NA,NA,NA,NA,NA,NA,33726,NA,NA,NA,NA,NA,NA,NA,NA,NA,42371,NA,NA,NA,NA,NA,NA,NA,NA,NA,NA,NA,NA,NA,NA,NA,NA,NA,NA,NA,NA,NA,NA,NA,
471,P471,McMahon et al,2005,"Population status, trends and a re-examination of the hypotheses explaining the recent declines of the southern elephant seal Mirounga leonina",Mammal Review,Journal Article,UW,Southern elephant seal,Mirounga leonina,Mirounga leonina,Phocidae,https://doi.org/10.1111/j.1365-2907.2005.00055.x,,https://onlinelibrary.wiley.com/doi/abs/10.1111/j.1365-2907.2005.00055.x,South Georgia,South Georgia,0,1,-54.25,-36.75,yes,yes,Estimated population size,All Individuals,1,Aerial,NA,NA,NA,NA,NA,NA,NA,NA,NA,NA,NA,NA,NA,NA,NA,NA,NA,NA,NA,NA,NA,NA,NA,NA,NA,NA,NA,NA,NA,NA,NA,NA,NA,NA,NA,NA,NA,NA,NA,NA,NA,NA,NA,NA,NA,NA,NA,NA,NA,NA,NA,NA,NA,NA,NA,NA,NA,NA,NA,NA,NA,NA,NA,NA,NA,NA,NA,NA,NA,355350,NA,NA,NA,NA,NA,NA,NA,NA,NA,NA,NA,NA,NA,NA,NA,NA,NA,NA,NA,NA,362925,NA,NA,NA,NA,NA,NA,NA,NA,NA,401572,NA,NA,NA,NA,NA,NA,NA,NA,NA,NA,NA,NA,NA,NA,NA,NA,NA,NA,NA,NA,NA,NA,NA,
472,P472,Boyd et al,1996,Status of southern elephant seals at South Georgia,Antarctic Science,Journal Article,LPI,Southern elephant seal,Mirounga leonina,Mirounga leonina,Phocidae,DOI: 10.1017/S0954102096000338,,https://www.cambridge.org/core/journals/antarctic-science/article/status-of-southern-elephant-seals-at-south-georgia/360D60DCBE4BDEEC7EF2C46482029667,South Georgia,,0,1,-54.38587069,-36.7053466,yes,no,Total number of breeding females,,,Count,NA,NA,NA,NA,NA,NA,NA,NA,NA,NA,NA,NA,NA,NA,NA,NA,NA,NA,NA,NA,NA,NA,NA,NA,NA,NA,NA,NA,NA,NA,NA,NA,NA,NA,NA,NA,NA,NA,NA,NA,NA,NA,NA,NA,NA,NA,NA,NA,NA,NA,NA,NA,NA,NA,NA,NA,NA,NA,NA,NA,NA,NA,NA,NA,NA,NA,NA,NA,NA,NA,NA,NA,NA,NA,NA,NA,NA,NA,NA,NA,NA,NA,NA,NA,NA,102233,NA,NA,NA,NA,NA,NA,NA,NA,NA,113444,NA,NA,NA,NA,NA,NA,NA,NA,NA,NA,NA,NA,NA,NA,NA,NA,NA,NA,NA,NA,NA,NA,NA,NA,NA,NA,NA,NA,
473,P473,Oosthuizen et al,2012,Unmarked individuals in mark–recapture studies: Comparisons of marked and unmarked southern elephant seals at Marion Island,Austral Ecology,Journal Article,LPI,Southern elephant seal,Mirounga leonina,Mirounga leonina,Phocidae,https://doi.org/10.1111/j.1442-9993.2011.02316.x,,https://onlinelibrary.wiley.com/doi/full/10.1111/j.1442-9993.2011.02316.x,Marion Island,,0,1,-46.85033832,37.76351805,yes,no,Number of individuals,,,Counts of all tagged and untagged seals observed at haulout sites over 7-10 day cycles throughout the years of study.,NA,NA,NA,NA,NA,NA,NA,NA,NA,NA,NA,NA,NA,NA,NA,NA,NA,NA,NA,NA,NA,NA,NA,NA,NA,NA,NA,NA,NA,NA,NA,NA,NA,NA,NA,NA,NA,NA,NA,NA,NA,NA,NA,NA,NA,NA,NA,NA,NA,NA,NA,NA,NA,NA,NA,NA,NA,NA,NA,NA,NA,NA,NA,NA,NA,NA,NA,NA,NA,NA,NA,NA,NA,NA,NA,NA,NA,NA,NA,NA,NA,NA,NA,NA,NA,NA,NA,NA,NA,NA,NA,NA,NA,NA,NA,NA,NA,NA,NA,NA,NA,NA,NA,NA,NA,NA,NA,2620.6742,3265.6179,2856.6292,NA,NA,NA,NA,NA,NA,NA,NA,NA,NA,NA,NA,NA,NA,
474,P474,Boveng et al. ,2016,"Abundance Estimates of Ice-Associated Seals: Bering Sea Populations that Inhabit the Chukchi Sea During the Open-Water	",BOEM,Tech memo,UW,Spotted seal,Phoca largha,Phoca largha,Phocidae,BOEM Report 2016-077,,https://espis.boem.gov/final%20reports/5578.PDF,eastern Bering sea,eastern Bering sea,0,1,56.76561603,-170.9917302,no,yes,Estimated abundance,All Individuals,1,Aerial,NA,NA,NA,NA,NA,NA,NA,NA,NA,NA,NA,NA,NA,NA,NA,NA,NA,NA,NA,NA,NA,NA,NA,NA,NA,NA,NA,NA,NA,NA,NA,NA,NA,NA,NA,NA,NA,NA,NA,NA,NA,NA,NA,NA,NA,NA,NA,NA,NA,NA,NA,NA,NA,NA,NA,NA,NA,NA,NA,NA,NA,NA,NA,NA,NA,NA,NA,NA,NA,NA,NA,NA,NA,NA,NA,NA,NA,NA,NA,NA,NA,NA,NA,NA,NA,NA,NA,NA,NA,NA,NA,NA,NA,NA,NA,NA,NA,NA,NA,NA,NA,NA,NA,NA,NA,NA,NA,NA,NA,NA,NA,NA,240000,163000,NA,NA,NA,NA,NA,NA,NA,NA,NA,NA,
475,P475,Hattori et al,2021,"Abundance Estimates of Steller Sea Lions (Eumetopias jubatus) Off the Western Coast of Hokkaido, Japan",BioOne,Journal Article,UW,Steller sea lion,Eumetopias jubatus,Eumetopias jubatus,Otariidae,https://doi.org/10.3106/ms2020-0030,,https://bioone.org/journals/mammal-study/volume-46/issue-1/ms2020-0030/----Custom-HTML----Abundance/10.3106/ms2020-0030.short,Benten-jima Rock,,0,1,45.52669871,141.92,no,no,Number of individuals at haulout,,,Aerial Counts,NA,NA,NA,NA,NA,NA,NA,NA,NA,NA,NA,NA,NA,NA,NA,NA,NA,NA,NA,NA,NA,NA,NA,NA,NA,NA,NA,NA,NA,NA,NA,NA,NA,NA,NA,NA,NA,NA,NA,NA,NA,NA,NA,NA,NA,NA,NA,NA,NA,NA,NA,NA,NA,NA,NA,NA,NA,NA,NA,NA,NA,NA,NA,NA,NA,NA,NA,NA,NA,NA,NA,NA,NA,NA,NA,NA,NA,NA,NA,NA,NA,NA,NA,NA,NA,NA,NA,NA,NA,NA,NA,NA,NA,NA,NA,NA,NA,NA,NA,NA,NA,NA,NA,NA,NA,0,0,NA,NA,NA,NA,179,NA,0,56,211,2144,2341,536,1418,NA,NA,NA,NA,
476,P476,Hattori et al,2021,"Abundance Estimates of Steller Sea Lions (Eumetopias jubatus) Off the Western Coast of Hokkaido, Japan",BioOne,Journal Article,UW,Steller sea lion,Eumetopias jubatus,Eumetopias jubatus,Otariidae,https://doi.org/10.3106/ms2020-0033,,https://bioone.org/journals/mammal-study/volume-46/issue-1/ms2020-0030/----Custom-HTML----Abundance/10.3106/ms2020-0030.short,Isoya,Isoya,0,1,42.931578,140.313,no,no,Number of individuals at haulout,,,Aerial Counts,NA,NA,NA,NA,NA,NA,NA,NA,NA,NA,NA,NA,NA,NA,NA,NA,NA,NA,NA,NA,NA,NA,NA,NA,NA,NA,NA,NA,NA,NA,NA,NA,NA,NA,NA,NA,NA,NA,NA,NA,NA,NA,NA,NA,NA,NA,NA,NA,NA,NA,NA,NA,NA,NA,NA,NA,NA,NA,NA,NA,NA,NA,NA,NA,NA,NA,NA,NA,NA,NA,NA,NA,NA,NA,NA,NA,NA,NA,NA,NA,NA,NA,NA,NA,NA,NA,NA,NA,NA,NA,NA,NA,NA,NA,NA,NA,NA,NA,NA,NA,NA,NA,NA,NA,NA,NA,NA,NA,NA,0,0,0,0,2,46,0,0,0,0,0,NA,NA,NA,NA,
477,P477,Hattori et al,2021,"Abundance Estimates of Steller Sea Lions (Eumetopias jubatus) Off the Western Coast of Hokkaido, Japan",BioOne,Journal Article,UW,Steller sea lion,Eumetopias jubatus,Eumetopias jubatus,Otariidae,https://doi.org/10.3106/ms2020-0032,,https://bioone.org/journals/mammal-study/volume-46/issue-1/ms2020-0030/----Custom-HTML----Abundance/10.3106/ms2020-0030.short,Okurige,Okurige,0,1,43.521591,141.2148,no,no,Number of individuals at haulout,,,Aerial Counts,NA,NA,NA,NA,NA,NA,NA,NA,NA,NA,NA,NA,NA,NA,NA,NA,NA,NA,NA,NA,NA,NA,NA,NA,NA,NA,NA,NA,NA,NA,NA,NA,NA,NA,NA,NA,NA,NA,NA,NA,NA,NA,NA,NA,NA,NA,NA,NA,NA,NA,NA,NA,NA,NA,NA,NA,NA,NA,NA,NA,NA,NA,NA,NA,NA,NA,NA,NA,NA,NA,NA,NA,NA,NA,NA,NA,NA,NA,NA,NA,NA,NA,NA,NA,NA,NA,NA,NA,NA,NA,NA,NA,NA,NA,NA,NA,NA,NA,NA,NA,NA,NA,NA,NA,NA,29,0,NA,NA,NA,0,0,0,0,98,0,1,0,0,0,NA,NA,NA,NA,
478,P478,Hattori et al,2021,"Abundance Estimates of Steller Sea Lions (Eumetopias jubatus) Off the Western Coast of Hokkaido, Japan",BioOne,Journal Article,UW,Steller sea lion,Eumetopias jubatus,Eumetopias jubatus,Otariidae,https://doi.org/10.3106/ms2020-0031,,https://bioone.org/journals/mammal-study/volume-46/issue-1/ms2020-0030/----Custom-HTML----Abundance/10.3106/ms2020-0030.short,Point Ofuyu,Point Ofuyu,0,1,43.74,141.3278,no,no,Number of individuals at haulout,,,Aerial Counts,NA,NA,NA,NA,NA,NA,NA,NA,NA,NA,NA,NA,NA,NA,NA,NA,NA,NA,NA,NA,NA,NA,NA,NA,NA,NA,NA,NA,NA,NA,NA,NA,NA,NA,NA,NA,NA,NA,NA,NA,NA,NA,NA,NA,NA,NA,NA,NA,NA,NA,NA,NA,NA,NA,NA,NA,NA,NA,NA,NA,NA,NA,NA,NA,NA,NA,NA,NA,NA,NA,NA,NA,NA,NA,NA,NA,NA,NA,NA,NA,NA,NA,NA,NA,NA,NA,NA,NA,NA,NA,NA,NA,NA,NA,NA,NA,NA,NA,NA,NA,NA,NA,NA,NA,NA,66,1,0,0,21,0,0,0,14,7,0,1,0,0,0,NA,NA,NA,NA,
479,P479,Wynne et al,2005,Alaska's Steller Sea Lions: Boom to Bust-And Back?,Alaska: Seas & Coasts. Marine Issue for Alaska's People.,Research Article,LPI,Steller sea lion,Eumetopias jubatus,Eumetopias jubatus,Otariidae,NA,,https://www.arlis.org/docs/vol1/UA/60844564/60844564-v1.pdf,Central Aleutian Islands,,0,1,52.09694,-173.50056,yes,no,Number of individuals,,,Aerial surveys,NA,NA,NA,NA,NA,NA,NA,NA,NA,NA,NA,NA,NA,NA,NA,NA,NA,NA,NA,NA,NA,NA,NA,NA,NA,NA,NA,NA,NA,NA,NA,NA,NA,NA,NA,NA,NA,NA,NA,NA,NA,NA,NA,NA,NA,NA,NA,NA,NA,NA,NA,NA,NA,NA,NA,NA,NA,NA,NA,NA,NA,NA,NA,NA,NA,NA,NA,NA,NA,NA,NA,NA,NA,NA,NA,NA,NA,NA,NA,NA,NA,NA,NA,NA,NA,22000,NA,NA,NA,NA,7500,7250,6000,5650,NA,NA,5000,NA,5175,NA,5000,NA,5000,6000,NA,NA,NA,NA,NA,NA,NA,NA,NA,NA,NA,NA,NA,NA,NA,NA,NA,NA,NA,NA,
480,P480,Wynne et al,2005,Alaska's Steller Sea Lions: Boom to Bust-And Back?,Alaska: Seas & Coasts. Marine Issue for Alaska's People.,Research Article,LPI,Steller sea lion,Eumetopias jubatus,Eumetopias jubatus,Otariidae,NA,,https://www.arlis.org/docs/vol1/UA/60844564/60844564-v1.pdf,Central Gulf of Alaska,,0,1,56.31264639,-155.1013145,yes,no,Number of individuals,,,Aerial Counts,NA,NA,NA,NA,NA,NA,NA,NA,NA,NA,NA,NA,NA,NA,NA,NA,NA,NA,NA,NA,NA,NA,NA,NA,NA,NA,NA,NA,NA,NA,NA,NA,NA,NA,NA,NA,NA,NA,NA,NA,NA,NA,NA,NA,NA,NA,NA,NA,NA,NA,NA,NA,NA,NA,NA,NA,NA,NA,NA,NA,NA,NA,NA,NA,NA,NA,NA,NA,NA,NA,NA,NA,NA,NA,NA,NA,NA,NA,NA,NA,NA,NA,NA,NA,NA,18500,NA,NA,NA,NA,7500,6000,5085,NA,4900,NA,4000,NA,3000,NA,2500,NA,3000,2000,NA,NA,NA,NA,NA,NA,NA,NA,NA,NA,NA,NA,NA,NA,NA,NA,NA,NA,NA,NA,
481,P481,Wynne et al,2005,Alaska's Steller Sea Lions: Boom to Bust-And Back?,Alaska: Seas & Coasts. Marine Issue for Alaska's People.,Research Article,LPI,Steller sea lion,Eumetopias jubatus,Eumetopias jubatus,Otariidae,NA,,https://www.arlis.org/docs/vol1/UA/60844564/60844564-v1.pdf,Eastern Aleutian Islands,,0,1,54.14556,-165.77722,yes,no,Number of individuals,,,Aerial surveys,NA,NA,NA,NA,NA,NA,NA,NA,NA,NA,NA,NA,NA,NA,NA,NA,NA,NA,NA,NA,NA,NA,NA,NA,NA,NA,NA,NA,NA,NA,NA,NA,NA,NA,NA,NA,NA,NA,NA,NA,NA,NA,NA,NA,NA,NA,NA,NA,NA,NA,NA,NA,NA,NA,NA,NA,NA,NA,NA,NA,NA,NA,NA,NA,NA,NA,NA,NA,NA,NA,NA,NA,NA,NA,NA,NA,NA,NA,NA,NA,NA,NA,NA,NA,NA,7500,NA,NA,NA,NA,4850,4940,5000,NA,6970,NA,5000,NA,4850,NA,4600,NA,4850,NA,5000,NA,NA,NA,NA,NA,NA,NA,NA,NA,NA,NA,NA,NA,NA,NA,NA,NA,NA,NA,
482,P482,Wynne et al,2005,Alaska's Steller Sea Lions: Boom to Bust-And Back?,Alaska: Seas & Coasts. Marine Issue for Alaska's People.,Research Article,LPI,Steller sea lion,Eumetopias jubatus,Eumetopias jubatus,Otariidae,NA,,https://www.arlis.org/docs/vol1/UA/60844564/60844564-v1.pdf,Eastern Gulf of Alaska,,0,1,58.85811283,-148.9426624,yes,no,Number of Individuals,,,Aerial surveys,NA,NA,NA,NA,NA,NA,NA,NA,NA,NA,NA,NA,NA,NA,NA,NA,NA,NA,NA,NA,NA,NA,NA,NA,NA,NA,NA,NA,NA,NA,NA,NA,NA,NA,NA,NA,NA,NA,NA,NA,NA,NA,NA,NA,NA,NA,NA,NA,NA,NA,NA,NA,NA,NA,NA,NA,NA,NA,NA,NA,NA,NA,NA,NA,NA,NA,NA,NA,NA,NA,NA,NA,NA,NA,NA,NA,NA,NA,NA,NA,NA,NA,NA,NA,NA,NA,NA,NA,NA,NA,5264,4800,4000,NA,3000,NA,1230,NA,1230,NA,1230,NA,2500,NA,2730,NA,NA,NA,NA,NA,NA,NA,NA,NA,NA,NA,NA,NA,NA,NA,NA,NA,NA,NA,
483,P483,Wynne et al,2005,Alaska's Steller Sea Lions: Boom to Bust-And Back?,Alaska: Seas & Coasts. Marine Issue for Alaska's People.,Research Article,LPI,Steller sea lion,Eumetopias jubatus,Eumetopias jubatus,Otariidae,NA,,https://www.arlis.org/docs/vol1/UA/60844564/60844564-v1.pdf,Western Aleutian Islands,,0,1,51.80917,-176.22111,yes,no,Number of individuals,,,Aerial surveys,NA,NA,NA,NA,NA,NA,NA,NA,NA,NA,NA,NA,NA,NA,NA,NA,NA,NA,NA,NA,NA,NA,NA,NA,NA,NA,NA,NA,NA,NA,NA,NA,NA,NA,NA,NA,NA,NA,NA,NA,NA,NA,NA,NA,NA,NA,NA,NA,NA,NA,NA,NA,NA,NA,NA,NA,NA,NA,NA,NA,NA,NA,NA,NA,NA,NA,NA,NA,NA,NA,NA,NA,NA,NA,NA,NA,NA,NA,NA,NA,NA,NA,NA,NA,NA,5000,NA,NA,NA,NA,3500,3000,2500,NA,1950,NA,2000,NA,1750,NA,1000,NA,500,NA,580,NA,NA,NA,NA,NA,NA,NA,NA,NA,NA,NA,NA,NA,NA,NA,NA,NA,NA,NA,
484,P484,Wynne et al,2005,Alaska's Steller Sea Lions: Boom to Bust-And Back?,Alaska: Seas & Coasts. Marine Issue for Alaska's People.,Research Article,LPI,Steller sea lion,Eumetopias jubatus,Eumetopias jubatus,Otariidae,NA,,https://www.arlis.org/docs/vol1/UA/60844564/60844564-v1.pdf,Western Gulf of Alaska,,0,1,56.97389,-151.78444,yes,no,Number of individuals,,,Aerial surveys,NA,NA,NA,NA,NA,NA,NA,NA,NA,NA,NA,NA,NA,NA,NA,NA,NA,NA,NA,NA,NA,NA,NA,NA,NA,NA,NA,NA,NA,NA,NA,NA,NA,NA,NA,NA,NA,NA,NA,NA,NA,NA,NA,NA,NA,NA,NA,NA,NA,NA,NA,NA,NA,NA,NA,NA,NA,NA,NA,NA,NA,NA,NA,NA,NA,NA,NA,NA,NA,NA,NA,NA,NA,NA,NA,NA,NA,NA,NA,NA,NA,NA,NA,NA,NA,5600,NA,NA,NA,NA,4000,3300,3280,NA,4000,NA,3280,NA,3000,NA,2500,NA,2780,NA,3000,NA,NA,NA,NA,NA,NA,NA,NA,NA,NA,NA,NA,NA,NA,NA,NA,NA,NA,NA,
485,P485,Kinsinger ,1995,"Chapter: Marine mammals in Report: Our living resources: a report to the nation on the distribution, abundance, and health of U.S. plants, animals, and ecosystems. from http://biology.usgs.gov/s+t/noframe/c308.htm.""",US Department of the Interior: National Biological Service Our Living Resources,Tech memo,LPI,Steller sea lion,Eumetopias jubatus,Eumetopias jubatus,Otariidae,https://doi.org/10.5962/bhl.title.4172,,https://ia902803.us.archive.org/32/items/ourlivingresourc00unit/ourlivingresourc00unit.pdf,US waters,,0,1,30,-170,yes,no,Number of individuals,,,Unknown,NA,NA,NA,NA,NA,NA,NA,NA,NA,NA,NA,NA,NA,NA,NA,NA,NA,NA,NA,NA,NA,NA,NA,NA,NA,NA,NA,NA,NA,NA,NA,NA,NA,NA,NA,NA,NA,NA,NA,NA,NA,NA,NA,NA,NA,NA,NA,NA,NA,NA,NA,NA,NA,NA,NA,NA,NA,NA,NA,NA,NA,NA,NA,NA,NA,NA,NA,NA,NA,NA,NA,NA,NA,NA,NA,NA,NA,NA,NA,NA,NA,NA,NA,NA,NA,NA,NA,NA,NA,NA,NA,NA,40000,NA,NA,NA,NA,NA,NA,NA,NA,NA,NA,NA,NA,NA,NA,NA,NA,NA,NA,NA,NA,NA,NA,NA,NA,NA,NA,NA,NA,NA,NA,NA,
486,P486,Allyn et al,2020,Entanglement rates and haulout abundance trends of Steller (Eumetopias jubatus) and California (Zalophus californianus) sea lions on the north coast of Washington state,Plos One,Journal Article,UW,Steller sea lion,Eumetopias jubatus,Eumetopias jubatus,Otariidae,https://doi.org/10.1371/journal.pone.0237178,,https://journals.plos.org/plosone/article?id=10.1371/journal.pone.0237178,North Washington Coast,,0,1,48.3615413,-124.738729,yes,no,Annual average count at 4 haulout complexes,,,Boat surveys,NA,NA,NA,NA,NA,NA,NA,NA,NA,NA,NA,NA,NA,NA,NA,NA,NA,NA,NA,NA,NA,NA,NA,NA,NA,NA,NA,NA,NA,NA,NA,NA,NA,NA,NA,NA,NA,NA,NA,NA,NA,NA,NA,NA,NA,NA,NA,NA,NA,NA,NA,NA,NA,NA,NA,NA,NA,NA,NA,NA,NA,NA,NA,NA,NA,NA,NA,NA,NA,NA,NA,NA,NA,NA,NA,NA,NA,NA,NA,NA,NA,NA,NA,NA,NA,NA,NA,NA,NA,NA,NA,NA,NA,NA,NA,NA,NA,NA,NA,NA,NA,NA,NA,NA,NA,NA,NA,NA,NA,NA,407,521,579,559,741,710,731,710,NA,NA,NA,NA,NA,NA,
487,P487,Olesiuk ,2003,Recent Trends in Abundance of Steller Sea Lions (Eumetopias jubatus) in British Columbia,Canadian Science Advisory Secretariat,Tech memo,LPI,Steller sea lion,Eumetopias jubatus,Eumetopias jubatus,Otariidae,"ISSN 1919-5044
",,https://waves-vagues.dfo-mpo.gc.ca/library-bibliotheque/40684933.pdf,British Columbia sites,,0,1,53.64972,-130.7925,yes,no,Number of individuals,,,Aerial survey,NA,NA,NA,NA,NA,NA,NA,NA,NA,NA,NA,NA,NA,NA,NA,NA,NA,NA,NA,NA,NA,NA,NA,NA,NA,NA,NA,NA,NA,NA,NA,NA,NA,NA,NA,NA,NA,NA,NA,NA,NA,NA,NA,NA,NA,NA,NA,NA,NA,NA,NA,NA,NA,NA,NA,NA,NA,NA,NA,NA,NA,NA,NA,NA,NA,NA,NA,NA,NA,NA,NA,4889,NA,4039,NA,NA,NA,5219,NA,NA,NA,NA,4726,NA,NA,NA,NA,6122,NA,NA,NA,NA,7378,NA,8104,NA,NA,NA,9818,NA,NA,12121,NA,NA,NA,NA,17042,NA,16583,NA,18833,NA,NA,22135,NA,NA,NA,NA,NA,NA,NA,NA,NA,NA,
488,P488,Angliss et al ,2006,STELLER SEA LION (Eumetopias jubatus): Eastern U. S. Stock,Alaska Fisheries Science Center,Tech memo,LPI,Steller sea lion,Eumetopias jubatus,Eumetopias jubatus ,Otariidae,NOAA-TM-AFSC-168,,https://media.fisheries.noaa.gov/dam-migration/ak2006slst-e-508.pdf,Southeast Alaska,,0,1,56.15222841,-135.0861603,yes,no,Number of juveniles and adults,,,Count,NA,NA,NA,NA,NA,NA,NA,NA,NA,NA,NA,NA,NA,NA,NA,NA,NA,NA,NA,NA,NA,NA,NA,NA,NA,NA,NA,NA,NA,NA,NA,NA,NA,NA,NA,NA,NA,NA,NA,NA,NA,NA,NA,NA,NA,NA,NA,NA,NA,NA,NA,NA,NA,NA,NA,NA,NA,NA,NA,NA,NA,NA,NA,NA,NA,NA,NA,NA,NA,NA,NA,NA,NA,NA,NA,NA,NA,NA,NA,NA,NA,NA,6898,NA,NA,NA,NA,NA,NA,NA,7629,8621,7555,NA,9001,NA,8231,NA,8693,NA,9892,NA,9951,NA,NA,NA,NA,NA,NA,NA,NA,NA,NA,NA,NA,NA,NA,NA,NA,NA,NA,NA,NA,NA,
489,P489,NOAA Fisheries,2020,STELLER SEA LION (Eumetopias jubatus): Eastern U.S. Stock,NOAA,Tech memo,UW,Steller sea lion,Eumetopias jubatus monteriensis,Eumetopias jubatus monteriensis,Otariidae,https://media.fisheries.noaa.gov/dam-migration/2019_sars_alaska_steller_sea_lion_-_eastern_us.pdf,,,British Columbia,British Columbia,0,1,51.13494752,-129.9489905,no,yes,Non-pup,Non-pups,1,Aerial,NA,NA,NA,NA,NA,NA,NA,NA,NA,NA,NA,NA,NA,NA,NA,NA,NA,NA,NA,NA,NA,NA,NA,NA,NA,NA,NA,NA,NA,NA,NA,NA,NA,NA,NA,NA,NA,NA,NA,NA,NA,NA,NA,NA,NA,NA,NA,NA,NA,NA,NA,NA,NA,NA,NA,NA,NA,NA,NA,NA,NA,NA,NA,NA,NA,NA,NA,NA,NA,NA,NA,NA,NA,NA,NA,NA,NA,NA,NA,NA,NA,NA,NA,NA,NA,NA,NA,7551,NA,NA,NA,NA,8775,NA,9591,NA,NA,NA,11224,NA,NA,NA,13265,NA,NA,NA,16530,NA,15714,NA,19387,NA,NA,23469,NA,NA,NA,NA,NA,NA,NA,NA,NA,NA,
490,P490,NOAA Fisheries,2020,STELLER SEA LION (Eumetopias jubatus): Eastern U.S. Stock,NOAA,Tech memo,UW,Steller sea lion,Eumetopias jubatus monteriensis,Eumetopias jubatus monteriensis,Otariidae,https://media.fisheries.noaa.gov/dam-migration/2019_sars_alaska_steller_sea_lion_-_western_us.pdf,,,California,California,0,1,39.10409085,-124.2338892,yes,yes,Non-pup,Non-pups,1,Combination,NA,NA,NA,NA,NA,NA,NA,NA,NA,NA,NA,NA,NA,NA,NA,NA,NA,NA,NA,NA,NA,NA,NA,NA,NA,NA,NA,NA,NA,NA,NA,NA,NA,NA,NA,NA,NA,NA,NA,NA,NA,NA,NA,NA,NA,NA,NA,NA,NA,NA,NA,NA,NA,NA,NA,NA,NA,NA,NA,NA,NA,NA,NA,NA,NA,NA,NA,NA,NA,NA,NA,NA,NA,NA,NA,NA,NA,NA,NA,NA,NA,NA,NA,NA,NA,NA,NA,NA,NA,NA,2337,1945,1967,1580,2010,2440,2870,2478,1684,2522,2538,2560,3806,2598,3436,3463,NA,3093,NA,2729,NA,2767,3197,4029,NA,NA,3687,3295,NA,NA,NA,NA,NA,NA,
491,P491,NOAA Fisheries,2020,STELLER SEA LION (Eumetopias jubatus): Eastern U.S. Stock,NOAA,Tech memo,UW,Steller sea lion,Eumetopias jubatus monteriensis,Eumetopias jubatus monteriensis,Otariidae,https://media.fisheries.noaa.gov/dam-migration/2019_sars_alaska_steller_sea_lion_-_eastern_us.pdf,,,Oregon,Oregon,0,1,44.14022645,-124.8760354,no,yes,Non-pup,Non-pups,1,Combination,NA,NA,NA,NA,NA,NA,NA,NA,NA,NA,NA,NA,NA,NA,NA,NA,NA,NA,NA,NA,NA,NA,NA,NA,NA,NA,NA,NA,NA,NA,NA,NA,NA,NA,NA,NA,NA,NA,NA,NA,NA,NA,NA,NA,NA,NA,NA,NA,NA,NA,NA,NA,NA,NA,NA,NA,NA,NA,NA,NA,NA,NA,NA,NA,NA,NA,NA,NA,NA,NA,NA,NA,NA,NA,NA,NA,NA,NA,NA,NA,NA,NA,NA,NA,NA,NA,NA,3000,3085,2400,2742,3514,3942,3085,3600,4200,3514,4475,4285,3469,3061,4114,4457,6085,NA,NA,4800,NA,4371,5142,NA,NA,5228,5057,NA,4885,4714,5485,NA,NA,NA,NA,NA,NA,
492,P492,NOAA Fisheries,2020,STELLER SEA LION (Eumetopias jubatus): Eastern U.S. Stock,NOAA,Tech memo,UW,Steller sea lion,Eumetopias jubatus monteriensis,Eumetopias jubatus monteriensis,Otariidae,https://media.fisheries.noaa.gov/dam-migration/2019_sars_alaska_steller_sea_lion_-_eastern_us.pdf,,,Southeast Alaska,Southeast Alaska,0,1,59.495,-143.64972,no,yes,Non-pup,Non-pups,1,Combination,NA,NA,NA,NA,NA,NA,NA,NA,NA,NA,NA,NA,NA,NA,NA,NA,NA,NA,NA,NA,NA,NA,NA,NA,NA,NA,NA,NA,NA,NA,NA,NA,NA,NA,NA,NA,NA,NA,NA,NA,NA,NA,NA,NA,NA,NA,NA,NA,NA,NA,NA,NA,NA,NA,NA,NA,NA,NA,NA,NA,NA,NA,NA,NA,NA,NA,NA,NA,NA,NA,NA,NA,NA,NA,NA,NA,NA,NA,NA,NA,NA,NA,NA,NA,NA,NA,NA,NA,NA,11632,10816,12040,11632,NA,12857,NA,11632,NA,12448,NA,14081,NA,16122,NA,16530,16938,NA,16122,14489,17755,16122,NA,NA,19387,NA,21428,NA,18979,NA,NA,NA,NA,NA,NA,
493,P493,NOAA Fisheries,2020,STELLER SEA LION (Eumetopias jubatus): Eastern U.S. Stock,NOAA,Tech memo,UW,Steller sea lion,Eumetopias jubatus monteriensis,Eumetopias jubatus monteriensis,Otariidae,https://media.fisheries.noaa.gov/dam-migration/2019_sars_alaska_steller_sea_lion_-_eastern_us.pdf,,,Washington,Washington,0,1,47.32144189,-124.6833916,yes,yes,Non-pup,Non-pups,1,Combination,NA,NA,NA,NA,NA,NA,NA,NA,NA,NA,NA,NA,NA,NA,NA,NA,NA,NA,NA,NA,NA,NA,NA,NA,NA,NA,NA,NA,NA,NA,NA,NA,NA,NA,NA,NA,NA,NA,NA,NA,NA,NA,NA,NA,NA,NA,NA,NA,NA,NA,NA,NA,NA,NA,NA,NA,NA,NA,NA,NA,NA,NA,NA,NA,NA,NA,NA,NA,NA,NA,NA,NA,NA,NA,NA,NA,NA,NA,NA,NA,NA,NA,NA,NA,NA,NA,NA,NA,NA,85,NA,342,171,685,342,428,685,342,514,771,600,342,NA,NA,771,942,612,857,1285,1457,1542,1800,NA,1428,2314,NA,NA,NA,NA,NA,NA,NA,NA,NA,
494,P494,Allen et al,2005,STELLER SEA LION (Eumetopias jubatus): Western U. S. Stock,Alaska Fisheries Science Center,Tech memo,LPI,Steller sea lion,Eumetopias jubatus,Eumetopias jubatus,Otariidae,NOAA-TM-AFSC-206,,https://media.fisheries.noaa.gov/dam-migration/ak2009slst-w-508.pdf,"Western stock, Alaska",,0,1,56.16583,-152.31472,yes,no,Number of individuals,,,Direct observ. Counts,NA,NA,NA,NA,NA,NA,NA,NA,NA,NA,NA,NA,NA,NA,NA,NA,NA,NA,NA,NA,NA,NA,NA,NA,NA,NA,NA,NA,NA,NA,NA,NA,NA,NA,NA,NA,NA,NA,NA,NA,NA,NA,NA,NA,NA,NA,NA,NA,NA,NA,NA,NA,NA,NA,NA,NA,NA,NA,NA,NA,NA,NA,NA,NA,NA,NA,NA,NA,NA,NA,NA,NA,NA,NA,NA,NA,NA,NA,NA,NA,NA,NA,NA,NA,NA,NA,NA,NA,NA,NA,NA,29405,27299,NA,24136,NA,22210,NA,20438,NA,18325,NA,19340,NA,20533,NA,NA,NA,21228,NA,NA,NA,NA,NA,NA,NA,NA,NA,NA,NA,NA,NA,NA,NA,
495,P495,NOAA Fisheries,2020,STELLER SEA LION (Eumetopias jubatus): Western U.S. Stock,NOAA,Tech memo,UW,Steller sea lion,Eumetopias jubatus jubatus,Eumetopias jubatus jubatus,Otariidae,https://media.fisheries.noaa.gov/dam-migration/2019_sars_alaska_steller_sea_lion_-_western_us.pdf,,,Central Aleutian,Central Aleutian,0,1,52.29180653,-172.7326559,yes,yes,Non-pup,Non-pups,1,Combination,NA,NA,NA,NA,NA,NA,NA,NA,NA,NA,NA,NA,NA,NA,NA,NA,NA,NA,NA,NA,NA,NA,NA,NA,NA,NA,NA,NA,NA,NA,NA,NA,NA,NA,NA,NA,NA,NA,NA,NA,NA,NA,NA,NA,NA,NA,NA,NA,NA,NA,NA,NA,NA,NA,NA,NA,NA,NA,NA,NA,NA,NA,NA,NA,NA,NA,NA,NA,NA,NA,NA,NA,NA,NA,NA,NA,NA,NA,44031,41151,NA,NA,NA,NA,NA,27343,NA,NA,16042,8843,10268,9437,8400,NA,7561,NA,7334,NA,7517,NA,6473,NA,6659,NA,6842,6421,6205,5992,5571,6380,6164,6156,5937,5724,5303,5702,6307,5886,6080,NA,NA,NA,NA,NA,
496,P496,NOAA Fisheries,2020,STELLER SEA LION (Eumetopias jubatus): Western U.S. Stock,NOAA,Tech memo,UW,Steller sea lion,Eumetopias jubatus jubatus,Eumetopias jubatus jubatus,Otariidae,https://media.fisheries.noaa.gov/dam-migration/2019_sars_alaska_steller_sea_lion_-_western_us.pdf,,,Central Gulf of Alaska,Central Gulf of Alaska,0,1,59.07111,-144.96611,yes,yes,Non-pup,Non-pups,1,Combination,NA,NA,NA,NA,NA,NA,NA,NA,NA,NA,NA,NA,NA,NA,NA,NA,NA,NA,NA,NA,NA,NA,NA,NA,NA,NA,NA,NA,NA,NA,NA,NA,NA,NA,NA,NA,NA,NA,NA,NA,NA,NA,NA,NA,NA,NA,NA,NA,NA,NA,NA,NA,NA,NA,NA,NA,NA,NA,NA,NA,NA,NA,NA,NA,NA,NA,NA,NA,NA,NA,NA,NA,NA,NA,NA,NA,NA,NA,36944,37222,NA,NA,NA,NA,NA,26944,23611,NA,14486,11891,9945,8864,8216,NA,7135,NA,6054,5189,5405,NA,5410,NA,5059,NA,4540,5595,5119,5119,4761,5297,4761,6250,NA,7083,NA,7797,NA,8988,8035,7321,NA,8273,NA,NA,
497,P497,NOAA Fisheries,2020,STELLER SEA LION (Eumetopias jubatus): Western U.S. Stock,NOAA,Tech memo,UW,Steller sea lion,Eumetopias jubatus jubatus,Eumetopias jubatus jubatus,Otariidae,https://media.fisheries.noaa.gov/dam-migration/2019_sars_alaska_steller_sea_lion_-_western_us.pdf,,,Commander Island,Commander Island,0,1,54.92736107,166.6163416,yes,yes,Non-pup,Non-pups,1,Combination,NA,NA,NA,NA,NA,NA,NA,NA,NA,NA,NA,NA,NA,NA,NA,NA,NA,NA,NA,NA,NA,NA,NA,NA,NA,NA,NA,NA,NA,NA,NA,NA,NA,NA,NA,NA,NA,NA,NA,NA,NA,NA,NA,NA,NA,NA,NA,NA,NA,NA,NA,NA,NA,NA,NA,NA,NA,NA,NA,NA,NA,NA,NA,NA,NA,NA,NA,NA,NA,NA,NA,NA,NA,NA,NA,NA,NA,NA,NA,NA,NA,NA,NA,NA,NA,NA,NA,NA,NA,NA,NA,NA,NA,NA,NA,NA,NA,NA,NA,NA,NA,NA,710,584,521,678,NA,710,NA,805,615,594,542,510,500,521,478,710,878,NA,NA,NA,NA,NA,
498,P498,NOAA Fisheries,2020,STELLER SEA LION (Eumetopias jubatus): Western U.S. Stock,NOAA,Tech memo,UW,Steller sea lion,Eumetopias jubatus jubatus,Eumetopias jubatus jubatus,Otariidae,https://media.fisheries.noaa.gov/dam-migration/2019_sars_alaska_steller_sea_lion_-_western_us.pdf,,,Eastern Aleutian,Eastern Aleutian,0,1,53.9805199,-166.5036192,yes,yes,Non-pup,Non-pups,1,Combination,NA,NA,NA,NA,NA,NA,NA,NA,NA,NA,NA,NA,NA,NA,NA,NA,NA,NA,NA,NA,NA,NA,NA,NA,NA,NA,NA,NA,NA,NA,NA,NA,NA,NA,NA,NA,NA,NA,NA,NA,NA,NA,NA,NA,NA,NA,NA,NA,NA,NA,NA,NA,NA,NA,NA,NA,NA,NA,NA,NA,NA,NA,NA,NA,NA,NA,NA,NA,NA,NA,NA,NA,NA,NA,NA,NA,NA,NA,17130,16304,NA,NA,13695,12391,13913,13043,10434,8913,8261,4565,6521,6345,7174,7100,6956,NA,7391,6895,7173,7100,5968,NA,6521,NA,7173,6956,7391,7495,8043,7826,8478,7812,8260,8311,8043,8695,8479,8913,9347,NA,NA,NA,NA,NA,
499,P499,NOAA Fisheries,2020,STELLER SEA LION (Eumetopias jubatus): Western U.S. Stock,NOAA,Tech memo,UW,Steller sea lion,Eumetopias jubatus jubatus,Eumetopias jubatus jubatus,Otariidae,https://media.fisheries.noaa.gov/dam-migration/2019_sars_alaska_steller_sea_lion_-_western_us.pdf,,,Eastern Gulf of Alaska,Eastern Gulf of Alaska,0,1,56.92417,-136.93389,yes,yes,Non-pup,Non-pups,1,Combination,NA,NA,NA,NA,NA,NA,NA,NA,NA,NA,NA,NA,NA,NA,NA,NA,NA,NA,NA,NA,NA,NA,NA,NA,NA,NA,NA,NA,NA,NA,NA,NA,NA,NA,NA,NA,NA,NA,NA,NA,NA,NA,NA,NA,NA,NA,NA,NA,NA,NA,NA,NA,NA,NA,NA,NA,NA,NA,NA,NA,NA,NA,NA,NA,NA,NA,NA,NA,NA,NA,NA,NA,NA,NA,NA,NA,NA,NA,9722,10000,NA,NA,NA,NA,NA,NA,NA,NA,NA,8333,6388,5555,5000,NA,4444,NA,3055,3611,2499,NA,3055,NA,3716,NA,3604,4024,4147,4149,5344,4573,4457,5651,NA,5896,NA,6557,NA,5612,NA,4428,NA,4673,NA,NA,
500,P500,NOAA Fisheries,2020,STELLER SEA LION (Eumetopias jubatus): Western U.S. Stock,NOAA,Tech memo,UW,Steller sea lion,Eumetopias jubatus jubatus,Eumetopias jubatus jubatus,Otariidae,https://media.fisheries.noaa.gov/dam-migration/2019_sars_alaska_steller_sea_lion_-_western_us.pdf,,,Kamchatka,Kamchatka,0,1,53.70862564,159.8951683,yes,yes,Non-pup,Non-pups,1,Combination,NA,NA,NA,NA,NA,NA,NA,NA,NA,NA,NA,NA,NA,NA,NA,NA,NA,NA,NA,NA,NA,NA,NA,NA,NA,NA,NA,NA,NA,NA,NA,NA,NA,NA,NA,NA,NA,NA,NA,NA,NA,NA,NA,NA,NA,NA,NA,NA,NA,NA,NA,NA,NA,NA,NA,NA,NA,NA,NA,NA,NA,NA,NA,NA,NA,NA,NA,NA,NA,NA,NA,NA,NA,NA,NA,NA,NA,NA,NA,NA,NA,NA,NA,NA,NA,NA,NA,NA,NA,NA,NA,NA,NA,NA,NA,NA,NA,NA,NA,NA,NA,NA,535,NA,571,NA,578,NA,NA,578,478,NA,NA,NA,NA,507,NA,NA,NA,NA,NA,NA,NA,NA,
501,P501,NOAA Fisheries,2020,STELLER SEA LION (Eumetopias jubatus): Western U.S. Stock,NOAA,Tech memo,UW,Steller sea lion,Eumetopias jubatus jubatus,Eumetopias jubatus jubatus,Otariidae,https://media.fisheries.noaa.gov/dam-migration/2019_sars_alaska_steller_sea_lion_-_western_us.pdf,,,Kuril,Kuril,0,1,47.12744934,151.9245049,yes,yes,Non-pup,Non-pups,1,Combination,NA,NA,NA,NA,NA,NA,NA,NA,NA,NA,NA,NA,NA,NA,NA,NA,NA,NA,NA,NA,NA,NA,NA,NA,NA,NA,NA,NA,NA,NA,NA,NA,NA,NA,NA,NA,NA,NA,NA,NA,NA,NA,NA,NA,NA,NA,NA,NA,NA,NA,NA,NA,NA,NA,NA,NA,NA,NA,NA,NA,NA,NA,NA,NA,NA,NA,NA,NA,NA,NA,NA,NA,NA,NA,NA,NA,NA,NA,NA,NA,NA,NA,NA,NA,NA,NA,NA,NA,NA,NA,NA,NA,NA,NA,NA,NA,NA,NA,NA,NA,NA,NA,NA,NA,NA,NA,NA,8047,NA,8142,NA,NA,7761,NA,NA,5095,NA,NA,NA,NA,NA,NA,NA,NA,
502,P502,NOAA Fisheries,2020,STELLER SEA LION (Eumetopias jubatus): Western U.S. Stock,NOAA,Tech memo,UW,Steller sea lion,Eumetopias jubatus jubatus,Eumetopias jubatus jubatus,Otariidae,https://media.fisheries.noaa.gov/dam-migration/2019_sars_alaska_steller_sea_lion_-_western_us.pdf,,,NPSO,NPSO,0,1,58.08992102,147.5481494,yes,yes,Non-pup,Non-pups,1,Combination,NA,NA,NA,NA,NA,NA,NA,NA,NA,NA,NA,NA,NA,NA,NA,NA,NA,NA,NA,NA,NA,NA,NA,NA,NA,NA,NA,NA,NA,NA,NA,NA,NA,NA,NA,NA,NA,NA,NA,NA,NA,NA,NA,NA,NA,NA,NA,NA,NA,NA,NA,NA,NA,NA,NA,NA,NA,NA,NA,NA,NA,NA,NA,NA,NA,NA,NA,NA,NA,NA,NA,NA,NA,NA,NA,NA,NA,NA,NA,NA,NA,NA,NA,NA,NA,NA,NA,NA,NA,NA,NA,NA,NA,NA,NA,NA,NA,NA,NA,NA,NA,NA,NA,NA,NA,NA,2757,NA,NA,NA,NA,2303,NA,3424,NA,NA,NA,2727,NA,NA,NA,NA,NA,NA,
503,P503,NOAA Fisheries,2020,STELLER SEA LION (Eumetopias jubatus): Western U.S. Stock,NOAA,Tech memo,UW,Steller sea lion,Eumetopias jubatus jubatus,Eumetopias jubatus jubatus,Otariidae,https://media.fisheries.noaa.gov/dam-migration/2019_sars_alaska_steller_sea_lion_-_western_us.pdf,,,Sakhalin,Sakhalin,0,1,49.63842115,141.8387706,yes,yes,Non-pup,Non-pups,1,Combination,NA,NA,NA,NA,NA,NA,NA,NA,NA,NA,NA,NA,NA,NA,NA,NA,NA,NA,NA,NA,NA,NA,NA,NA,NA,NA,NA,NA,NA,NA,NA,NA,NA,NA,NA,NA,NA,NA,NA,NA,NA,NA,NA,NA,NA,NA,NA,NA,NA,NA,NA,NA,NA,NA,NA,NA,NA,NA,NA,NA,NA,NA,NA,NA,NA,NA,NA,NA,NA,NA,NA,NA,NA,NA,NA,NA,NA,NA,NA,NA,NA,NA,NA,NA,NA,NA,NA,NA,NA,NA,NA,NA,NA,NA,NA,NA,NA,NA,NA,NA,NA,4000,3894,3842,3684,3578,3210,3684,3263,3315,3578,3526,3684,3368,NA,NA,4052,5052,NA,NA,NA,NA,NA,NA,
504,P504,NOAA Fisheries,2020,STELLER SEA LION (Eumetopias jubatus): Western U.S. Stock,NOAA,Tech memo,UW,Steller sea lion,Eumetopias jubatus jubatus,Eumetopias jubatus jubatus,Otariidae,https://media.fisheries.noaa.gov/dam-migration/2019_sars_alaska_steller_sea_lion_-_western_us.pdf,,,WBS,WBS,0,1,60.1926897,170.4660786,yes,yes,Non-pup,Non-pups,1,Combination,NA,NA,NA,NA,NA,NA,NA,NA,NA,NA,NA,NA,NA,NA,NA,NA,NA,NA,NA,NA,NA,NA,NA,NA,NA,NA,NA,NA,NA,NA,NA,NA,NA,NA,NA,NA,NA,NA,NA,NA,NA,NA,NA,NA,NA,NA,NA,NA,NA,NA,NA,NA,NA,NA,NA,NA,NA,NA,NA,NA,NA,NA,NA,NA,NA,NA,NA,NA,NA,NA,NA,NA,NA,NA,NA,NA,NA,NA,NA,NA,NA,NA,NA,NA,NA,NA,NA,NA,NA,NA,NA,NA,NA,NA,NA,NA,NA,NA,NA,NA,NA,NA,6,NA,134,NA,NA,NA,90,NA,48,NA,NA,NA,NA,50,NA,NA,NA,NA,NA,NA,NA,NA,
505,P505,NOAA Fisheries,2020,STELLER SEA LION (Eumetopias jubatus): Western U.S. Stock,NOAA,Tech memo,UW,Steller sea lion,Eumetopias jubatus jubatus,Eumetopias jubatus jubatus,Otariidae,https://media.fisheries.noaa.gov/dam-migration/2019_sars_alaska_steller_sea_lion_-_western_us.pdf,,,Western Aleutian,Western Aleutian,0,1,52.48510837,174.2813861,yes,yes,Non-pup,Non-pups,1,Combination,NA,NA,NA,NA,NA,NA,NA,NA,NA,NA,NA,NA,NA,NA,NA,NA,NA,NA,NA,NA,NA,NA,NA,NA,NA,NA,NA,NA,NA,NA,NA,NA,NA,NA,NA,NA,NA,NA,NA,NA,NA,NA,NA,NA,NA,NA,NA,NA,NA,NA,NA,NA,NA,NA,NA,NA,NA,NA,NA,NA,NA,NA,NA,NA,NA,NA,NA,NA,NA,NA,NA,NA,NA,NA,NA,NA,NA,NA,28936,22553,NA,NA,NA,NA,NA,8936,NA,NA,5531,5957,NA,4680,4255,NA,3404,NA,3404,NA,2978,NA,1739,NA,1304,NA,1310,1086,1095,NA,870,NA,869,1086,435,870,652,435,425,458,217,NA,NA,NA,NA,NA,
506,P506,NOAA Fisheries,2020,STELLER SEA LION (Eumetopias jubatus): Western U.S. Stock,NOAA,Tech memo,UW,Steller sea lion,Eumetopias jubatus jubatus,Eumetopias jubatus jubatus,Otariidae,https://media.fisheries.noaa.gov/dam-migration/2019_sars_alaska_steller_sea_lion_-_western_us.pdf,,,Western Gulf of Alaska,Western Gulf of Alaska,0,1,55.66304459,-161.6822743,yes,yes,Non-pup,Non-pups,1,Combination,NA,NA,NA,NA,NA,NA,NA,NA,NA,NA,NA,NA,NA,NA,NA,NA,NA,NA,NA,NA,NA,NA,NA,NA,NA,NA,NA,NA,NA,NA,NA,NA,NA,NA,NA,NA,NA,NA,NA,NA,NA,NA,NA,NA,NA,NA,NA,NA,NA,NA,NA,NA,NA,NA,NA,NA,NA,NA,NA,NA,NA,NA,NA,NA,NA,NA,NA,NA,NA,NA,NA,NA,NA,NA,NA,NA,NA,NA,18611,15277,NA,NA,NA,NA,NA,8888,8611,6666,7222,6388,6111,6388,6111,NA,6666,NA,6388,6671,6669,NA,4999,NA,5297,NA,6130,5595,6248,6845,6904,7261,7500,8452,NA,8333,8035,8392,8214,8630,8750,8690,NA,8214,NA,NA,
507,P507,Burkanov,2005,"Steller Sea Lion Survey on Kuril and Iony Islands, Russia",Alaska Fisheries Science Center,Tech memo,LPI,Steller sea lion,Eumetopias jubatus,Eumetopias jubatus,Otariidae,NA,,https://apps-afsc.fisheries.noaa.gov/Quarterly/ond2001/feature.htm,Kuril Islands,,0,1,46.5,151.5,yes,no,Number of non-pups,,,Survey,NA,NA,NA,NA,NA,NA,NA,NA,NA,NA,NA,NA,NA,NA,NA,NA,NA,NA,NA,NA,NA,NA,NA,NA,NA,NA,NA,NA,NA,NA,NA,NA,NA,NA,NA,NA,NA,NA,NA,NA,NA,NA,NA,NA,NA,NA,NA,NA,NA,NA,NA,NA,NA,NA,NA,NA,NA,NA,NA,NA,NA,NA,NA,NA,NA,NA,NA,NA,NA,NA,NA,NA,NA,NA,NA,8367.35,NA,NA,NA,NA,NA,5816.33,NA,NA,NA,NA,NA,NA,NA,4387.76,NA,NA,NA,NA,NA,NA,NA,NA,NA,NA,3265.31,5102.04,NA,5204.08,NA,5510.2,NA,NA,NA,NA,NA,NA,NA,NA,NA,NA,NA,NA,NA,NA,NA,NA,NA,NA,
508,P508,Trites et al,2003,The decline of Steller sea lions Eumetopias jubatus in Alaska: a review of the nutritional stress hypothesis,Mammal Review,Journal Article,LPI,Steller sea lion,Eumetopias jubatus,Eumetopias jubatus,Otariidae,https://doi.org/10.1046/j.1365-2907.2003.00009.x,,https://onlinelibrary.wiley.com/doi/abs/10.1046/j.1365-2907.2003.00009.x,Alaska - Western stock,,0,1,56.74167,-154.785,yes,no,number of individuals,,,unknown,NA,NA,NA,NA,NA,NA,NA,NA,NA,NA,NA,NA,NA,NA,NA,NA,NA,NA,NA,NA,NA,NA,NA,NA,NA,NA,NA,NA,NA,NA,NA,NA,NA,NA,NA,NA,NA,NA,NA,NA,NA,NA,NA,NA,NA,NA,NA,NA,NA,NA,NA,NA,NA,NA,NA,NA,NA,NA,NA,NA,NA,NA,NA,NA,NA,NA,NA,NA,NA,NA,262980,264130,266330,267470,268610,267640,263560,258350,253130,245790,235280,223700,214230,200530,188960,174200,158380,143630,128870,116220,103590,90948,82551,76274,69997,64780,60623,55406,51240,49203,45055,NA,NA,NA,NA,NA,NA,NA,NA,NA,NA,NA,NA,NA,NA,NA,NA,NA,NA,NA,NA,NA,NA,NA,
509,P509,Goldsworthy et al,2009,"Fur seals at Macquarie Island: post-sealing colonisation, trends in abundance and hybridisation of three species",Polar Biology,Journal Article,UW,Sub-antarctic fur seal,Arctocephalus tropicalis,Arctocephalus tropicalis,Otariidae,https://doi.org/10.1007/s00300-009-0645-y,,https://link.springer.com/article/10.1007/s00300-009-0645-y,Macquarie Island,Macquarie Island,0,1,-54.5,158.933333,no,yes,Pup counts classified,Pups,1,Ground,NA,NA,NA,NA,NA,NA,NA,NA,NA,NA,NA,NA,NA,NA,NA,NA,NA,NA,NA,NA,NA,NA,NA,NA,NA,NA,NA,NA,NA,NA,NA,NA,NA,NA,NA,NA,NA,NA,NA,NA,NA,NA,NA,NA,NA,NA,NA,NA,NA,NA,NA,NA,NA,NA,NA,NA,NA,NA,NA,NA,NA,NA,NA,NA,NA,NA,NA,NA,NA,NA,NA,NA,NA,NA,NA,NA,NA,NA,NA,NA,NA,NA,NA,NA,NA,NA,8,NA,NA,14,14,22,19,20,16,24,20,27,31,26,29,31,35,40,NA,34,37,42,NA,NA,NA,NA,NA,NA,NA,NA,NA,NA,NA,NA,NA,NA,NA,NA,
510,P510,Guinet et al,1994,Long term population changes of fur seals Arctocephalus gazella and Arctocephalus tropicalis on sub-Antarctic (Crozet) and subtropical (St-Paul and Amsterdam) Islands and their possible relationship to El Nino Southern Oscillation,Antarctic Science,Journal Article,LPI,Sub-antarctic fur seal,Arctocephalus tropicalis,Arctocephalus tropicalis,Otariidae,https://doi.org/10.1017/S0954102094000714,,https://www.cambridge.org/core/journals/antarctic-science/article/long-term-population-changes-of-fur-seals-arctocephalus-gazella-and-arctocephalus-tropicalis-on-subantarctic-crozet-and-subtropical-st-paul-and-amsterdam-islands-and-their-possible-relationship-to-el-nino-southern-oscillation/AE1EC95246E1417254F34BD7379A24AE,"Possession Island, Crozet",,0,1,-37.83333,77.51667,no,no,Number of Females,,0.71,Annual Colony surveys,NA,NA,NA,NA,NA,NA,NA,NA,NA,NA,NA,NA,NA,NA,NA,NA,NA,NA,NA,NA,NA,NA,NA,NA,NA,NA,NA,NA,NA,NA,NA,NA,NA,NA,NA,NA,NA,NA,NA,NA,NA,NA,NA,NA,NA,NA,NA,NA,NA,NA,NA,NA,NA,NA,NA,NA,NA,NA,NA,NA,NA,NA,NA,NA,NA,NA,NA,NA,NA,NA,NA,NA,NA,NA,NA,NA,NA,NA,27,43,61,97,100,94,78,97,84,145,113,113,183,215,94,100,NA,NA,NA,NA,NA,NA,NA,NA,NA,NA,NA,NA,NA,NA,NA,NA,NA,NA,NA,NA,NA,NA,NA,NA,NA,NA,NA,NA,NA,NA,
511,P511,Guinet et al,1994,Long term population changes of fur seals Arctocephalus gazella and Arctocephalus tropicalis on sub-Antarctic (Crozet) and subtropical (St-Paul and Amsterdam) Islands and their possible relationship to El Nino Southern Oscillation,Antarctic Science,Journal Article,LPI,Sub-antarctic fur seal,Arctocephalus tropicalis,Arctocephalus tropicalis,Otariidae,https://doi.org/10.1017/S0954102094000714,,https://www.cambridge.org/core/journals/antarctic-science/article/long-term-population-changes-of-fur-seals-arctocephalus-gazella-and-arctocephalus-tropicalis-on-subantarctic-crozet-and-subtropical-st-paul-and-amsterdam-islands-and-their-possible-relationship-to-el-nino-southern-oscillation/AE1EC95246E1417254F34BD7379A24AE,"Possession Island, Crozet","Possession Island, Crozet",0,1,-37.83333,77.51667,no,yes,Number of pups,Pups,1,Ground,NA,NA,NA,NA,NA,NA,NA,NA,NA,NA,NA,NA,NA,NA,NA,NA,NA,NA,NA,NA,NA,NA,NA,NA,NA,NA,NA,NA,NA,NA,NA,NA,NA,NA,NA,NA,NA,NA,NA,NA,NA,NA,NA,NA,NA,NA,NA,NA,NA,NA,NA,NA,NA,NA,NA,NA,NA,NA,NA,NA,NA,NA,NA,NA,NA,NA,NA,NA,NA,NA,NA,NA,NA,NA,NA,NA,NA,NA,NA,NA,NA,NA,NA,14,24,27,40,55,76,72,76,85,85,67,NA,NA,NA,NA,NA,NA,NA,NA,NA,NA,NA,NA,NA,NA,NA,NA,NA,NA,NA,NA,NA,NA,NA,NA,NA,NA,NA,NA,NA,NA,
512,P512,Allen et al,1995,"Alaska marine mammal stock assessments, 2010",Alaska Fisheries Science Center,NA,LPI,Walrus,O. r. divergens,O. r. divergens,Odobenidae,NA,,https://repository.library.noaa.gov/view/noaa/3836,Bering and Chukchi seas of Alaska and Russia,,0,1,64.41833,-169.48222,yes,no,Number of individuals,,,Count surveys,NA,NA,NA,NA,NA,NA,NA,NA,NA,NA,NA,NA,NA,NA,NA,NA,NA,NA,NA,NA,NA,NA,NA,NA,NA,NA,NA,NA,NA,NA,NA,NA,NA,NA,NA,NA,NA,NA,NA,NA,NA,NA,NA,NA,NA,NA,NA,NA,NA,NA,NA,NA,NA,NA,NA,NA,NA,NA,NA,NA,NA,NA,NA,NA,NA,NA,NA,NA,NA,NA,NA,NA,NA,NA,NA,221000,NA,NA,NA,NA,246000,NA,NA,NA,NA,234000,NA,NA,NA,NA,201000,NA,NA,NA,NA,NA,NA,NA,NA,NA,NA,NA,NA,NA,NA,NA,129000,NA,NA,NA,NA,NA,NA,NA,NA,NA,NA,NA,NA,NA,NA,NA,NA,NA,
513,P513,Stewart et al,2014,"Estimates of Minimum Population Size for Walrus near Southeast Baffin Island, Nunavut",NAMMCO Scientific publications,Journal Article,LPI,Walrus,O. r. rosmarus,O. r. rosmarus,Odobenidae,https://doi.org/10.7557/3.2615,,https://septentrio.uit.no/index.php/NAMMCOSP/article/view/2615,"Eastern Baffin Island, between Cape Dyer and Loks Land, Nunavut","Eastern Baffin Island, between Cape Dyer and Loks Land, Nunavut",0,1,64.284513,-63.277839,no,yes,Minimum counted population,All Individuals,1,Combination,NA,NA,NA,NA,NA,NA,NA,NA,NA,NA,NA,NA,NA,NA,NA,NA,NA,NA,NA,NA,NA,NA,NA,NA,NA,NA,NA,NA,NA,NA,NA,NA,NA,NA,NA,NA,NA,NA,NA,NA,NA,NA,NA,NA,NA,NA,NA,NA,NA,NA,NA,NA,NA,NA,NA,NA,NA,NA,NA,NA,NA,NA,NA,NA,NA,NA,NA,NA,NA,NA,NA,NA,NA,NA,NA,NA,NA,NA,NA,NA,NA,NA,NA,NA,NA,NA,NA,NA,NA,NA,NA,NA,NA,NA,NA,NA,NA,NA,NA,NA,NA,NA,NA,NA,NA,766,1198,1639,955,NA,NA,NA,NA,NA,NA,NA,NA,NA,NA,NA,NA,NA,NA,NA,
514,P514,Hammill et al,2016,Estimating abundance and total allowable removals for walrus in Foxe Basin,Canadian Science Advisory Secretariat,Tech memo,LPI,Walrus,O. r. rosmarus,O. r. rosmarus,Odobenidae,ISSN 1919-5044,,https://waves-vagues.dfo-mpo.gc.ca/library-bibliotheque/363963.pdf,"Foxe Basin, Nunavut",,0,1,67.35631,-78.56511,yes,no,Number of individuals,,,Aerial survey aug-sept. Data from satellite-linked radio tags were used to obtain estimate the proportion of animals hauled out,NA,NA,NA,NA,NA,NA,NA,NA,NA,NA,NA,NA,NA,NA,NA,NA,NA,NA,NA,NA,NA,NA,NA,NA,NA,NA,NA,NA,NA,NA,NA,NA,NA,NA,NA,NA,NA,NA,NA,NA,NA,NA,NA,NA,NA,NA,NA,NA,NA,NA,NA,NA,NA,NA,NA,NA,NA,NA,NA,NA,NA,NA,NA,NA,NA,NA,NA,NA,NA,NA,NA,NA,NA,NA,NA,NA,NA,NA,NA,NA,NA,NA,NA,NA,NA,NA,NA,NA,NA,NA,NA,NA,NA,NA,NA,NA,NA,NA,NA,NA,NA,NA,NA,NA,NA,NA,NA,NA,NA,NA,10435,14093,NA,NA,NA,NA,NA,NA,NA,NA,NA,NA,NA,NA,
515,P515,Hammill et al,2016,Estimating abundance and total allowable removals for walrus in Foxe Basin,Canadian Science Advisory Secretariat,Tech memo,LPI,Walrus,O. r. rosmarus,O. r. rosmarus,Odobenidae,ISSN 1919-5044,,https://waves-vagues.dfo-mpo.gc.ca/library-bibliotheque/363963.pdf,"Foxe Basin, Nunavut",,0,1,67.35631,-78.56511,yes,no,Number of individuals,,,Systematic strip transect survey july-august,NA,NA,NA,NA,NA,NA,NA,NA,NA,NA,NA,NA,NA,NA,NA,NA,NA,NA,NA,NA,NA,NA,NA,NA,NA,NA,NA,NA,NA,NA,NA,NA,NA,NA,NA,NA,NA,NA,NA,NA,NA,NA,NA,NA,NA,NA,NA,NA,NA,NA,NA,NA,NA,NA,NA,NA,NA,NA,NA,NA,NA,NA,NA,NA,NA,NA,NA,NA,NA,NA,NA,NA,NA,NA,NA,NA,NA,NA,NA,NA,NA,NA,NA,NA,NA,NA,NA,NA,13859,14892,NA,NA,NA,NA,NA,NA,NA,NA,NA,NA,NA,NA,NA,NA,NA,NA,NA,NA,NA,NA,NA,NA,NA,NA,NA,NA,NA,NA,NA,NA,NA,NA,NA,NA,
516,P516,MOSJ,2019,Hvalross,MOSJ,Website,UW,Walrus,O. r. rosmarus,O. r. rosmarus,Odobenidae,https://mosj.no/indikator/dyreliv/dyreliv-i-havet/hvalross/,,,Svalbard,Svalbard,1,1,80.03657332,8.699865807,no,yes,All Individuals,All Individuals,1,Aerial,NA,NA,NA,NA,NA,NA,NA,NA,NA,NA,NA,NA,NA,NA,NA,NA,NA,NA,NA,NA,NA,NA,NA,NA,NA,NA,NA,NA,NA,NA,NA,NA,NA,NA,NA,NA,NA,NA,NA,NA,NA,NA,NA,NA,NA,NA,NA,NA,NA,NA,NA,NA,NA,NA,NA,NA,NA,NA,NA,NA,NA,NA,NA,NA,NA,NA,NA,NA,NA,NA,NA,NA,NA,NA,NA,NA,NA,NA,NA,NA,100,NA,NA,NA,NA,NA,NA,NA,NA,NA,NA,NA,NA,741,NA,NA,NA,NA,NA,NA,NA,NA,NA,NA,NA,NA,2629,NA,NA,NA,NA,NA,3886,NA,NA,NA,NA,NA,5503,NA,NA,NA,NA,NA,
517,P517,Hammill et al. ,2016,Modelling walrus population dynamics: A direction for future assessments,Fisheries and Oceans Canada ,Tech memo,UW,Walrus,O. r. rosmarus,O. r. rosmarus,Odobenidae,ISSN 1919-5044,,https://oaresource.library.carleton.ca/wcl/2016/20160718/Fs70-5-2016-050-eng.pdf,Foxe Basin,Foxe Basin,0,1,66.61908177,-78.10078444,yes,yes,All Individuals,All Individuals,1,Aerial,NA,NA,NA,NA,NA,NA,NA,NA,NA,NA,NA,NA,NA,NA,NA,NA,NA,NA,NA,NA,NA,NA,NA,NA,NA,NA,NA,NA,NA,NA,NA,NA,NA,NA,NA,NA,NA,NA,NA,NA,NA,NA,NA,NA,NA,NA,NA,NA,NA,NA,NA,NA,NA,NA,NA,NA,NA,NA,NA,NA,NA,NA,NA,NA,NA,NA,NA,NA,NA,NA,NA,NA,NA,NA,NA,NA,NA,NA,NA,NA,NA,NA,NA,7357,NA,NA,NA,NA,13859,14892,NA,NA,NA,NA,NA,NA,NA,NA,NA,NA,NA,NA,NA,NA,NA,NA,NA,NA,NA,NA,10435,12119,NA,NA,NA,NA,NA,NA,NA,NA,NA,NA,NA,NA,
518,P518,Hammill et al. ,2016,Modelling walrus population dynamics: A direction for future assessments,Fisheries and Oceans Canada ,Tech memo,UW,Walrus,O. r. rosmarus,O. r. rosmarus,Odobenidae,ISSN 1919-5044,,https://oaresource.library.carleton.ca/wcl/2016/20160718/Fs70-5-2016-050-eng.pdf,Hudson Bay-Davis Strait,Hudson Bay-Davis Strait,0,1,61.59724338,-69.67008239,no,yes,All Individuals,All Individuals,1,Aerial,NA,NA,NA,NA,NA,NA,NA,NA,NA,NA,NA,NA,NA,NA,NA,NA,NA,NA,NA,NA,NA,NA,NA,NA,NA,NA,NA,NA,NA,NA,NA,NA,NA,NA,NA,NA,NA,NA,NA,NA,NA,NA,NA,NA,NA,NA,NA,NA,NA,NA,NA,NA,NA,NA,9726,NA,NA,NA,NA,NA,NA,8834,NA,NA,NA,NA,NA,NA,NA,NA,NA,NA,NA,NA,NA,NA,2741,2794,NA,NA,NA,NA,NA,NA,NA,NA,NA,NA,NA,2794,4474,6155,NA,NA,NA,NA,NA,NA,NA,NA,NA,NA,NA,NA,NA,NA,NA,NA,NA,NA,NA,NA,NA,NA,5315,NA,7205,NA,NA,NA,NA,NA,NA,NA,
519,P519,USFWS,2014,Pacific Walrus Stock Assessment Report,Federal Register,Tech memo,UW,Walrus,O. r. divergens,O. r. divergens,Odobenidae,https://www.fws.gov/media/pacific-walrus-stock-assessment-report,,,Alaska,Alaska,0,1,63.08637348,-170.1650882,yes,yes,All Individuals,All Individuals,1,Aerial,NA,NA,NA,NA,NA,NA,NA,NA,NA,NA,NA,NA,NA,NA,NA,NA,NA,NA,NA,NA,NA,NA,NA,NA,NA,NA,NA,NA,NA,NA,NA,NA,NA,NA,NA,NA,NA,NA,NA,NA,NA,NA,NA,NA,NA,NA,NA,NA,NA,NA,NA,NA,NA,NA,NA,NA,NA,NA,NA,NA,NA,NA,NA,NA,NA,NA,NA,NA,NA,NA,221350,NA,NA,NA,NA,246360,NA,NA,NA,NA,234020,NA,NA,NA,NA,NA,NA,NA,NA,NA,201039,NA,NA,NA,NA,NA,NA,NA,NA,NA,NA,NA,NA,NA,NA,NA,129000,NA,NA,NA,NA,NA,NA,NA,NA,NA,NA,NA,NA,NA,NA,NA,NA,NA,
520,P520,Born et al,1984,Status of the Atlantic walrus Odobenus rosmarus rosmarus in the Svalbard area,Polar Research,Journal article,UW,Walrus,O. r. rosmarus,O. r. rosmarus,Odobenidae,https://doi.org/10.1111/j.1751-8369.1984.tb00484.x,,https://onlinelibrary.wiley.com/doi/epdf/10.1111/j.1751-8369.1984.tb00484.x,Svalbard,Svalbard,2,0,80.03657332,9.699865807,no,yes,All Individuals,All Individuals,1,Ground,NA,NA,NA,NA,NA,NA,NA,NA,NA,NA,NA,NA,NA,NA,NA,NA,NA,NA,NA,NA,NA,NA,NA,NA,NA,NA,NA,NA,NA,NA,NA,NA,NA,NA,NA,NA,NA,NA,NA,NA,NA,NA,NA,NA,NA,NA,NA,NA,NA,NA,NA,NA,NA,NA,NA,NA,NA,NA,NA,NA,NA,NA,NA,2,5,5,6,7,7,13,101,3,38,412,118,73,14,18,48,15,51,26,248,NA,NA,NA,NA,NA,NA,NA,NA,NA,NA,NA,NA,NA,NA,NA,NA,NA,NA,NA,NA,NA,NA,NA,NA,NA,NA,NA,NA,NA,NA,NA,NA,NA,NA,NA,NA,NA,NA,NA,NA,NA,
521,P521,Fay et al,1997,"STATUS OF THE PACIFIC WALRUS POPULATION, 1950–1989",Marine Mammal Science,Journal Article,LPI,Walrus,O. r. divergens,O. r. divergens,Odobenidae,https://doi.org/10.1111/j.1748-7692.1997.tb00083.x,,https://onlinelibrary.wiley.com/doi/abs/10.1111/j.1748-7692.1997.tb00083.x,Bering and Chukchi Sea of Alaska and Russia,,0,1,60,-175,yes,no,Population size,,,Aerial survey,NA,NA,NA,NA,NA,NA,NA,NA,NA,NA,NA,NA,NA,NA,NA,NA,NA,NA,NA,NA,NA,NA,NA,NA,NA,NA,NA,NA,NA,NA,NA,NA,NA,NA,NA,NA,NA,NA,NA,NA,NA,NA,NA,NA,NA,NA,NA,NA,NA,NA,NA,NA,NA,NA,NA,NA,NA,NA,NA,NA,NA,NA,NA,NA,NA,NA,NA,NA,NA,NA,NA,NA,141950,NA,NA,234050,NA,NA,NA,NA,300700,NA,NA,NA,NA,243900,NA,NA,NA,NA,NA,NA,NA,NA,NA,NA,NA,NA,NA,NA,NA,NA,NA,NA,NA,NA,NA,NA,NA,NA,NA,NA,NA,NA,NA,NA,NA,NA,NA,NA,NA,NA,NA,NA,
522,P522,Stewart et al,2014,"Use of Multiple Methods to Estimate Walrus ( Odobenus rosmarus rosmarus ) Abundance in the Penny Strait-Lancaster Sound and West Jones Sound Stocks, Canada",NAMMCO Scientific publications,Journal Article,LPI,Walrus,O. r. rosmarus,O. r. rosmarus,Odobenidae,DOI:10.7557/3.2608,,https://www.researchgate.net/publication/259977832_Use_of_Multiple_Methods_to_Estimate_Walrus_Odobenus_rosmarus_rosmarus_Abundance_in_the_Penny_Strait-Lancaster_Sound_and_West_Jones_Sound_Stocks_Canada,"Penny Strait - Lancaster Sound, Nunavut","Penny Strait - Lancaster Sound, Nunavut",0,1,74.21822,-83.9992,no,yes,Minimum counted population,All Individuals,1,Aerial,NA,NA,NA,NA,NA,NA,NA,NA,NA,NA,NA,NA,NA,NA,NA,NA,NA,NA,NA,NA,NA,NA,NA,NA,NA,NA,NA,NA,NA,NA,NA,NA,NA,NA,NA,NA,NA,NA,NA,NA,NA,NA,NA,NA,NA,NA,NA,NA,NA,NA,NA,NA,NA,NA,NA,NA,NA,NA,NA,NA,NA,NA,NA,NA,NA,NA,NA,NA,NA,NA,NA,NA,NA,NA,NA,NA,NA,565,NA,NA,NA,NA,NA,NA,NA,NA,NA,NA,NA,NA,NA,NA,NA,NA,NA,NA,NA,NA,200,441,149,44,NA,137,74,17,308,515,308,557,NA,NA,NA,NA,NA,NA,NA,NA,NA,NA,NA,NA,NA,NA,
523,P523,Stewart et al,2014,"Use of Multiple Methods to Estimate Walrus ( Odobenus rosmarus rosmarus ) Abundance in the Penny Strait-Lancaster Sound and West Jones Sound Stocks, Canada",NAMMCO Scientific publications,Journal Article,LPI,Walrus,O. r. rosmarus,O. r. rosmarus,Odobenidae,DOI:10.7557/3.2608,,https://www.researchgate.net/publication/259977832_Use_of_Multiple_Methods_to_Estimate_Walrus_Odobenus_rosmarus_rosmarus_Abundance_in_the_Penny_Strait-Lancaster_Sound_and_West_Jones_Sound_Stocks_Canada,"West Jones Sound, Nunavut","West Jones Sound, Nunavut",0,1,76.001667,-85.999722,no,yes,Minimum counted population,All Individuals,1,Aerial,NA,NA,NA,NA,NA,NA,NA,NA,NA,NA,NA,NA,NA,NA,NA,NA,NA,NA,NA,NA,NA,NA,NA,NA,NA,NA,NA,NA,NA,NA,NA,NA,NA,NA,NA,NA,NA,NA,NA,NA,NA,NA,NA,NA,NA,NA,NA,NA,NA,NA,NA,NA,NA,NA,NA,NA,NA,NA,NA,NA,NA,NA,NA,NA,NA,NA,NA,NA,NA,NA,NA,NA,NA,NA,NA,NA,NA,290,NA,NA,NA,NA,NA,NA,NA,NA,NA,NA,NA,NA,NA,NA,NA,NA,NA,NA,NA,NA,179,110,204,185,NA,114,171,19,94,101,404,388,NA,NA,NA,NA,NA,NA,NA,NA,NA,NA,NA,NA,NA,NA,
524,P524,Sinif et al,2008,"Aerial surveys of Weddell seals during 2007-08, with notes on the history of aerial censuses in the Ross Sea and recommendations for continued count effort.","Department of Ecology, University of Minnesota",Tech memo,UW,Weddel seal,Leptonychotes weddellii,Leptonychotes weddellii,Phocidae,https://citeseerx.ist.psu.edu/viewdoc/download?doi=10.1.1.538.1426&rep=rep1&type=pdf,,,Erebus Bay,,0,1,-77.72413029,166.5579405,yes,no,Total number Erebus bay,,,Aerial surveys,NA,NA,NA,NA,NA,NA,NA,NA,NA,NA,NA,NA,NA,NA,NA,NA,NA,NA,NA,NA,NA,NA,NA,NA,NA,NA,NA,NA,NA,NA,NA,NA,NA,NA,NA,NA,NA,NA,NA,NA,NA,NA,NA,NA,NA,NA,NA,NA,NA,NA,NA,NA,NA,NA,NA,NA,NA,NA,NA,NA,NA,NA,NA,NA,NA,NA,NA,NA,NA,NA,NA,NA,NA,NA,748,541,691,688,578,454,NA,540,511,500,482,587,733,349,526,551,NA,396,537,379,434,513,798,470,508,625,377,NA,561,727,235,364,564,844,NA,NA,NA,NA,NA,NA,NA,NA,NA,NA,NA,NA,NA,NA,NA,NA,
525,P525,Ainley et al,2015,"An apparent population decrease, or change in distribution, of Weddell seals along the Victoria Land coast",Marine Mammal Science,Journal Article,UW,Weddel seal,Leptonychotes weddellii,Leptonychotes weddellii,Phocidae,https://doi.org/10.1111/mms.12220,,https://onlinelibrary.wiley.com/doi/abs/10.1111/mms.12220,Edisto Inlet North,Edisto Inlet North,0,1,-72.32319768,170.2064618,no,yes,Number of adults and subadults,Non-pups,1,Combination,NA,NA,NA,NA,NA,NA,NA,NA,NA,NA,NA,NA,NA,NA,NA,NA,NA,NA,NA,NA,NA,NA,NA,NA,NA,NA,NA,NA,NA,NA,NA,NA,NA,NA,NA,NA,NA,NA,NA,NA,NA,NA,NA,NA,NA,NA,NA,NA,NA,NA,NA,NA,NA,NA,NA,NA,NA,NA,NA,104,NA,NA,NA,NA,NA,NA,71,4,NA,NA,NA,NA,NA,NA,NA,NA,NA,NA,NA,NA,NA,NA,NA,NA,NA,NA,NA,NA,NA,NA,NA,NA,NA,NA,NA,NA,NA,NA,NA,NA,NA,NA,NA,NA,NA,NA,3,NA,NA,4,12,1,NA,NA,NA,NA,NA,NA,NA,NA,NA,NA,NA,NA,
526,P526,Ainley et al,2015,"An apparent population decrease, or change in distribution, of Weddell seals along the Victoria Land coast",Marine Mammal Science,Journal Article,UW,Weddel seal,Leptonychotes weddellii,Leptonychotes weddellii,Phocidae,https://doi.org/10.1111/mms.12220,,https://onlinelibrary.wiley.com/doi/abs/10.1111/mms.12220,Edisto Inlet South,,0,1,-72.41243795,169.9100054,no,no,Number of adults and subadults,,0.779,Aerial and land based surveys,NA,NA,NA,NA,NA,NA,NA,NA,NA,NA,NA,NA,NA,NA,NA,NA,NA,NA,NA,NA,NA,NA,NA,NA,NA,NA,NA,NA,NA,NA,NA,NA,NA,NA,NA,NA,NA,NA,NA,NA,NA,NA,NA,NA,NA,NA,NA,NA,NA,NA,NA,NA,NA,NA,NA,NA,NA,NA,NA,NA,NA,NA,NA,NA,NA,NA,39,0,NA,NA,NA,NA,NA,NA,NA,NA,NA,NA,NA,NA,NA,NA,NA,NA,NA,NA,NA,NA,NA,NA,NA,NA,NA,NA,NA,NA,NA,NA,NA,NA,NA,NA,NA,NA,NA,NA,NA,NA,8,0,7,14,NA,NA,NA,NA,NA,NA,NA,NA,NA,NA,NA,NA,
527,P527,Ainley et al,2015,"An apparent population decrease, or change in distribution, of Weddell seals along the Victoria Land coast",Marine Mammal Science,Journal Article,UW,Weddel seal,Leptonychotes weddellii,Leptonychotes weddellii,Phocidae,https://doi.org/10.1111/mms.12220,,https://onlinelibrary.wiley.com/doi/abs/10.1111/mms.12220,Erebus Bay,Erebus Bay,0,1,-77.72413029,166.5579405,yes,yes,Number of adults and subadults,Non-pups,1,Combination,NA,NA,NA,NA,NA,NA,NA,NA,NA,NA,NA,NA,NA,NA,NA,NA,NA,NA,NA,NA,NA,NA,NA,NA,NA,NA,NA,NA,NA,NA,NA,NA,NA,NA,NA,NA,NA,NA,NA,NA,NA,NA,NA,NA,NA,NA,NA,NA,NA,NA,NA,NA,NA,NA,NA,NA,NA,NA,NA,NA,NA,NA,NA,389,412,492,593,785,430,499,599,445,515,573,531,461,267,309,277,414,434,416,393,407,401,424,426,426,438,393,454,438,357,469,392,396,388,565,504,518,491,402,427,402,206,297,411,516,412,489,606,621,NA,NA,NA,NA,NA,NA,NA,NA,NA,NA,NA,NA,
528,P528,Ainley et al,2015,"An apparent population decrease, or change in distribution, of Weddell seals along the Victoria Land coast",Marine Mammal Science,Journal Article,UW,Weddel seal,Leptonychotes weddellii,Leptonychotes weddellii,Phocidae,https://doi.org/10.1111/mms.12220,,https://onlinelibrary.wiley.com/doi/abs/10.1111/mms.12220,Moubray North,Moubray North,0,1,-71.97937275,170.4833567,no,yes,Number of adults and subadults,Non-pups,1,Combination,NA,NA,NA,NA,NA,NA,NA,NA,NA,NA,NA,NA,NA,NA,NA,NA,NA,NA,NA,NA,NA,NA,NA,NA,NA,NA,NA,NA,NA,NA,NA,NA,NA,NA,NA,NA,NA,NA,NA,NA,NA,NA,NA,NA,NA,NA,NA,NA,NA,NA,NA,NA,NA,NA,NA,NA,NA,NA,NA,NA,NA,NA,NA,NA,NA,NA,NA,NA,NA,NA,NA,NA,NA,NA,NA,NA,NA,NA,NA,NA,NA,NA,NA,NA,NA,NA,NA,NA,NA,NA,NA,NA,NA,NA,NA,NA,NA,NA,NA,NA,NA,NA,NA,NA,NA,NA,NA,NA,32,NA,49,36,NA,NA,NA,NA,NA,NA,NA,NA,NA,NA,NA,NA,
529,P529,Ainley et al,2015,"An apparent population decrease, or change in distribution, of Weddell seals along the Victoria Land coast",Marine Mammal Science,Journal Article,UW,Weddel seal,Leptonychotes weddellii,Leptonychotes weddellii,Phocidae,https://doi.org/10.1111/mms.12220,,https://onlinelibrary.wiley.com/doi/abs/10.1111/mms.12220,Moubray South,Moubray South,0,1,-72.2727274,169.9010813,no,yes,Number of adults and subadults,Non-pups,1,Combination,NA,NA,NA,NA,NA,NA,NA,NA,NA,NA,NA,NA,NA,NA,NA,NA,NA,NA,NA,NA,NA,NA,NA,NA,NA,NA,NA,NA,NA,NA,NA,NA,NA,NA,NA,NA,NA,NA,NA,NA,NA,NA,NA,NA,NA,NA,NA,NA,NA,NA,NA,NA,NA,NA,NA,NA,NA,NA,NA,NA,NA,NA,NA,NA,NA,NA,NA,NA,NA,NA,NA,NA,NA,NA,NA,NA,NA,NA,NA,NA,NA,NA,NA,NA,NA,NA,NA,NA,NA,NA,NA,NA,NA,NA,NA,NA,NA,NA,NA,NA,NA,NA,NA,NA,NA,NA,NA,NA,42,NA,20,NA,NA,NA,NA,NA,NA,NA,NA,NA,NA,NA,NA,NA,
530,P530,Woodman et al. ,2024,"CS-PHOC: Weekly census counts of Southern Ocean phocids at Cape Shirreff, Livingston Island (1997-2023)",submitted,Journal Article,UW,Weddel seal,Leptonychotes weddellii,Leptonychotes weddellii,Phocidae,https://doi.org/10.1038/s41597-024-03744-9,only January counts because most abundant month,,"Cape Shirreff, Livingston Island","Cape Shirreff, Livingston Island",0,1,-62.52866327,-60.73261129,no,yes,Number of adults and subadults,Non-pups,1,Ground,NA,NA,NA,NA,NA,NA,NA,NA,NA,NA,NA,NA,NA,NA,NA,NA,NA,NA,NA,NA,NA,NA,NA,NA,NA,NA,NA,NA,NA,NA,NA,NA,NA,NA,NA,NA,NA,NA,NA,NA,NA,NA,NA,NA,NA,NA,NA,NA,NA,NA,NA,NA,NA,NA,NA,NA,NA,NA,NA,NA,NA,NA,NA,NA,NA,NA,NA,NA,NA,NA,NA,NA,NA,NA,NA,NA,NA,NA,NA,NA,NA,NA,NA,NA,NA,NA,NA,NA,NA,NA,NA,NA,NA,NA,NA,NA,NA,NA,22,35,24,16,52,11,44,24,25,36,NA,NA,26,31,23,16,22,29,18,30,30,14,12,NA,NA,20,
531,P531,Chambert et al,2012,Environmental extremes versus ecological extremes: impact of a massive iceberg on the population dynamics of a high-level Antarctic marine predator,The Royal Society,Journal Article,LPI,Weddel seal,Leptonychotes weddellii,Leptonychotes weddellii,Phocidae,https://doi.org/10.1098/rspb.2012.1733,,https://royalsocietypublishing.org/doi/full/10.1098/rspb.2012.1733,"Erebus Bay, Ross Shelf, Antarctica",,0,1,-77.818452,166.644401,yes,no,Number of females,,,Direct counts of mother-pup pairs and lone females at the breeding site. Mark recapture modelling was used to calculate the local abundance.,NA,NA,NA,NA,NA,NA,NA,NA,NA,NA,NA,NA,NA,NA,NA,NA,NA,NA,NA,NA,NA,NA,NA,NA,NA,NA,NA,NA,NA,NA,NA,NA,NA,NA,NA,NA,NA,NA,NA,NA,NA,NA,NA,NA,NA,NA,NA,NA,NA,NA,NA,NA,NA,NA,NA,NA,NA,NA,NA,NA,NA,NA,NA,NA,NA,NA,NA,NA,NA,NA,NA,NA,NA,NA,NA,NA,NA,NA,NA,NA,NA,NA,720.1251,950.7602,871.9207,692.0316,651.0841,749.0903,910.2515,749.3007,686.2569,698.9937,661.2041,651.8416,614.055,749.9529,778.4854,819.6433,677.6489,778.9183,778.9183,529.5492,554.9176,1031.8751,293.0341,482.6195,627.9882,953.3604,593.4678,865.1556,874.7405,NA,NA,NA,NA,NA,NA,NA,NA,NA,NA,NA,NA,NA,
,,,,,,,,,,,,,,,,,,,,,,,,,,,,,,,,,,,,,,,,,,,,,,,,,,,,,,,,,,,,,,,,,,,,,,,,,,,,,,,,,,,,,,,,,,,,,,,,,,,,,,,,,,,,,,,,,,,,,,,,,,,,,,,,,,,,,,,,,,,,,,,,,,,,,,,
,,,,,,,,,,,,,,,,,,,,,,,,,,,,,,,,,,,,,,,,,,,,,,,,,,,,,,,,,,,,,,,,,,,,,,,,,,,,,,,,,,,,,,,,,,,,,,,,,,,,,,,,,,,,,,,,,,,,,,,,,,,,,,,,,,,,,,,,,,,,,,,,,,,,,,,
,,,,,,,,,,,,,,,,,,,,,,,,,,,,,,,,,,,,,,,,,,,,,,,,,,,,,,,,,,,,,,,,,,,,,,,,,,,,,,,,,,,,,,,,,,,,,,,,,,,,,,,,,,,,,,,,,,,,,,,,,,,,,,,,,,,,,,,,,,,,,,,,,,,,,,,
,,,,,,,,,,,,,,,,,,,,,,,,,,,,,,,,,,,,,,,,,,,,,,,,,,,,,,,,,,,,,,,,,,,,,,,,,,,,,,,,,,,,,,,,,,,,,,,,,,,,,,,,,,,,,,,,,,,,,,,,,,,,,,,,,,,,,,,,,,,,,,,,,,,,,,,
,,,,,,,,,,,,,,,,,,,,,,,,,,,,,,,,,,,,,,,,,,,,,,,,,,,,,,,,,,,,,,,,,,,,,,,,,,,,,,,,,,,,,,,,,,,,,,,,,,,,,,,,,,,,,,,,,,,,,,,,,,,,,,,,,,,,,,,,,,,,,,,,,,,,,,,
,,,,,,,,,,,,,,,,,,,,,,,,,,,,,,,,,,,,,,,,,,,,,,,,,,,,,,,,,,,,,,,,,,,,,,,,,,,,,,,,,,,,,,,,,,,,,,,,,,,,,,,,,,,,,,,,,,,,,,,,,,,,,,,,,,,,,,,,,,,,,,,,,,,,,,,
,,,,,,,,,,,,,,,,,,,,,,,,,,,,,,,,,,,,,,,,,,,,,,,,,,,,,,,,,,,,,,,,,,,,,,,,,,,,,,,,,,,,,,,,,,,,,,,,,,,,,,,,,,,,,,,,,,,,,,,,,,,,,,,,,,,,,,,,,,,,,,,,,,,,,,,
,,,,,,,,,,,,,,,,,,,,,,,,,,,,,,,,,,,,,,,,,,,,,,,,,,,,,,,,,,,,,,,,,,,,,,,,,,,,,,,,,,,,,,,,,,,,,,,,,,,,,,,,,,,,,,,,,,,,,,,,,,,,,,,,,,,,,,,,,,,,,,,,,,,,,,,
,,,,,,,,,,,,,,,,,,,,,,,,,,,,,,,,,,,,,,,,,,,,,,,,,,,,,,,,,,,,,,,,,,,,,,,,,,,,,,,,,,,,,,,,,,,,,,,,,,,,,,,,,,,,,,,,,,,,,,,,,,,,,,,,,,,,,,,,,,,,,,,,,,,,,,,
,,,,,,,,,,,,,,,,,,,,,,,,,,,,,,,,,,,,,,,,,,,,,,,,,,,,,,,,,,,,,,,,,,,,,,,,,,,,,,,,,,,,,,,,,,,,,,,,,,,,,,,,,,,,,,,,,,,,,,,,,,,,,,,,,,,,,,,,,,,,,,,,,,,,,,,
,,,,,,,,,,,,,,,,,,,,,,,,,,,,,,,,,,,,,,,,,,,,,,,,,,,,,,,,,,,,,,,,,,,,,,,,,,,,,,,,,,,,,,,,,,,,,,,,,,,,,,,,,,,,,,,,,,,,,,,,,,,,,,,,,,,,,,,,,,,,,,,,,,,,,,,
,,,,,,,,,,, ,,,,,,,,,,,,,,,,,,,,,,,,,,,,,,,,,,,,,,,,,,,,,,,,,,,,,,,,,,,,,,,,,,,,,,,,,,,,,,,,,,,,,,,,,,,,,,,,,,,,,,,,,,,,,,,,,,,,,,,,,,,,,,,,,,,,,,,,,,,,